game_id,date,season,game_type,home_team,home_score,away_team,away_score
2015020001,2015-10-07,20152016,2,TOR,1,MTL,3
2015020002,2015-10-07,20152016,2,CHI,2,NYR,3
2015020003,2015-10-07,20152016,2,CGY,1,VAN,5
2015020004,2015-10-07,20152016,2,LAK,1,SJS,5
2015020005,2015-10-08,20152016,2,BOS,2,WPG,6
2015020006,2015-10-08,20152016,2,BUF,1,OTT,3
2015020007,2015-10-08,20152016,2,TBL,3,PHI,2
2015020008,2015-10-08,20152016,2,STL,3,EDM,1
2015020009,2015-10-08,20152016,2,NSH,2,CAR,1
2015020010,2015-10-08,20152016,2,DAL,3,PIT,0
2015020011,2015-10-08,20152016,2,COL,4,MIN,5
2015020012,2015-10-09,20152016,2,NJD,1,WPG,3
2015020013,2015-10-09,20152016,2,CBJ,2,NYR,4
2015020014,2015-10-09,20152016,2,DET,4,TOR,0
2015020015,2015-10-09,20152016,2,NYI,2,CHI,3
2015020016,2015-10-09,20152016,2,LAK,1,ARI,4
2015020017,2015-10-10,20152016,2,BUF,1,TBL,4
2015020018,2015-10-10,20152016,2,BOS,2,MTL,4
2015020019,2015-10-10,20152016,2,TOR,4,OTT,5
2015020020,2015-10-10,20152016,2,FLA,7,PHI,1
2015020021,2015-10-10,20152016,2,NYR,5,CBJ,2
2015020022,2015-10-10,20152016,2,WSH,5,NJD,3
2015020023,2015-10-10,20152016,2,CAR,3,DET,4
2015020024,2015-10-10,20152016,2,NSH,2,EDM,0
2015020025,2015-10-10,20152016,2,MIN,3,STL,2
2015020026,2015-10-10,20152016,2,CHI,4,NYI,1
2015020027,2015-10-10,20152016,2,COL,6,DAL,3
2015020028,2015-10-10,20152016,2,VAN,2,CGY,3
2015020029,2015-10-10,20152016,2,ARI,2,PIT,1
2015020030,2015-10-10,20152016,2,SJS,2,ANA,0
2015020031,2015-10-11,20152016,2,OTT,1,MTL,3
2015020032,2015-10-12,20152016,2,BOS,3,TBL,6
2015020033,2015-10-12,20152016,2,NYI,4,WPG,2
2015020034,2015-10-12,20152016,2,BUF,4,CBJ,2
2015020035,2015-10-12,20152016,2,PHI,1,FLA,0
2015020036,2015-10-12,20152016,2,ANA,1,VAN,2
2015020037,2015-10-13,20152016,2,NJD,1,NSH,3
2015020038,2015-10-13,20152016,2,NYR,1,WPG,4
2015020039,2015-10-13,20152016,2,PIT,2,MTL,3
2015020040,2015-10-13,20152016,2,WSH,0,SJS,5
2015020041,2015-10-13,20152016,2,CAR,1,FLA,4
2015020042,2015-10-13,20152016,2,DET,3,TBL,1
2015020043,2015-10-13,20152016,2,DAL,4,EDM,2
2015020044,2015-10-13,20152016,2,CGY,3,STL,4
2015020045,2015-10-13,20152016,2,LAK,0,VAN,3
2015020046,2015-10-14,20152016,2,CBJ,3,OTT,7
2015020047,2015-10-14,20152016,2,PHI,3,CHI,0
2015020048,2015-10-14,20152016,2,COL,2,BOS,6
2015020049,2015-10-14,20152016,2,ANA,0,ARI,4
2015020050,2015-10-15,20152016,2,NYI,4,NSH,3
2015020051,2015-10-15,20152016,2,PIT,2,OTT,0
2015020052,2015-10-15,20152016,2,WSH,4,CHI,1
2015020053,2015-10-15,20152016,2,MTL,3,NYR,0
2015020054,2015-10-15,20152016,2,TBL,3,DAL,5
2015020055,2015-10-15,20152016,2,FLA,3,BUF,2
2015020056,2015-10-15,20152016,2,EDM,2,STL,4
2015020057,2015-10-15,20152016,2,ARI,3,MIN,4
2015020058,2015-10-16,20152016,2,NJD,1,SJS,2
2015020059,2015-10-16,20152016,2,CBJ,3,TOR,6
2015020060,2015-10-16,20152016,2,DET,3,CAR,5
2015020061,2015-10-16,20152016,2,WPG,3,CGY,1
2015020062,2015-10-16,20152016,2,VAN,3,STL,4
2015020063,2015-10-16,20152016,2,ANA,0,COL,3
2015020064,2015-10-16,20152016,2,LAK,2,MIN,1
2015020065,2015-10-17,20152016,2,MTL,4,DET,1
2015020066,2015-10-17,20152016,2,OTT,3,NSH,4
2015020067,2015-10-17,20152016,2,TBL,2,BUF,1
2015020068,2015-10-17,20152016,2,FLA,2,DAL,4
2015020069,2015-10-17,20152016,2,PIT,2,TOR,1
2015020070,2015-10-17,20152016,2,WSH,4,CAR,1
2015020071,2015-10-17,20152016,2,NYI,6,SJS,3
2015020072,2015-10-17,20152016,2,CHI,4,CBJ,1
2015020073,2015-10-17,20152016,2,CGY,2,EDM,5
2015020074,2015-10-17,20152016,2,ARI,3,BOS,5
2015020075,2015-10-18,20152016,2,NYR,1,NJD,2
2015020076,2015-10-18,20152016,2,WPG,2,STL,4
2015020077,2015-10-18,20152016,2,ANA,4,MIN,1
2015020078,2015-10-18,20152016,2,VAN,1,EDM,2
2015020079,2015-10-18,20152016,2,LAK,2,COL,1
2015020080,2015-10-19,20152016,2,NYR,4,SJS,0
2015020081,2015-10-20,20152016,2,NJD,3,ARI,2
2015020082,2015-10-20,20152016,2,PHI,1,DAL,2
2015020083,2015-10-20,20152016,2,PIT,3,FLA,2
2015020084,2015-10-20,20152016,2,CBJ,0,NYI,4
2015020085,2015-10-20,20152016,2,MTL,3,STL,0
2015020086,2015-10-20,20152016,2,NSH,5,TBL,4
2015020087,2015-10-20,20152016,2,CGY,2,WSH,6
2015020088,2015-10-21,20152016,2,BUF,2,TOR,1
2015020089,2015-10-21,20152016,2,BOS,4,PHI,5
2015020090,2015-10-21,20152016,2,EDM,3,DET,1
2015020091,2015-10-21,20152016,2,COL,0,CAR,1
2015020092,2015-10-22,20152016,2,NYR,4,ARI,1
2015020093,2015-10-22,20152016,2,PIT,1,DAL,4
2015020094,2015-10-22,20152016,2,OTT,4,NJD,5
2015020095,2015-10-22,20152016,2,NSH,5,ANA,1
2015020096,2015-10-22,20152016,2,MIN,3,CBJ,2
2015020097,2015-10-22,20152016,2,CHI,3,FLA,2
2015020098,2015-10-22,20152016,2,VAN,2,WSH,3
2015020099,2015-10-22,20152016,2,SJS,1,LAK,4
2015020100,2015-10-23,20152016,2,BUF,2,MTL,7
2015020101,2015-10-23,20152016,2,NYI,3,BOS,5
2015020102,2015-10-23,20152016,2,WPG,3,TBL,4
2015020103,2015-10-23,20152016,2,CGY,3,DET,2
2015020104,2015-10-23,20152016,2,EDM,4,WSH,7
2015020105,2015-10-23,20152016,2,LAK,3,CAR,0
2015020106,2015-10-24,20152016,2,MIN,3,ANA,0
2015020107,2015-10-24,20152016,2,BUF,3,NJD,4
2015020108,2015-10-24,20152016,2,MTL,5,TOR,3
2015020109,2015-10-24,20152016,2,OTT,1,ARI,4
2015020110,2015-10-24,20152016,2,PHI,3,NYR,2
2015020111,2015-10-24,20152016,2,STL,2,NYI,3
2015020112,2015-10-24,20152016,2,NSH,1,PIT,2
2015020113,2015-10-24,20152016,2,DAL,2,FLA,6
2015020114,2015-10-24,20152016,2,CHI,1,TBL,0
2015020115,2015-10-24,20152016,2,COL,3,CBJ,4
2015020116,2015-10-24,20152016,2,VAN,2,DET,3
2015020117,2015-10-24,20152016,2,SJS,5,CAR,2
2015020118,2015-10-25,20152016,2,WPG,5,MIN,4
2015020119,2015-10-25,20152016,2,NYR,4,CGY,1
2015020120,2015-10-25,20152016,2,EDM,2,LAK,3
2015020121,2015-10-26,20152016,2,NYI,4,CGY,0
2015020122,2015-10-26,20152016,2,TOR,3,ARI,4
2015020123,2015-10-26,20152016,2,CHI,1,ANA,0
2015020124,2015-10-27,20152016,2,BOS,6,ARI,0
2015020125,2015-10-27,20152016,2,NJD,1,CBJ,3
2015020126,2015-10-27,20152016,2,PHI,3,BUF,4
2015020127,2015-10-27,20152016,2,DET,1,CAR,3
2015020128,2015-10-27,20152016,2,FLA,4,COL,1
2015020129,2015-10-27,20152016,2,STL,2,TBL,0
2015020130,2015-10-27,20152016,2,MIN,4,EDM,3
2015020131,2015-10-27,20152016,2,WPG,1,LAK,4
2015020132,2015-10-27,20152016,2,DAL,4,ANA,3
2015020133,2015-10-27,20152016,2,VAN,5,MTL,1
2015020134,2015-10-28,20152016,2,OTT,5,CGY,4
2015020135,2015-10-28,20152016,2,WSH,1,PIT,3
2015020136,2015-10-28,20152016,2,SJS,1,NSH,2
2015020137,2015-10-29,20152016,2,NYI,2,CAR,3
2015020138,2015-10-29,20152016,2,PHI,1,NJD,4
2015020139,2015-10-29,20152016,2,PIT,4,BUF,3
2015020140,2015-10-29,20152016,2,TBL,1,COL,2
2015020141,2015-10-29,20152016,2,STL,2,ANA,1
2015020142,2015-10-29,20152016,2,WPG,3,CHI,1
2015020143,2015-10-29,20152016,2,DAL,4,VAN,3
2015020144,2015-10-29,20152016,2,EDM,4,MTL,3
2015020145,2015-10-30,20152016,2,BUF,3,PHI,1
2015020146,2015-10-30,20152016,2,NYR,3,TOR,1
2015020147,2015-10-30,20152016,2,WSH,2,CBJ,1
2015020148,2015-10-30,20152016,2,CAR,3,COL,2
2015020149,2015-10-30,20152016,2,DET,1,OTT,3
2015020150,2015-10-30,20152016,2,FLA,1,BOS,3
2015020151,2015-10-30,20152016,2,MIN,5,CHI,4
2015020152,2015-10-30,20152016,2,CGY,2,MTL,6
2015020153,2015-10-30,20152016,2,ARI,3,VAN,4
2015020154,2015-10-31,20152016,2,NJD,3,NYI,2
2015020155,2015-10-31,20152016,2,DAL,5,SJS,3
2015020156,2015-10-31,20152016,2,LAK,4,NSH,3
2015020157,2015-10-31,20152016,2,TOR,0,PIT,4
2015020158,2015-10-31,20152016,2,OTT,3,DET,5
2015020159,2015-10-31,20152016,2,TBL,1,BOS,3
2015020160,2015-10-31,20152016,2,FLA,1,WSH,2
2015020161,2015-10-31,20152016,2,CBJ,2,WPG,3
2015020162,2015-10-31,20152016,2,STL,3,MIN,2
2015020163,2015-10-31,20152016,2,EDM,4,CGY,5
2015020164,2015-11-01,20152016,2,COL,3,SJS,4
2015020165,2015-11-01,20152016,2,CAR,3,TBL,4
2015020166,2015-11-01,20152016,2,MTL,5,WPG,1
2015020167,2015-11-01,20152016,2,NYI,1,BUF,2
2015020168,2015-11-01,20152016,2,ANA,4,NSH,2
2015020169,2015-11-02,20152016,2,TOR,4,DAL,1
2015020170,2015-11-02,20152016,2,CHI,4,LAK,2
2015020171,2015-11-02,20152016,2,VAN,4,PHI,1
2015020172,2015-11-03,20152016,2,BOS,3,DAL,5
2015020173,2015-11-03,20152016,2,NYI,2,NJD,1
2015020174,2015-11-03,20152016,2,NYR,5,WSH,2
2015020175,2015-11-03,20152016,2,MTL,1,OTT,2
2015020176,2015-11-03,20152016,2,DET,2,TBL,1
2015020177,2015-11-03,20152016,2,STL,0,LAK,3
2015020178,2015-11-03,20152016,2,COL,6,CGY,3
2015020179,2015-11-03,20152016,2,EDM,4,PHI,2
2015020180,2015-11-03,20152016,2,SJS,2,CBJ,5
2015020181,2015-11-04,20152016,2,TOR,2,WPG,4
2015020182,2015-11-04,20152016,2,CHI,5,STL,6
2015020183,2015-11-04,20152016,2,VAN,2,PIT,3
2015020184,2015-11-04,20152016,2,ANA,3,FLA,2
2015020185,2015-11-05,20152016,2,BUF,1,TBL,4
2015020186,2015-11-05,20152016,2,WSH,4,BOS,1
2015020187,2015-11-05,20152016,2,MTL,4,NYI,1
2015020188,2015-11-05,20152016,2,OTT,3,WPG,2
2015020189,2015-11-05,20152016,2,MIN,2,NSH,3
2015020190,2015-11-05,20152016,2,CGY,2,PHI,1
2015020191,2015-11-05,20152016,2,ARI,4,COL,2
2015020192,2015-11-05,20152016,2,LAK,2,CBJ,3
2015020193,2015-11-05,20152016,2,SJS,5,FLA,2
2015020194,2015-11-06,20152016,2,TOR,1,DET,2
2015020195,2015-11-06,20152016,2,NJD,4,CHI,2
2015020196,2015-11-06,20152016,2,CAR,1,DAL,4
2015020197,2015-11-06,20152016,2,COL,1,NYR,2
2015020198,2015-11-06,20152016,2,EDM,1,PIT,2
2015020199,2015-11-06,20152016,2,ANA,4,CBJ,2
2015020200,2015-11-07,20152016,2,BUF,3,VAN,2
2015020201,2015-11-07,20152016,2,LAK,4,FLA,1
2015020202,2015-11-07,20152016,2,MTL,4,BOS,2
2015020203,2015-11-07,20152016,2,WSH,3,TOR,2
2015020204,2015-11-07,20152016,2,CAR,3,OTT,2
2015020205,2015-11-07,20152016,2,WPG,0,PHI,3
2015020206,2015-11-07,20152016,2,NSH,0,STL,4
2015020207,2015-11-07,20152016,2,MIN,1,TBL,0
2015020208,2015-11-07,20152016,2,ARI,1,NYR,4
2015020209,2015-11-07,20152016,2,CGY,5,PIT,2
2015020210,2015-11-07,20152016,2,SJS,0,ANA,1
2015020211,2015-11-08,20152016,2,DET,1,DAL,4
2015020212,2015-11-08,20152016,2,NJD,4,VAN,3
2015020213,2015-11-08,20152016,2,NYI,1,BOS,2
2015020214,2015-11-08,20152016,2,CHI,4,EDM,2
2015020215,2015-11-09,20152016,2,ANA,3,ARI,4
2015020216,2015-11-10,20152016,2,NJD,0,STL,2
2015020217,2015-11-10,20152016,2,NYR,3,CAR,0
2015020218,2015-11-10,20152016,2,PHI,0,COL,4
2015020219,2015-11-10,20152016,2,CBJ,3,VAN,5
2015020220,2015-11-10,20152016,2,DET,1,WSH,0
2015020221,2015-11-10,20152016,2,TBL,1,BUF,4
2015020222,2015-11-10,20152016,2,FLA,4,CGY,3
2015020223,2015-11-10,20152016,2,NSH,7,OTT,5
2015020224,2015-11-10,20152016,2,MIN,5,WPG,3
2015020225,2015-11-10,20152016,2,DAL,2,TOR,3
2015020226,2015-11-10,20152016,2,LAK,2,ARI,3
2015020227,2015-11-10,20152016,2,SJS,2,NYI,4
2015020228,2015-11-11,20152016,2,PIT,4,MTL,3
2015020229,2015-11-11,20152016,2,ANA,3,EDM,4
2015020230,2015-11-12,20152016,2,BOS,2,COL,3
2015020231,2015-11-12,20152016,2,NYR,6,STL,3
2015020232,2015-11-12,20152016,2,PHI,2,WSH,5
2015020233,2015-11-12,20152016,2,CAR,2,MIN,3
2015020234,2015-11-12,20152016,2,OTT,3,VAN,2
2015020235,2015-11-12,20152016,2,TBL,3,CGY,1
2015020236,2015-11-12,20152016,2,FLA,2,BUF,3
2015020237,2015-11-12,20152016,2,NSH,1,TOR,2
2015020238,2015-11-12,20152016,2,CHI,2,NJD,3
2015020239,2015-11-12,20152016,2,DAL,6,WPG,3
2015020240,2015-11-12,20152016,2,ARI,4,EDM,1
2015020241,2015-11-12,20152016,2,LAK,2,NYI,1
2015020242,2015-11-13,20152016,2,PIT,1,CBJ,2
2015020243,2015-11-13,20152016,2,WSH,2,CGY,3
2015020244,2015-11-13,20152016,2,DET,2,SJS,3
2015020245,2015-11-13,20152016,2,ANA,1,NYI,4
2015020246,2015-11-14,20152016,2,OTT,1,NYR,2
2015020247,2015-11-14,20152016,2,BOS,3,DET,1
2015020248,2015-11-14,20152016,2,BUF,1,SJS,2
2015020249,2015-11-14,20152016,2,TOR,4,VAN,2
2015020250,2015-11-14,20152016,2,MTL,1,COL,6
2015020251,2015-11-14,20152016,2,TBL,4,FLA,5
2015020252,2015-11-14,20152016,2,NJD,4,PIT,0
2015020253,2015-11-14,20152016,2,CAR,2,PHI,3
2015020254,2015-11-14,20152016,2,CBJ,5,ARI,2
2015020255,2015-11-14,20152016,2,NSH,7,WPG,0
2015020256,2015-11-14,20152016,2,STL,2,CHI,4
2015020257,2015-11-14,20152016,2,DAL,3,MIN,2
2015020258,2015-11-14,20152016,2,LAK,4,EDM,3
2015020259,2015-11-15,20152016,2,NYR,4,TOR,3
2015020260,2015-11-15,20152016,2,CHI,4,CGY,1
2015020261,2015-11-16,20152016,2,NYI,5,ARI,2
2015020262,2015-11-16,20152016,2,CAR,1,ANA,4
2015020263,2015-11-16,20152016,2,MTL,4,VAN,3
2015020264,2015-11-16,20152016,2,OTT,3,DET,4
2015020265,2015-11-16,20152016,2,FLA,1,TBL,0
2015020266,2015-11-16,20152016,2,STL,3,WPG,2
2015020267,2015-11-17,20152016,2,BOS,4,SJS,5
2015020268,2015-11-17,20152016,2,BUF,1,DAL,3
2015020269,2015-11-17,20152016,2,PHI,2,LAK,3
2015020270,2015-11-17,20152016,2,PIT,4,MIN,3
2015020271,2015-11-17,20152016,2,CBJ,3,STL,1
2015020272,2015-11-17,20152016,2,TOR,5,COL,1
2015020273,2015-11-17,20152016,2,NSH,3,ANA,2
2015020274,2015-11-17,20152016,2,CGY,3,NJD,2
2015020275,2015-11-18,20152016,2,WPG,4,VAN,1
2015020276,2015-11-18,20152016,2,DET,1,WSH,2
2015020277,2015-11-18,20152016,2,EDM,3,CHI,4
2015020278,2015-11-19,20152016,2,BOS,4,MIN,2
2015020279,2015-11-19,20152016,2,PHI,0,SJS,1
2015020280,2015-11-19,20152016,2,PIT,4,COL,3
2015020281,2015-11-19,20152016,2,WSH,2,DAL,3
2015020282,2015-11-19,20152016,2,MTL,2,ARI,3
2015020283,2015-11-19,20152016,2,OTT,3,CBJ,0
2015020284,2015-11-19,20152016,2,TBL,2,NYR,1
2015020285,2015-11-19,20152016,2,FLA,1,ANA,3
2015020286,2015-11-19,20152016,2,STL,3,BUF,2
2015020287,2015-11-20,20152016,2,CAR,1,TOR,2
2015020288,2015-11-20,20152016,2,CBJ,4,NSH,0
2015020289,2015-11-20,20152016,2,DET,3,LAK,2
2015020290,2015-11-20,20152016,2,NYI,3,MTL,5
2015020291,2015-11-20,20152016,2,CGY,2,CHI,1
2015020292,2015-11-20,20152016,2,EDM,5,NJD,1
2015020293,2015-11-21,20152016,2,BOS,2,TOR,0
2015020294,2015-11-21,20152016,2,OTT,4,PHI,0
2015020295,2015-11-21,20152016,2,TBL,5,ANA,0
2015020296,2015-11-21,20152016,2,FLA,4,NYR,5
2015020297,2015-11-21,20152016,2,PIT,1,SJS,3
2015020298,2015-11-21,20152016,2,WSH,7,COL,3
2015020299,2015-11-21,20152016,2,WPG,3,ARI,2
2015020300,2015-11-21,20152016,2,STL,3,DET,4
2015020301,2015-11-21,20152016,2,DAL,3,BUF,0
2015020302,2015-11-21,20152016,2,MIN,4,NSH,0
2015020303,2015-11-21,20152016,2,VAN,6,CHI,3
2015020304,2015-11-22,20152016,2,CAR,4,LAK,3
2015020305,2015-11-22,20152016,2,CBJ,3,SJS,5
2015020306,2015-11-22,20152016,2,MTL,4,NYI,2
2015020307,2015-11-22,20152016,2,VAN,2,NJD,3
2015020308,2015-11-23,20152016,2,BUF,1,STL,2
2015020309,2015-11-23,20152016,2,NYR,3,NSH,0
2015020310,2015-11-23,20152016,2,PHI,3,CAR,2
2015020311,2015-11-23,20152016,2,WSH,1,EDM,0
2015020312,2015-11-23,20152016,2,TOR,3,BOS,4
2015020313,2015-11-23,20152016,2,FLA,1,LAK,3
2015020314,2015-11-23,20152016,2,WPG,1,COL,4
2015020315,2015-11-24,20152016,2,DAL,4,OTT,7
2015020316,2015-11-24,20152016,2,ANA,5,CGY,3
2015020317,2015-11-25,20152016,2,BUF,2,NSH,3
2015020318,2015-11-25,20152016,2,NJD,1,CBJ,2
2015020319,2015-11-25,20152016,2,NYI,3,PHI,1
2015020320,2015-11-25,20152016,2,NYR,1,MTL,5
2015020321,2015-11-25,20152016,2,PIT,4,STL,3
2015020322,2015-11-25,20152016,2,WSH,5,WPG,3
2015020323,2015-11-25,20152016,2,CAR,4,EDM,1
2015020324,2015-11-25,20152016,2,MIN,2,VAN,3
2015020325,2015-11-25,20152016,2,DET,2,BOS,3
2015020326,2015-11-25,20152016,2,TBL,2,LAK,1
2015020327,2015-11-25,20152016,2,ARI,4,ANA,2
2015020328,2015-11-25,20152016,2,COL,3,OTT,5
2015020329,2015-11-25,20152016,2,SJS,2,CHI,5
2015020330,2015-11-27,20152016,2,BOS,4,NYR,3
2015020331,2015-11-27,20152016,2,PHI,3,NSH,2
2015020332,2015-11-27,20152016,2,MIN,1,WPG,3
2015020333,2015-11-27,20152016,2,ANA,2,CHI,3
2015020334,2015-11-27,20152016,2,WSH,4,TBL,2
2015020335,2015-11-27,20152016,2,BUF,4,CAR,1
2015020336,2015-11-27,20152016,2,NJD,2,MTL,3
2015020337,2015-11-27,20152016,2,CBJ,2,PIT,1
2015020338,2015-11-27,20152016,2,DET,4,EDM,3
2015020339,2015-11-27,20152016,2,FLA,3,NYI,2
2015020340,2015-11-27,20152016,2,DAL,3,VAN,2
2015020341,2015-11-27,20152016,2,ARI,2,CGY,1
2015020342,2015-11-28,20152016,2,NYR,0,PHI,3
2015020343,2015-11-28,20152016,2,TOR,2,WSH,4
2015020344,2015-11-28,20152016,2,MTL,2,NJD,3
2015020345,2015-11-28,20152016,2,TBL,2,NYI,3
2015020346,2015-11-28,20152016,2,PIT,2,EDM,3
2015020347,2015-11-28,20152016,2,STL,3,CBJ,1
2015020348,2015-11-28,20152016,2,NSH,1,BUF,4
2015020349,2015-11-28,20152016,2,MIN,3,DAL,4
2015020350,2015-11-28,20152016,2,COL,5,WPG,3
2015020351,2015-11-28,20152016,2,ARI,4,OTT,3
2015020352,2015-11-28,20152016,2,SJS,5,CGY,2
2015020353,2015-11-28,20152016,2,LAK,3,CHI,2
2015020354,2015-11-29,20152016,2,DET,1,FLA,2
2015020355,2015-11-30,20152016,2,NYI,5,COL,3
2015020356,2015-11-30,20152016,2,NYR,4,CAR,3
2015020357,2015-11-30,20152016,2,TOR,3,EDM,0
2015020358,2015-11-30,20152016,2,ANA,4,VAN,0
2015020359,2015-12-01,20152016,2,NJD,1,COL,2
2015020360,2015-12-01,20152016,2,MTL,2,CBJ,1
2015020361,2015-12-01,20152016,2,OTT,2,PHI,4
2015020362,2015-12-01,20152016,2,DET,5,BUF,4
2015020363,2015-12-01,20152016,2,STL,1,FLA,3
2015020364,2015-12-01,20152016,2,NSH,5,ARI,2
2015020365,2015-12-01,20152016,2,CHI,1,MIN,2
2015020366,2015-12-01,20152016,2,CGY,4,DAL,3
2015020367,2015-12-01,20152016,2,LAK,2,VAN,1
2015020368,2015-12-01,20152016,2,SJS,1,PIT,5
2015020369,2015-12-02,20152016,2,WPG,6,TOR,1
2015020370,2015-12-02,20152016,2,NYI,2,NYR,1
2015020371,2015-12-02,20152016,2,EDM,3,BOS,2
2015020372,2015-12-02,20152016,2,ANA,1,TBL,2
2015020373,2015-12-03,20152016,2,NYR,1,COL,2
2015020374,2015-12-03,20152016,2,CAR,1,NJD,5
2015020375,2015-12-03,20152016,2,MTL,2,WSH,3
2015020376,2015-12-03,20152016,2,OTT,4,CHI,3
2015020377,2015-12-03,20152016,2,DET,5,ARI,1
2015020378,2015-12-03,20152016,2,NSH,1,FLA,2
2015020379,2015-12-03,20152016,2,MIN,1,TOR,0
2015020380,2015-12-03,20152016,2,VAN,2,DAL,4
2015020381,2015-12-04,20152016,2,BUF,5,ARI,2
2015020382,2015-12-04,20152016,2,NJD,3,PHI,4
2015020383,2015-12-04,20152016,2,CBJ,1,FLA,2
2015020384,2015-12-04,20152016,2,NYI,2,STL,1
2015020385,2015-12-04,20152016,2,CGY,5,BOS,4
2015020386,2015-12-04,20152016,2,EDM,2,DAL,1
2015020387,2015-12-04,20152016,2,ANA,1,SJS,0
2015020388,2015-12-05,20152016,2,WPG,2,WSH,1
2015020389,2015-12-05,20152016,2,LAK,5,PIT,3
2015020390,2015-12-05,20152016,2,OTT,3,NYI,2
2015020391,2015-12-05,20152016,2,DET,5,NSH,4
2015020392,2015-12-05,20152016,2,CAR,3,MTL,2
2015020393,2015-12-05,20152016,2,STL,1,TOR,4
2015020394,2015-12-05,20152016,2,PHI,1,CBJ,4
2015020395,2015-12-05,20152016,2,MIN,3,COL,0
2015020396,2015-12-05,20152016,2,VAN,0,BOS,4
2015020397,2015-12-05,20152016,2,SJS,3,TBL,4
2015020398,2015-12-06,20152016,2,CAR,5,ARI,4
2015020399,2015-12-06,20152016,2,CHI,3,WPG,1
2015020400,2015-12-06,20152016,2,NJD,4,FLA,2
2015020401,2015-12-06,20152016,2,NYR,4,OTT,1
2015020402,2015-12-06,20152016,2,EDM,4,BUF,2
2015020403,2015-12-06,20152016,2,ANA,2,PIT,1
2015020404,2015-12-06,20152016,2,LAK,3,TBL,1
2015020405,2015-12-07,20152016,2,BOS,2,NSH,3
2015020406,2015-12-07,20152016,2,COL,2,MIN,1
2015020407,2015-12-07,20152016,2,VAN,5,BUF,2
2015020408,2015-12-08,20152016,2,PHI,3,NYI,4
2015020409,2015-12-08,20152016,2,WSH,3,DET,2
2015020410,2015-12-08,20152016,2,CBJ,2,LAK,3
2015020411,2015-12-08,20152016,2,TOR,3,NJD,2
2015020412,2015-12-08,20152016,2,FLA,2,OTT,4
2015020413,2015-12-08,20152016,2,STL,4,ARI,1
2015020414,2015-12-08,20152016,2,CHI,4,NSH,1
2015020415,2015-12-08,20152016,2,DAL,6,CAR,5
2015020416,2015-12-08,20152016,2,CGY,4,SJS,2
2015020417,2015-12-09,20152016,2,MTL,1,BOS,3
2015020418,2015-12-09,20152016,2,COL,2,PIT,4
2015020419,2015-12-09,20152016,2,EDM,4,SJS,3
2015020420,2015-12-09,20152016,2,VAN,2,NYR,1
2015020421,2015-12-10,20152016,2,DET,3,MTL,2
2015020422,2015-12-10,20152016,2,TBL,4,OTT,1
2015020423,2015-12-10,20152016,2,FLA,4,WSH,1
2015020424,2015-12-10,20152016,2,STL,2,PHI,4
2015020425,2015-12-10,20152016,2,NSH,5,CHI,1
2015020426,2015-12-10,20152016,2,WPG,6,CBJ,4
2015020427,2015-12-10,20152016,2,CGY,4,BUF,3
2015020428,2015-12-11,20152016,2,NJD,3,DET,2
2015020429,2015-12-11,20152016,2,PIT,2,LAK,3
2015020430,2015-12-11,20152016,2,CHI,2,WPG,0
2015020431,2015-12-11,20152016,2,DAL,3,PHI,1
2015020432,2015-12-11,20152016,2,EDM,7,NYR,5
2015020433,2015-12-11,20152016,2,ARI,2,MIN,1
2015020434,2015-12-11,20152016,2,ANA,1,CAR,5
2015020435,2015-12-12,20152016,2,BOS,3,FLA,1
2015020436,2015-12-12,20152016,2,BUF,2,LAK,1
2015020437,2015-12-12,20152016,2,MTL,3,OTT,1
2015020438,2015-12-12,20152016,2,TBL,1,WSH,2
2015020439,2015-12-12,20152016,2,CBJ,2,NYI,3
2015020440,2015-12-12,20152016,2,STL,3,DAL,0
2015020441,2015-12-12,20152016,2,NSH,2,COL,3
2015020442,2015-12-12,20152016,2,ARI,4,CAR,5
2015020443,2015-12-12,20152016,2,CGY,5,NYR,4
2015020444,2015-12-12,20152016,2,SJS,0,MIN,2
2015020445,2015-12-13,20152016,2,NYI,4,NJD,0
2015020446,2015-12-13,20152016,2,STL,1,COL,3
2015020447,2015-12-13,20152016,2,CHI,4,VAN,0
2015020448,2015-12-14,20152016,2,BOS,2,EDM,3
2015020449,2015-12-14,20152016,2,PIT,1,WSH,4
2015020450,2015-12-14,20152016,2,CBJ,1,TBL,2
2015020451,2015-12-14,20152016,2,OTT,5,LAK,3
2015020452,2015-12-14,20152016,2,DET,1,BUF,2
2015020453,2015-12-15,20152016,2,BUF,0,NJD,2
2015020454,2015-12-15,20152016,2,NYI,1,FLA,5
2015020455,2015-12-15,20152016,2,NYR,4,EDM,2
2015020456,2015-12-15,20152016,2,PHI,4,CAR,3
2015020457,2015-12-15,20152016,2,TOR,4,TBL,5
2015020458,2015-12-15,20152016,2,MTL,1,SJS,3
2015020459,2015-12-15,20152016,2,NSH,1,CGY,2
2015020460,2015-12-15,20152016,2,MIN,6,VAN,2
2015020461,2015-12-15,20152016,2,WPG,3,STL,4
2015020462,2015-12-15,20152016,2,CHI,0,COL,3
2015020463,2015-12-15,20152016,2,DAL,5,CBJ,1
2015020464,2015-12-16,20152016,2,WSH,2,OTT,1
2015020465,2015-12-16,20152016,2,BOS,3,PIT,0
2015020466,2015-12-17,20152016,2,BUF,3,ANA,0
2015020467,2015-12-17,20152016,2,NJD,1,FLA,5
2015020468,2015-12-17,20152016,2,PHI,2,VAN,0
2015020469,2015-12-17,20152016,2,TOR,4,SJS,5
2015020470,2015-12-17,20152016,2,MTL,0,LAK,3
2015020471,2015-12-17,20152016,2,STL,2,NSH,1
2015020472,2015-12-17,20152016,2,MIN,5,NYR,2
2015020473,2015-12-17,20152016,2,CHI,4,EDM,0
2015020474,2015-12-17,20152016,2,DAL,1,CGY,3
2015020475,2015-12-17,20152016,2,COL,2,NYI,1
2015020476,2015-12-17,20152016,2,ARI,5,CBJ,7
2015020477,2015-12-18,20152016,2,PIT,2,BOS,6
2015020478,2015-12-18,20152016,2,WSH,5,TBL,3
2015020479,2015-12-18,20152016,2,CAR,0,FLA,2
2015020480,2015-12-18,20152016,2,OTT,4,SJS,2
2015020481,2015-12-18,20152016,2,DET,3,VAN,4
2015020482,2015-12-18,20152016,2,WPG,5,NYR,2
2015020483,2015-12-19,20152016,2,BUF,2,CHI,3
2015020484,2015-12-19,20152016,2,STL,3,CGY,2
2015020485,2015-12-19,20152016,2,TOR,5,LAK,0
2015020486,2015-12-19,20152016,2,NJD,1,ANA,2
2015020487,2015-12-19,20152016,2,PIT,1,CAR,2
2015020488,2015-12-19,20152016,2,CBJ,3,PHI,2
2015020489,2015-12-19,20152016,2,DAL,6,MTL,2
2015020490,2015-12-19,20152016,2,NSH,3,MIN,2
2015020491,2015-12-19,20152016,2,ARI,1,NYI,0
2015020492,2015-12-19,20152016,2,COL,5,EDM,1
2015020493,2015-12-20,20152016,2,FLA,5,VAN,4
2015020494,2015-12-20,20152016,2,BOS,2,NJD,1
2015020495,2015-12-20,20152016,2,TBL,5,OTT,2
2015020496,2015-12-20,20152016,2,DET,4,CGY,2
2015020497,2015-12-20,20152016,2,NYR,3,WSH,7
2015020498,2015-12-20,20152016,2,CHI,4,SJS,3
2015020499,2015-12-21,20152016,2,NYI,5,ANA,2
2015020500,2015-12-21,20152016,2,PHI,4,STL,3
2015020501,2015-12-21,20152016,2,PIT,5,CBJ,2
2015020502,2015-12-21,20152016,2,CAR,1,WSH,2
2015020503,2015-12-21,20152016,2,NSH,5,MTL,1
2015020504,2015-12-21,20152016,2,MIN,3,DAL,6
2015020505,2015-12-21,20152016,2,COL,4,TOR,7
2015020506,2015-12-21,20152016,2,EDM,3,WPG,1
2015020507,2015-12-22,20152016,2,BOS,0,STL,2
2015020508,2015-12-22,20152016,2,NYR,3,ANA,2
2015020509,2015-12-22,20152016,2,DET,3,NJD,4
2015020510,2015-12-22,20152016,2,TBL,1,VAN,2
2015020511,2015-12-22,20152016,2,FLA,2,OTT,1
2015020512,2015-12-22,20152016,2,MIN,2,MTL,1
2015020513,2015-12-22,20152016,2,DAL,4,CHI,0
2015020514,2015-12-22,20152016,2,CGY,4,WPG,1
2015020515,2015-12-22,20152016,2,ARI,3,TOR,2
2015020516,2015-12-22,20152016,2,LAK,3,SJS,5
2015020517,2015-12-26,20152016,2,BOS,3,BUF,6
2015020518,2015-12-26,20152016,2,TBL,5,CBJ,2
2015020519,2015-12-26,20152016,2,WSH,3,MTL,1
2015020520,2015-12-26,20152016,2,CAR,3,NJD,1
2015020521,2015-12-26,20152016,2,STL,3,DAL,2
2015020522,2015-12-26,20152016,2,NSH,2,DET,3
2015020523,2015-12-26,20152016,2,MIN,1,PIT,3
2015020524,2015-12-26,20152016,2,ARI,3,LAK,4
2015020525,2015-12-26,20152016,2,VAN,2,EDM,1
2015020526,2015-12-27,20152016,2,OTT,3,BOS,1
2015020527,2015-12-27,20152016,2,FLA,3,CBJ,2
2015020528,2015-12-27,20152016,2,NYI,1,TOR,3
2015020529,2015-12-27,20152016,2,DAL,3,STL,0
2015020530,2015-12-27,20152016,2,CHI,1,CAR,2
2015020531,2015-12-27,20152016,2,WPG,1,PIT,0
2015020532,2015-12-27,20152016,2,COL,1,ARI,2
2015020533,2015-12-27,20152016,2,ANA,4,PHI,2
2015020534,2015-12-27,20152016,2,CGY,5,EDM,3
2015020535,2015-12-28,20152016,2,BUF,0,WSH,2
2015020536,2015-12-28,20152016,2,TBL,3,MTL,4
2015020537,2015-12-28,20152016,2,NSH,5,NYR,3
2015020538,2015-12-28,20152016,2,MIN,3,DET,1
2015020539,2015-12-28,20152016,2,VAN,0,LAK,5
2015020540,2015-12-28,20152016,2,SJS,3,COL,6
2015020541,2015-12-29,20152016,2,BOS,7,OTT,3
2015020542,2015-12-29,20152016,2,TOR,3,NYI,6
2015020543,2015-12-29,20152016,2,NJD,3,CAR,2
2015020544,2015-12-29,20152016,2,CBJ,6,DAL,3
2015020545,2015-12-29,20152016,2,FLA,3,MTL,1
2015020546,2015-12-29,20152016,2,STL,4,NSH,3
2015020547,2015-12-29,20152016,2,WPG,4,DET,1
2015020548,2015-12-29,20152016,2,CGY,0,ANA,1
2015020549,2015-12-29,20152016,2,EDM,2,LAK,5
2015020550,2015-12-29,20152016,2,ARI,5,CHI,7
2015020551,2015-12-30,20152016,2,PIT,2,TOR,3
2015020552,2015-12-30,20152016,2,WSH,5,BUF,2
2015020553,2015-12-30,20152016,2,OTT,0,NJD,3
2015020554,2015-12-30,20152016,2,TBL,2,NYR,5
2015020555,2015-12-30,20152016,2,SJS,4,PHI,2
2015020556,2015-12-31,20152016,2,BUF,1,NYI,2
2015020557,2015-12-31,20152016,2,DET,2,PIT,5
2015020558,2015-12-31,20152016,2,CAR,4,WSH,2
2015020559,2015-12-31,20152016,2,STL,1,MIN,3
2015020560,2015-12-31,20152016,2,COL,3,CHI,4
2015020561,2015-12-31,20152016,2,DAL,5,NSH,1
2015020562,2015-12-31,20152016,2,CGY,1,LAK,4
2015020563,2015-12-31,20152016,2,EDM,0,ANA,1
2015020564,2015-12-31,20152016,2,ARI,4,WPG,2
2015020565,2016-01-01,20152016,2,BOS,1,MTL,5
2015020566,2016-01-01,20152016,2,VAN,2,ANA,1
2015020567,2016-01-02,20152016,2,BUF,3,DET,4
2015020568,2016-01-02,20152016,2,EDM,4,ARI,3
2015020569,2016-01-02,20152016,2,LAK,2,PHI,1
2015020570,2016-01-02,20152016,2,TOR,4,STL,1
2015020571,2016-01-02,20152016,2,TBL,3,MIN,2
2015020572,2016-01-02,20152016,2,FLA,3,NYR,0
2015020573,2016-01-02,20152016,2,NJD,3,DAL,2
2015020574,2016-01-02,20152016,2,PIT,5,NYI,2
2015020575,2016-01-02,20152016,2,CAR,1,NSH,2
2015020576,2016-01-02,20152016,2,CBJ,5,WSH,4
2015020577,2016-01-02,20152016,2,COL,0,CGY,4
2015020578,2016-01-02,20152016,2,SJS,1,WPG,4
2015020579,2016-01-03,20152016,2,NYI,6,DAL,5
2015020580,2016-01-03,20152016,2,FLA,2,MIN,1
2015020581,2016-01-03,20152016,2,CHI,3,OTT,0
2015020582,2016-01-03,20152016,2,ANA,4,WPG,1
2015020583,2016-01-04,20152016,2,NJD,0,DET,1
2015020584,2016-01-04,20152016,2,STL,2,OTT,3
2015020585,2016-01-04,20152016,2,COL,4,LAK,1
2015020586,2016-01-04,20152016,2,EDM,1,CAR,0
2015020587,2016-01-04,20152016,2,VAN,2,ARI,3
2015020588,2016-01-05,20152016,2,BOS,2,WSH,3
2015020589,2016-01-05,20152016,2,BUF,1,FLA,5
2015020590,2016-01-05,20152016,2,NYR,6,DAL,2
2015020591,2016-01-05,20152016,2,PHI,4,MTL,3
2015020592,2016-01-05,20152016,2,PIT,2,CHI,3
2015020593,2016-01-05,20152016,2,CBJ,2,MIN,4
2015020594,2016-01-05,20152016,2,NSH,1,WPG,4
2015020595,2016-01-05,20152016,2,CGY,3,TBL,1
2015020596,2016-01-06,20152016,2,MTL,2,NJD,1
2015020597,2016-01-06,20152016,2,CHI,3,PIT,1
2015020598,2016-01-06,20152016,2,COL,4,STL,3
2015020599,2016-01-06,20152016,2,VAN,3,CAR,2
2015020600,2016-01-06,20152016,2,ANA,0,TOR,4
2015020601,2016-01-07,20152016,2,NYI,1,WSH,4
2015020602,2016-01-07,20152016,2,OTT,2,FLA,3
2015020603,2016-01-07,20152016,2,MIN,3,PHI,4
2015020604,2016-01-07,20152016,2,DAL,2,WPG,1
2015020605,2016-01-07,20152016,2,CGY,1,ARI,2
2015020606,2016-01-07,20152016,2,LAK,2,TOR,1
2015020607,2016-01-07,20152016,2,SJS,1,DET,2
2015020608,2016-01-08,20152016,2,NJD,1,BOS,4
2015020609,2016-01-08,20152016,2,CAR,4,CBJ,1
2015020610,2016-01-08,20152016,2,CHI,3,BUF,1
2015020611,2016-01-08,20152016,2,COL,5,NSH,3
2015020612,2016-01-08,20152016,2,EDM,2,TBL,3
2015020613,2016-01-08,20152016,2,ANA,4,STL,3
2015020614,2016-01-09,20152016,2,NYR,3,WSH,4
2015020615,2016-01-09,20152016,2,PHI,4,NYI,0
2015020616,2016-01-09,20152016,2,MTL,1,PIT,3
2015020617,2016-01-09,20152016,2,OTT,2,BOS,1
2015020618,2016-01-09,20152016,2,CBJ,3,CAR,4
2015020619,2016-01-09,20152016,2,SJS,7,TOR,0
2015020620,2016-01-09,20152016,2,DAL,1,MIN,2
2015020621,2016-01-09,20152016,2,ARI,4,NSH,0
2015020622,2016-01-09,20152016,2,VAN,2,TBL,3
2015020623,2016-01-09,20152016,2,LAK,1,STL,2
2015020624,2016-01-10,20152016,2,WPG,2,BUF,4
2015020625,2016-01-10,20152016,2,WSH,7,OTT,1
2015020626,2016-01-10,20152016,2,CHI,6,COL,3
2015020627,2016-01-10,20152016,2,MIN,1,NJD,2
2015020628,2016-01-10,20152016,2,ANA,1,DET,2
2015020629,2016-01-10,20152016,2,EDM,1,FLA,2
2015020630,2016-01-11,20152016,2,NYR,2,BOS,1
2015020631,2016-01-11,20152016,2,CGY,4,SJS,5
2015020632,2016-01-11,20152016,2,VAN,3,FLA,2
2015020633,2016-01-11,20152016,2,LAK,4,DET,2
2015020634,2016-01-12,20152016,2,NYI,5,CBJ,2
2015020635,2016-01-12,20152016,2,CAR,3,PIT,2
2015020636,2016-01-12,20152016,2,STL,5,NJD,2
2015020637,2016-01-12,20152016,2,MIN,2,BUF,3
2015020638,2016-01-12,20152016,2,WPG,1,SJS,4
2015020639,2016-01-12,20152016,2,CHI,3,NSH,2
2015020640,2016-01-12,20152016,2,COL,0,TBL,4
2015020641,2016-01-12,20152016,2,ARI,4,EDM,3
2015020642,2016-01-13,20152016,2,TOR,1,CBJ,3
2015020643,2016-01-13,20152016,2,PHI,3,BOS,2
2015020644,2016-01-13,20152016,2,CGY,6,FLA,0
2015020645,2016-01-13,20152016,2,ANA,4,OTT,1
2015020646,2016-01-14,20152016,2,NYI,3,NYR,1
2015020647,2016-01-14,20152016,2,WSH,4,VAN,1
2015020648,2016-01-14,20152016,2,MTL,1,CHI,2
2015020649,2016-01-14,20152016,2,STL,1,CAR,4
2015020650,2016-01-14,20152016,2,WPG,5,NSH,4
2015020651,2016-01-14,20152016,2,COL,3,NJD,0
2015020652,2016-01-14,20152016,2,ARI,2,DET,3
2015020653,2016-01-14,20152016,2,SJS,2,EDM,1
2015020654,2016-01-15,20152016,2,BUF,1,BOS,4
2015020655,2016-01-15,20152016,2,TOR,1,CHI,4
2015020656,2016-01-15,20152016,2,CAR,2,VAN,3
2015020657,2016-01-15,20152016,2,TBL,5,PIT,4
2015020658,2016-01-15,20152016,2,MIN,0,WPG,1
2015020659,2016-01-15,20152016,2,ANA,4,DAL,2
2015020660,2016-01-16,20152016,2,PHI,2,NYR,3
2015020661,2016-01-16,20152016,2,LAK,3,OTT,5
2015020662,2016-01-16,20152016,2,BOS,3,TOR,2
2015020663,2016-01-16,20152016,2,BUF,4,WSH,1
2015020664,2016-01-16,20152016,2,CBJ,2,COL,1
2015020665,2016-01-16,20152016,2,STL,4,MTL,3
2015020666,2016-01-16,20152016,2,NSH,3,MIN,0
2015020667,2016-01-16,20152016,2,ARI,0,NJD,2
2015020668,2016-01-16,20152016,2,EDM,2,CGY,1
2015020669,2016-01-16,20152016,2,SJS,4,DAL,3
2015020670,2016-01-17,20152016,2,PIT,5,CAR,0
2015020671,2016-01-17,20152016,2,NYI,1,VAN,2
2015020672,2016-01-17,20152016,2,TBL,3,FLA,1
2015020673,2016-01-17,20152016,2,WSH,5,NYR,2
2015020674,2016-01-17,20152016,2,CHI,5,MTL,2
2015020675,2016-01-17,20152016,2,DET,1,PHI,2
2015020676,2016-01-17,20152016,2,ANA,2,LAK,3
2015020677,2016-01-18,20152016,2,FLA,2,EDM,4
2015020678,2016-01-18,20152016,2,STL,5,PIT,2
2015020679,2016-01-18,20152016,2,WPG,1,COL,2
2015020680,2016-01-18,20152016,2,ARI,1,BUF,2
2015020681,2016-01-18,20152016,2,SJS,3,OTT,4
2015020682,2016-01-19,20152016,2,NJD,4,CGY,2
2015020683,2016-01-19,20152016,2,NYR,3,VAN,2
2015020684,2016-01-19,20152016,2,PHI,2,TOR,3
2015020685,2016-01-19,20152016,2,CBJ,3,WSH,6
2015020686,2016-01-19,20152016,2,MTL,1,BOS,4
2015020687,2016-01-19,20152016,2,TBL,6,EDM,4
2015020688,2016-01-19,20152016,2,NSH,1,CHI,4
2015020689,2016-01-19,20152016,2,LAK,3,DAL,2
2015020690,2016-01-20,20152016,2,DET,1,STL,2
2015020691,2016-01-20,20152016,2,COL,2,BUF,1
2015020692,2016-01-20,20152016,2,ANA,3,MIN,1
2015020693,2016-01-21,20152016,2,BOS,2,VAN,4
2015020694,2016-01-21,20152016,2,NJD,6,OTT,3
2015020695,2016-01-21,20152016,2,PIT,4,PHI,3
2015020696,2016-01-21,20152016,2,CBJ,2,CGY,4
2015020697,2016-01-21,20152016,2,TOR,0,CAR,1
2015020698,2016-01-21,20152016,2,TBL,2,CHI,1
2015020699,2016-01-21,20152016,2,WPG,1,NSH,4
2015020700,2016-01-21,20152016,2,DAL,3,EDM,2
2015020701,2016-01-21,20152016,2,ARI,1,SJS,3
2015020702,2016-01-21,20152016,2,LAK,0,MIN,3
2015020703,2016-01-22,20152016,2,BUF,0,DET,3
2015020705,2016-01-22,20152016,2,CAR,1,NYR,4
2015020706,2016-01-22,20152016,2,OTT,2,NYI,5
2015020707,2016-01-22,20152016,2,FLA,4,CHI,0
2015020708,2016-01-22,20152016,2,COL,2,STL,1
2015020709,2016-01-23,20152016,2,PIT,5,VAN,4
2015020710,2016-01-23,20152016,2,SJS,4,MIN,3
2015020711,2016-01-23,20152016,2,BOS,3,CBJ,2
2015020712,2016-01-23,20152016,2,TOR,2,MTL,3
2015020713,2016-01-23,20152016,2,DET,3,ANA,4
2015020714,2016-01-23,20152016,2,FLA,5,TBL,2
2015020715,2016-01-23,20152016,2,WPG,1,NJD,3
2015020717,2016-01-23,20152016,2,DAL,1,COL,3
2015020718,2016-01-23,20152016,2,ARI,3,LAK,2
2015020719,2016-01-23,20152016,2,EDM,1,NSH,4
2015020721,2016-01-24,20152016,2,OTT,3,NYR,0
2015020722,2016-01-24,20152016,2,CAR,5,CGY,2
2015020723,2016-01-24,20152016,2,CHI,2,STL,0
2015020724,2016-01-24,20152016,2,SJS,2,LAK,3
2015020725,2016-01-25,20152016,2,NYI,2,DET,4
2015020726,2016-01-25,20152016,2,NYR,6,BUF,3
2015020727,2016-01-25,20152016,2,PHI,2,BOS,3
2015020728,2016-01-25,20152016,2,CBJ,5,MTL,2
2015020729,2016-01-25,20152016,2,DAL,2,CGY,1
2015020730,2016-01-25,20152016,2,MIN,1,ARI,2
2015020731,2016-01-26,20152016,2,BOS,2,ANA,6
2015020732,2016-01-26,20152016,2,PIT,2,NJD,0
2015020733,2016-01-26,20152016,2,CAR,5,CHI,0
2015020734,2016-01-26,20152016,2,MTL,2,CBJ,5
2015020735,2016-01-26,20152016,2,OTT,2,BUF,3
2015020736,2016-01-26,20152016,2,FLA,5,TOR,1
2015020737,2016-01-26,20152016,2,WPG,5,ARI,2
2015020738,2016-01-26,20152016,2,VAN,1,NSH,2
2015020739,2016-01-26,20152016,2,SJS,6,COL,1
2015020740,2016-01-27,20152016,2,TBL,1,TOR,0
2015020741,2016-01-27,20152016,2,WSH,3,PHI,4
2015020742,2016-01-27,20152016,2,CGY,1,NSH,2
2015020743,2016-01-27,20152016,2,LAK,3,COL,4
2015020744,2016-02-02,20152016,2,BOS,3,TOR,4
2015020745,2016-02-02,20152016,2,NJD,3,NYR,2
2015020746,2016-02-02,20152016,2,NYI,5,MIN,3
2015020747,2016-02-02,20152016,2,PHI,4,MTL,2
2015020748,2016-02-02,20152016,2,PIT,6,OTT,5
2015020749,2016-02-02,20152016,2,WSH,2,FLA,5
2015020750,2016-02-02,20152016,2,NSH,0,STL,1
2015020751,2016-02-02,20152016,2,WPG,3,DAL,5
2015020752,2016-02-02,20152016,2,COL,1,CHI,2
2015020753,2016-02-02,20152016,2,EDM,5,CBJ,1
2015020754,2016-02-02,20152016,2,ARI,2,LAK,6
2015020755,2016-02-02,20152016,2,ANA,3,SJS,2
2015020756,2016-02-03,20152016,2,MTL,2,BUF,4
2015020757,2016-02-03,20152016,2,TBL,3,DET,1
2015020758,2016-02-03,20152016,2,CGY,4,CAR,1
2015020759,2016-02-04,20152016,2,BUF,2,BOS,3
2015020760,2016-02-04,20152016,2,NYR,4,MIN,2
2015020761,2016-02-04,20152016,2,WSH,3,NYI,2
2015020762,2016-02-04,20152016,2,TOR,3,NJD,2
2015020763,2016-02-04,20152016,2,OTT,2,EDM,7
2015020764,2016-02-04,20152016,2,FLA,6,DET,3
2015020765,2016-02-04,20152016,2,STL,1,SJS,3
2015020766,2016-02-04,20152016,2,NSH,3,PHI,6
2015020767,2016-02-04,20152016,2,COL,3,DAL,4
2015020768,2016-02-04,20152016,2,ARI,4,CHI,5
2015020769,2016-02-04,20152016,2,VAN,1,CBJ,2
2015020770,2016-02-04,20152016,2,LAK,2,ANA,4
2015020771,2016-02-05,20152016,2,TBL,6,PIT,3
2015020772,2016-02-05,20152016,2,WPG,3,CAR,5
2015020773,2016-02-05,20152016,2,CGY,1,CBJ,2
2015020774,2016-02-05,20152016,2,ANA,5,ARI,2
2015020775,2016-02-06,20152016,2,NJD,2,WSH,3
2015020776,2016-02-06,20152016,2,PHI,2,NYR,3
2015020777,2016-02-06,20152016,2,MTL,5,EDM,1
2015020778,2016-02-06,20152016,2,DET,5,NYI,1
2015020779,2016-02-06,20152016,2,BOS,2,BUF,1
2015020780,2016-02-06,20152016,2,OTT,6,TOR,1
2015020781,2016-02-06,20152016,2,FLA,2,PIT,3
2015020782,2016-02-06,20152016,2,STL,4,MIN,1
2015020783,2016-02-06,20152016,2,NSH,6,SJS,2
2015020784,2016-02-06,20152016,2,DAL,1,CHI,5
2015020785,2016-02-06,20152016,2,COL,2,WPG,4
2015020786,2016-02-06,20152016,2,VAN,1,CGY,4
2015020787,2016-02-07,20152016,2,WSH,3,PHI,2
2015020788,2016-02-07,20152016,2,MTL,2,CAR,1
2015020789,2016-02-07,20152016,2,NYI,8,EDM,1
2015020790,2016-02-08,20152016,2,NYR,2,NJD,1
2015020791,2016-02-08,20152016,2,PIT,6,ANA,2
2015020792,2016-02-08,20152016,2,OTT,5,TBL,1
2015020793,2016-02-08,20152016,2,DET,3,FLA,0
2015020794,2016-02-09,20152016,2,BOS,2,LAK,9
2015020795,2016-02-09,20152016,2,BUF,4,FLA,7
2015020796,2016-02-09,20152016,2,NJD,2,EDM,1
2015020797,2016-02-09,20152016,2,PHI,1,ANA,4
2015020798,2016-02-09,20152016,2,CBJ,2,NYI,3
2015020799,2016-02-09,20152016,2,MTL,4,TBL,2
2015020800,2016-02-09,20152016,2,STL,1,WPG,2
2015020801,2016-02-09,20152016,2,NSH,3,WSH,5
2015020802,2016-02-09,20152016,2,MIN,3,DAL,4
2015020803,2016-02-09,20152016,2,CHI,0,SJS,2
2015020804,2016-02-09,20152016,2,COL,1,VAN,3
2015020805,2016-02-09,20152016,2,CGY,4,TOR,3
2015020806,2016-02-10,20152016,2,DET,3,OTT,1
2015020807,2016-02-10,20152016,2,PIT,0,NYR,3
2015020808,2016-02-10,20152016,2,ARI,1,VAN,2
2015020809,2016-02-11,20152016,2,NYI,5,LAK,2
2015020810,2016-02-11,20152016,2,PHI,5,BUF,1
2015020811,2016-02-11,20152016,2,CBJ,4,ANA,3
2015020812,2016-02-11,20152016,2,OTT,3,COL,4
2015020813,2016-02-11,20152016,2,MIN,3,WSH,4
2015020814,2016-02-11,20152016,2,WPG,2,BOS,6
2015020815,2016-02-11,20152016,2,CHI,2,DAL,4
2015020816,2016-02-11,20152016,2,EDM,5,TOR,2
2015020817,2016-02-11,20152016,2,SJS,5,CGY,6
2015020818,2016-02-12,20152016,2,BUF,6,MTL,4
2015020819,2016-02-12,20152016,2,NYR,4,LAK,5
2015020820,2016-02-12,20152016,2,CAR,1,PIT,2
2015020821,2016-02-12,20152016,2,DET,2,COL,3
2015020822,2016-02-12,20152016,2,TBL,4,NSH,3
2015020823,2016-02-12,20152016,2,FLA,3,STL,5
2015020824,2016-02-12,20152016,2,ARI,4,CGY,1
2015020825,2016-02-13,20152016,2,PHI,1,NJD,2
2015020826,2016-02-13,20152016,2,MIN,2,BOS,4
2015020827,2016-02-13,20152016,2,FLA,0,NSH,5
2015020828,2016-02-13,20152016,2,CAR,6,NYI,3
2015020829,2016-02-13,20152016,2,CBJ,4,OTT,2
2015020830,2016-02-13,20152016,2,VAN,2,TOR,5
2015020831,2016-02-13,20152016,2,DAL,4,WSH,3
2015020832,2016-02-13,20152016,2,CHI,2,ANA,3
2015020833,2016-02-13,20152016,2,EDM,1,WPG,2
2015020834,2016-02-13,20152016,2,SJS,4,ARI,1
2015020835,2016-02-14,20152016,2,BUF,4,COL,1
2015020836,2016-02-14,20152016,2,NJD,1,LAK,0
2015020837,2016-02-14,20152016,2,DET,6,BOS,5
2015020838,2016-02-14,20152016,2,TBL,1,STL,2
2015020839,2016-02-14,20152016,2,NYR,3,PHI,1
2015020840,2016-02-15,20152016,2,NYI,4,DET,1
2015020841,2016-02-15,20152016,2,CGY,4,ANA,6
2015020842,2016-02-15,20152016,2,FLA,2,PIT,1
2015020843,2016-02-15,20152016,2,NSH,2,DAL,3
2015020844,2016-02-15,20152016,2,CHI,7,TOR,2
2015020845,2016-02-15,20152016,2,ARI,6,MTL,2
2015020846,2016-02-15,20152016,2,VAN,2,MIN,5
2015020847,2016-02-16,20152016,2,NJD,3,PHI,6
2015020848,2016-02-16,20152016,2,WSH,3,LAK,1
2015020849,2016-02-16,20152016,2,CAR,2,WPG,1
2015020850,2016-02-16,20152016,2,CBJ,1,BOS,2
2015020851,2016-02-16,20152016,2,OTT,2,BUF,1
2015020852,2016-02-16,20152016,2,TBL,2,SJS,4
2015020853,2016-02-16,20152016,2,STL,2,DAL,1
2015020854,2016-02-16,20152016,2,EDM,3,ANA,5
2015020855,2016-02-17,20152016,2,NYR,3,CHI,5
2015020856,2016-02-17,20152016,2,COL,3,MTL,2
2015020857,2016-02-17,20152016,2,CGY,3,MIN,5
2015020858,2016-02-18,20152016,2,NYI,2,WSH,3
2015020859,2016-02-18,20152016,2,PIT,6,DET,3
2015020860,2016-02-18,20152016,2,TOR,2,NYR,4
2015020861,2016-02-18,20152016,2,OTT,4,CAR,2
2015020862,2016-02-18,20152016,2,TBL,6,WPG,5
2015020863,2016-02-18,20152016,2,FLA,1,SJS,2
2015020864,2016-02-18,20152016,2,STL,2,LAK,1
2015020865,2016-02-18,20152016,2,NSH,2,BOS,0
2015020866,2016-02-18,20152016,2,EDM,2,MIN,5
2015020867,2016-02-18,20152016,2,ARI,6,DAL,3
2015020868,2016-02-18,20152016,2,VAN,2,ANA,5
2015020869,2016-02-19,20152016,2,NJD,0,NYI,1
2015020870,2016-02-19,20152016,2,CAR,5,SJS,2
2015020871,2016-02-19,20152016,2,CBJ,0,BUF,4
2015020872,2016-02-19,20152016,2,MTL,3,PHI,2
2015020873,2016-02-19,20152016,2,CGY,5,VAN,2
2015020874,2016-02-20,20152016,2,PIT,2,TBL,4
2015020875,2016-02-20,20152016,2,TOR,4,PHI,5
2015020876,2016-02-20,20152016,2,OTT,3,DET,2
2015020877,2016-02-20,20152016,2,FLA,3,WPG,1
2015020878,2016-02-20,20152016,2,WSH,4,NJD,3
2015020879,2016-02-20,20152016,2,NSH,1,LAK,2
2015020880,2016-02-20,20152016,2,DAL,3,BOS,7
2015020881,2016-02-20,20152016,2,ARI,4,STL,6
2015020882,2016-02-20,20152016,2,EDM,2,COL,3
2015020883,2016-02-21,20152016,2,BUF,3,PIT,4
2015020884,2016-02-21,20152016,2,MIN,6,CHI,1
2015020885,2016-02-21,20152016,2,NYR,1,DET,0
2015020886,2016-02-21,20152016,2,CAR,2,TBL,4
2015020887,2016-02-21,20152016,2,ANA,5,CGY,2
2015020888,2016-02-21,20152016,2,VAN,5,COL,1
2015020889,2016-02-22,20152016,2,BOS,4,CBJ,6
2015020890,2016-02-22,20152016,2,WSH,3,ARI,2
2015020891,2016-02-22,20152016,2,MTL,1,NSH,2
2015020892,2016-02-22,20152016,2,STL,3,SJS,6
2015020893,2016-02-23,20152016,2,NJD,5,NYR,2
2015020894,2016-02-23,20152016,2,CAR,3,PHI,1
2015020895,2016-02-23,20152016,2,TOR,2,NSH,3
2015020896,2016-02-23,20152016,2,DET,2,CBJ,1
2015020897,2016-02-23,20152016,2,TBL,2,ARI,1
2015020898,2016-02-23,20152016,2,MIN,1,NYI,4
2015020899,2016-02-23,20152016,2,WPG,3,DAL,5
2015020900,2016-02-23,20152016,2,EDM,1,OTT,4
2015020901,2016-02-23,20152016,2,LAK,2,CGY,1
2015020902,2016-02-24,20152016,2,WSH,3,MTL,4
2015020903,2016-02-24,20152016,2,BOS,5,PIT,1
2015020904,2016-02-24,20152016,2,COL,4,SJS,3
2015020905,2016-02-24,20152016,2,ANA,1,BUF,0
2015020906,2016-02-25,20152016,2,PHI,3,MIN,2
2015020907,2016-02-25,20152016,2,CBJ,6,NJD,1
2015020908,2016-02-25,20152016,2,TOR,3,CAR,1
2015020909,2016-02-25,20152016,2,FLA,3,ARI,2
2015020910,2016-02-25,20152016,2,STL,1,NYR,2
2015020911,2016-02-25,20152016,2,CHI,1,NSH,3
2015020912,2016-02-25,20152016,2,DAL,3,WPG,6
2015020913,2016-02-25,20152016,2,CGY,1,NYI,2
2015020914,2016-02-25,20152016,2,VAN,5,OTT,3
2015020915,2016-02-25,20152016,2,LAK,2,EDM,1
2015020916,2016-02-26,20152016,2,NJD,0,TBL,4
2015020917,2016-02-26,20152016,2,WSH,3,MIN,2
2015020918,2016-02-26,20152016,2,CAR,1,BOS,4
2015020919,2016-02-26,20152016,2,ANA,2,EDM,1
2015020920,2016-02-26,20152016,2,SJS,1,BUF,3
2015020921,2016-02-27,20152016,2,PHI,4,ARI,2
2015020922,2016-02-27,20152016,2,PIT,4,WPG,1
2015020923,2016-02-27,20152016,2,CBJ,4,FLA,3
2015020924,2016-02-27,20152016,2,NSH,5,STL,0
2015020925,2016-02-27,20152016,2,DAL,2,NYR,3
2015020926,2016-02-27,20152016,2,MTL,4,TOR,1
2015020927,2016-02-27,20152016,2,COL,3,DET,5
2015020928,2016-02-27,20152016,2,CGY,4,OTT,6
2015020929,2016-02-27,20152016,2,LAK,2,BUF,0
2015020930,2016-02-28,20152016,2,CHI,3,WSH,2
2015020931,2016-02-28,20152016,2,CAR,2,STL,5
2015020932,2016-02-28,20152016,2,MIN,3,FLA,1
2015020933,2016-02-28,20152016,2,BOS,1,TBL,4
2015020934,2016-02-28,20152016,2,VAN,1,SJS,4
2015020935,2016-02-28,20152016,2,ANA,4,LAK,2
2015020936,2016-02-28,20152016,2,EDM,3,NYI,1
2015020937,2016-02-29,20152016,2,NYR,2,CBJ,1
2015020938,2016-02-29,20152016,2,PHI,5,CGY,3
2015020939,2016-02-29,20152016,2,PIT,6,ARI,0
2015020940,2016-02-29,20152016,2,TOR,1,TBL,2
2015020941,2016-02-29,20152016,2,DAL,2,DET,3
2015020942,2016-02-29,20152016,2,SJS,6,MTL,2
2015020720,2016-03-01,20152016,2,WSH,3,PIT,2
2015020943,2016-03-01,20152016,2,BOS,2,CGY,1
2015020944,2016-03-01,20152016,2,BUF,1,EDM,2
2015020945,2016-03-01,20152016,2,NJD,1,CAR,3
2015020946,2016-03-01,20152016,2,OTT,3,STL,4
2015020947,2016-03-01,20152016,2,NSH,5,DAL,3
2015020948,2016-03-01,20152016,2,MIN,6,COL,3
2015020949,2016-03-01,20152016,2,WPG,2,FLA,3
2015020950,2016-03-01,20152016,2,VAN,2,NYI,3
2015020951,2016-03-02,20152016,2,WSH,3,TOR,2
2015020952,2016-03-02,20152016,2,DET,2,CHI,5
2015020953,2016-03-02,20152016,2,ANA,3,MTL,2
2015020954,2016-03-03,20152016,2,BOS,4,CHI,2
2015020955,2016-03-03,20152016,2,BUF,6,CGY,3
2015020956,2016-03-03,20152016,2,PHI,0,EDM,4
2015020957,2016-03-03,20152016,2,PIT,4,NYR,1
2015020958,2016-03-03,20152016,2,TOR,1,MIN,2
2015020959,2016-03-03,20152016,2,OTT,1,TBL,4
2015020960,2016-03-03,20152016,2,NSH,4,NJD,5
2015020961,2016-03-03,20152016,2,WPG,3,NYI,4
2015020962,2016-03-03,20152016,2,COL,3,FLA,2
2015020963,2016-03-03,20152016,2,ARI,1,ANA,5
2015020964,2016-03-03,20152016,2,VAN,2,SJS,3
2015020965,2016-03-03,20152016,2,LAK,3,MTL,2
2015020966,2016-03-04,20152016,2,WSH,2,NYR,3
2015020967,2016-03-04,20152016,2,CBJ,6,EDM,3
2015020968,2016-03-04,20152016,2,DAL,4,NJD,2
2015020969,2016-03-05,20152016,2,BUF,2,MIN,3
2015020970,2016-03-05,20152016,2,PIT,2,CGY,4
2015020971,2016-03-05,20152016,2,COL,2,NSH,5
2015020972,2016-03-05,20152016,2,LAK,2,ANA,3
2015020973,2016-03-05,20152016,2,BOS,1,WSH,2
2015020974,2016-03-05,20152016,2,TOR,2,OTT,3
2015020975,2016-03-05,20152016,2,TBL,4,CAR,3
2015020976,2016-03-05,20152016,2,PHI,6,CBJ,0
2015020977,2016-03-05,20152016,2,WPG,4,MTL,2
2015020978,2016-03-05,20152016,2,ARI,5,FLA,1
2015020979,2016-03-05,20152016,2,SJS,2,VAN,4
2015020980,2016-03-06,20152016,2,OTT,1,DAL,2
2015020981,2016-03-06,20152016,2,NJD,1,PIT,6
2015020982,2016-03-06,20152016,2,NYR,4,NYI,6
2015020983,2016-03-06,20152016,2,CHI,4,DET,1
2015020984,2016-03-06,20152016,2,WPG,1,EDM,2
2015020985,2016-03-06,20152016,2,MIN,2,STL,4
2015020986,2016-03-07,20152016,2,PHI,4,TBL,2
2015020987,2016-03-07,20152016,2,TOR,3,BUF,4
2015020988,2016-03-07,20152016,2,FLA,4,BOS,5
2015020989,2016-03-07,20152016,2,COL,3,ARI,1
2015020990,2016-03-07,20152016,2,CGY,1,SJS,2
2015020991,2016-03-07,20152016,2,ANA,1,WSH,2
2015020992,2016-03-07,20152016,2,LAK,5,VAN,1
2015020993,2016-03-08,20152016,2,BUF,2,NYR,4
2015020994,2016-03-08,20152016,2,NYI,2,PIT,1
2015020995,2016-03-08,20152016,2,CAR,4,OTT,3
2015020996,2016-03-08,20152016,2,CBJ,5,DET,3
2015020997,2016-03-08,20152016,2,MTL,4,DAL,3
2015020998,2016-03-08,20152016,2,TBL,0,BOS,1
2015020999,2016-03-08,20152016,2,WPG,2,NSH,4
2015021000,2016-03-08,20152016,2,EDM,0,SJS,3
2015021001,2016-03-09,20152016,2,TOR,4,NYI,3
2015021002,2016-03-09,20152016,2,STL,3,CHI,2
2015021003,2016-03-09,20152016,2,CGY,3,NSH,2
2015021004,2016-03-09,20152016,2,COL,3,ANA,0
2015021005,2016-03-09,20152016,2,VAN,3,ARI,2
2015021006,2016-03-09,20152016,2,LAK,4,WSH,3
2015021007,2016-03-10,20152016,2,BOS,2,CAR,3
2015021008,2016-03-10,20152016,2,MTL,3,BUF,2
2015021009,2016-03-10,20152016,2,DET,3,WPG,2
2015021010,2016-03-10,20152016,2,FLA,6,OTT,2
2015021011,2016-03-10,20152016,2,MIN,1,EDM,2
2015021012,2016-03-10,20152016,2,SJS,0,NJD,3
2015021013,2016-03-11,20152016,2,CBJ,2,PIT,3
2015021014,2016-03-11,20152016,2,TBL,1,PHI,3
2015021015,2016-03-11,20152016,2,STL,5,ANA,2
2015021016,2016-03-11,20152016,2,DAL,5,CHI,2
2015021017,2016-03-11,20152016,2,CGY,1,ARI,4
2015021018,2016-03-12,20152016,2,BOS,3,NYI,1
2015021019,2016-03-12,20152016,2,DET,3,NYR,2
2015021020,2016-03-12,20152016,2,BUF,3,CAR,2
2015021021,2016-03-12,20152016,2,MTL,1,MIN,4
2015021022,2016-03-12,20152016,2,OTT,4,TOR,0
2015021023,2016-03-12,20152016,2,FLA,5,PHI,4
2015021024,2016-03-12,20152016,2,WPG,3,COL,2
2015021025,2016-03-12,20152016,2,DAL,4,STL,5
2015021026,2016-03-12,20152016,2,EDM,0,ARI,4
2015021027,2016-03-12,20152016,2,VAN,4,NSH,2
2015021028,2016-03-12,20152016,2,LAK,1,NJD,2
2015021029,2016-03-12,20152016,2,SJS,5,WSH,2
2015021030,2016-03-13,20152016,2,NYR,3,PIT,5
2015021031,2016-03-13,20152016,2,CBJ,0,TBL,4
2015021032,2016-03-13,20152016,2,DET,0,TOR,1
2015021033,2016-03-14,20152016,2,NYI,3,FLA,2
2015021034,2016-03-14,20152016,2,CHI,0,LAK,5
2015021035,2016-03-14,20152016,2,CGY,7,STL,4
2015021036,2016-03-14,20152016,2,EDM,2,NSH,3
2015021037,2016-03-14,20152016,2,VAN,2,WPG,5
2015021038,2016-03-14,20152016,2,ANA,7,NJD,1
2015021039,2016-03-15,20152016,2,PHI,4,DET,3
2015021040,2016-03-15,20152016,2,PIT,2,NYI,1
2015021041,2016-03-15,20152016,2,WSH,2,CAR,1
2015021042,2016-03-15,20152016,2,TOR,4,TBL,1
2015021043,2016-03-15,20152016,2,MTL,1,FLA,4
2015021044,2016-03-15,20152016,2,OTT,3,MIN,2
2015021045,2016-03-15,20152016,2,DAL,2,LAK,5
2015021046,2016-03-15,20152016,2,SJS,3,BOS,2
2015021047,2016-03-16,20152016,2,BUF,2,MTL,3
2015021048,2016-03-16,20152016,2,CHI,2,PHI,3
2015021049,2016-03-16,20152016,2,EDM,6,STL,4
2015021050,2016-03-16,20152016,2,CGY,4,WPG,1
2015021051,2016-03-16,20152016,2,VAN,1,COL,3
2015021052,2016-03-16,20152016,2,ANA,1,NYR,2
2015021053,2016-03-17,20152016,2,NJD,7,MIN,4
2015021054,2016-03-17,20152016,2,PIT,4,CAR,2
2015021055,2016-03-17,20152016,2,CBJ,1,DET,3
2015021056,2016-03-17,20152016,2,TOR,1,FLA,4
2015021057,2016-03-17,20152016,2,NSH,4,NYI,2
2015021058,2016-03-17,20152016,2,DAL,4,TBL,3
2015021059,2016-03-17,20152016,2,ARI,3,SJS,1
2015021060,2016-03-17,20152016,2,LAK,4,NYR,3
2015021061,2016-03-18,20152016,2,BUF,3,OTT,1
2015021062,2016-03-18,20152016,2,WSH,4,NSH,1
2015021063,2016-03-18,20152016,2,WPG,0,CHI,4
2015021064,2016-03-18,20152016,2,CGY,3,COL,4
2015021065,2016-03-18,20152016,2,EDM,2,VAN,0
2015021066,2016-03-18,20152016,2,ANA,4,BOS,0
2015021067,2016-03-19,20152016,2,PHI,1,PIT,4
2015021068,2016-03-19,20152016,2,MIN,3,CAR,2
2015021069,2016-03-19,20152016,2,SJS,4,NYR,1
2015021070,2016-03-19,20152016,2,TOR,4,BUF,1
2015021071,2016-03-19,20152016,2,OTT,5,MTL,0
2015021072,2016-03-19,20152016,2,FLA,3,DET,5
2015021073,2016-03-19,20152016,2,CBJ,6,NJD,3
2015021074,2016-03-19,20152016,2,DAL,3,NYI,0
2015021075,2016-03-19,20152016,2,VAN,0,STL,3
2015021076,2016-03-19,20152016,2,ARI,0,TBL,2
2015021077,2016-03-19,20152016,2,LAK,2,BOS,1
2015021078,2016-03-20,20152016,2,WPG,2,ANA,3
2015021079,2016-03-20,20152016,2,NJD,2,CBJ,1
2015021080,2016-03-20,20152016,2,PIT,6,WSH,2
2015021081,2016-03-20,20152016,2,MTL,1,CGY,4
2015021082,2016-03-20,20152016,2,CHI,2,MIN,3
2015021083,2016-03-20,20152016,2,EDM,2,COL,3
2015021084,2016-03-20,20152016,2,SJS,3,ARI,0
2015021085,2016-03-21,20152016,2,NYI,1,PHI,4
2015021086,2016-03-21,20152016,2,NYR,4,FLA,2
2015021087,2016-03-21,20152016,2,TOR,5,CGY,2
2015021088,2016-03-21,20152016,2,NSH,5,LAK,2
2015021089,2016-03-22,20152016,2,CAR,2,BUF,3
2015021090,2016-03-22,20152016,2,CBJ,3,PHI,2
2015021091,2016-03-22,20152016,2,MTL,4,ANA,3
2015021092,2016-03-22,20152016,2,OTT,2,WSH,4
2015021093,2016-03-22,20152016,2,TBL,6,DET,2
2015021094,2016-03-22,20152016,2,MIN,2,LAK,1
2015021095,2016-03-22,20152016,2,WPG,2,VAN,0
2015021096,2016-03-22,20152016,2,CHI,2,DAL,6
2015021097,2016-03-22,20152016,2,ARI,4,EDM,2
2015021098,2016-03-22,20152016,2,SJS,0,STL,1
2015021099,2016-03-23,20152016,2,NYI,3,OTT,1
2015021100,2016-03-23,20152016,2,NYR,5,BOS,2
2015021101,2016-03-24,20152016,2,BOS,1,FLA,4
2015021102,2016-03-24,20152016,2,PIT,0,NJD,3
2015021103,2016-03-24,20152016,2,CBJ,2,CAR,3
2015021104,2016-03-24,20152016,2,TOR,6,ANA,5
2015021105,2016-03-24,20152016,2,DET,4,MTL,3
2015021106,2016-03-24,20152016,2,NSH,3,VAN,2
2015021107,2016-03-24,20152016,2,MIN,6,CGY,2
2015021108,2016-03-24,20152016,2,WPG,4,LAK,1
2015021109,2016-03-24,20152016,2,COL,2,PHI,4
2015021110,2016-03-24,20152016,2,ARI,3,DAL,1
2015021111,2016-03-24,20152016,2,SJS,3,EDM,6
2015021112,2016-03-25,20152016,2,NJD,0,WSH,1
2015021113,2016-03-25,20152016,2,TBL,7,NYI,4
2015021114,2016-03-25,20152016,2,STL,4,VAN,0
2015021115,2016-03-26,20152016,2,DET,2,PIT,7
2015021116,2016-03-26,20152016,2,BUF,3,WPG,2
2015021117,2016-03-26,20152016,2,COL,0,MIN,4
2015021118,2016-03-26,20152016,2,SJS,2,DAL,4
2015021119,2016-03-26,20152016,2,TOR,1,BOS,3
2015021120,2016-03-26,20152016,2,MTL,2,NYR,5
2015021121,2016-03-26,20152016,2,OTT,3,ANA,4
2015021122,2016-03-26,20152016,2,TBL,2,FLA,5
2015021123,2016-03-26,20152016,2,WSH,0,STL,4
2015021124,2016-03-26,20152016,2,CAR,3,NYI,4
2015021125,2016-03-26,20152016,2,NSH,5,CBJ,1
2015021126,2016-03-26,20152016,2,CGY,1,CHI,4
2015021127,2016-03-26,20152016,2,ARI,2,PHI,1
2015021128,2016-03-26,20152016,2,LAK,6,EDM,4
2015021129,2016-03-27,20152016,2,CAR,3,NJD,2
2015021130,2016-03-27,20152016,2,NYR,2,PIT,3
2015021131,2016-03-27,20152016,2,VAN,2,CHI,3
2015021132,2016-03-28,20152016,2,PHI,3,WPG,2
2015021133,2016-03-28,20152016,2,WSH,4,CBJ,1
2015021134,2016-03-28,20152016,2,DET,3,BUF,2
2015021135,2016-03-28,20152016,2,TBL,3,TOR,0
2015021136,2016-03-28,20152016,2,NSH,3,COL,4
2015021137,2016-03-28,20152016,2,EDM,1,ANA,2
2015021138,2016-03-28,20152016,2,ARI,2,CGY,5
2015021139,2016-03-28,20152016,2,SJS,5,LAK,2
2015021140,2016-03-29,20152016,2,NJD,2,BOS,1
2015021141,2016-03-29,20152016,2,NYI,2,CAR,1
2015021142,2016-03-29,20152016,2,PIT,5,BUF,4
2015021143,2016-03-29,20152016,2,MTL,4,DET,3
2015021144,2016-03-29,20152016,2,FLA,2,TOR,5
2015021145,2016-03-29,20152016,2,STL,3,COL,1
2015021146,2016-03-29,20152016,2,MIN,4,CHI,1
2015021147,2016-03-29,20152016,2,DAL,5,NSH,2
2015021148,2016-03-29,20152016,2,VAN,1,SJS,4
2015021149,2016-03-30,20152016,2,WPG,1,OTT,2
2015021150,2016-03-30,20152016,2,PHI,2,WSH,1
2015021151,2016-03-30,20152016,2,ANA,8,CGY,3
2015021152,2016-03-31,20152016,2,BUF,4,TOR,1
2015021153,2016-03-31,20152016,2,NYI,4,CBJ,3
2015021154,2016-03-31,20152016,2,PIT,5,NSH,2
2015021155,2016-03-31,20152016,2,CAR,4,NYR,3
2015021156,2016-03-31,20152016,2,TBL,0,MTL,3
2015021157,2016-03-31,20152016,2,FLA,3,NJD,2
2015021158,2016-03-31,20152016,2,MIN,2,OTT,3
2015021159,2016-03-31,20152016,2,DAL,4,ARI,1
2015021160,2016-03-31,20152016,2,LAK,3,CGY,0
2015021161,2016-03-31,20152016,2,SJS,2,VAN,4
2015021162,2016-04-01,20152016,2,DET,3,MIN,2
2015021163,2016-04-01,20152016,2,STL,5,BOS,6
2015021164,2016-04-01,20152016,2,WPG,4,CHI,5
2015021165,2016-04-01,20152016,2,COL,2,WSH,4
2015021166,2016-04-01,20152016,2,ANA,2,VAN,3
2015021167,2016-04-02,20152016,2,NYI,0,PIT,5
2015021168,2016-04-02,20152016,2,PHI,3,OTT,2
2015021169,2016-04-02,20152016,2,LAK,2,DAL,3
2015021170,2016-04-02,20152016,2,TOR,2,DET,3
2015021171,2016-04-02,20152016,2,TBL,3,NJD,1
2015021172,2016-04-02,20152016,2,FLA,4,MTL,3
2015021173,2016-04-02,20152016,2,NYR,3,BUF,4
2015021174,2016-04-02,20152016,2,CAR,1,CBJ,5
2015021175,2016-04-02,20152016,2,NSH,2,SJS,3
2015021176,2016-04-02,20152016,2,EDM,0,CGY,5
2015021177,2016-04-02,20152016,2,ARI,3,WSH,0
2015021178,2016-04-03,20152016,2,CHI,6,BOS,4
2015021179,2016-04-03,20152016,2,PIT,6,PHI,2
2015021180,2016-04-03,20152016,2,WPG,5,MIN,1
2015021181,2016-04-03,20152016,2,COL,1,STL,5
2015021182,2016-04-03,20152016,2,ANA,3,DAL,1
2015021183,2016-04-04,20152016,2,NYI,5,TBL,2
2015021184,2016-04-04,20152016,2,CBJ,2,NYR,4
2015021185,2016-04-04,20152016,2,TOR,3,FLA,4
2015021186,2016-04-04,20152016,2,STL,5,ARI,2
2015021187,2016-04-04,20152016,2,VAN,3,LAK,2
2015021188,2016-04-05,20152016,2,BOS,1,CAR,2
2015021189,2016-04-05,20152016,2,NJD,1,BUF,3
2015021190,2016-04-05,20152016,2,NYR,3,TBL,2
2015021191,2016-04-05,20152016,2,WSH,3,NYI,4
2015021192,2016-04-05,20152016,2,MTL,1,FLA,4
2015021193,2016-04-05,20152016,2,OTT,3,PIT,5
2015021194,2016-04-05,20152016,2,NSH,4,COL,3
2015021195,2016-04-05,20152016,2,MIN,0,SJS,3
2015021196,2016-04-05,20152016,2,CHI,6,ARI,2
2015021197,2016-04-05,20152016,2,CGY,4,LAK,5
2015021198,2016-04-05,20152016,2,ANA,1,WPG,2
2015021199,2016-04-06,20152016,2,TOR,1,CBJ,5
2015021200,2016-04-06,20152016,2,DET,3,PHI,0
2015021201,2016-04-06,20152016,2,EDM,6,VAN,2
2015021202,2016-04-07,20152016,2,BOS,5,DET,2
2015021203,2016-04-07,20152016,2,NJD,2,TBL,4
2015021204,2016-04-07,20152016,2,NYR,1,NYI,4
2015021205,2016-04-07,20152016,2,PHI,3,TOR,4
2015021206,2016-04-07,20152016,2,WSH,3,PIT,4
2015021207,2016-04-07,20152016,2,CAR,2,MTL,4
2015021208,2016-04-07,20152016,2,OTT,3,FLA,1
2015021209,2016-04-07,20152016,2,NSH,3,ARI,2
2015021210,2016-04-07,20152016,2,CHI,1,STL,2
2015021211,2016-04-07,20152016,2,DAL,4,COL,2
2015021212,2016-04-07,20152016,2,CGY,7,VAN,3
2015021213,2016-04-07,20152016,2,LAK,2,ANA,1
2015021214,2016-04-07,20152016,2,SJS,4,WPG,5
2015021215,2016-04-08,20152016,2,BUF,1,CBJ,4
2015021216,2016-04-09,20152016,2,BOS,1,OTT,6
2015021217,2016-04-09,20152016,2,NYR,3,DET,2
2015021218,2016-04-09,20152016,2,PHI,3,PIT,1
2015021219,2016-04-09,20152016,2,COL,3,ANA,5
2015021220,2016-04-09,20152016,2,MTL,5,TBL,2
2015021221,2016-04-09,20152016,2,FLA,5,CAR,2
2015021222,2016-04-09,20152016,2,NJD,5,TOR,1
2015021223,2016-04-09,20152016,2,CBJ,5,CHI,4
2015021224,2016-04-09,20152016,2,MIN,1,CGY,2
2015021225,2016-04-09,20152016,2,NYI,3,BUF,4
2015021226,2016-04-09,20152016,2,STL,1,WSH,5
2015021227,2016-04-09,20152016,2,DAL,3,NSH,2
2015021228,2016-04-09,20152016,2,VAN,4,EDM,3
2015021229,2016-04-09,20152016,2,LAK,3,WPG,4
2015021230,2016-04-09,20152016,2,SJS,1,ARI,0
2015020704,2016-04-10,20152016,2,WSH,0,ANA,2
2015020716,2016-04-10,20152016,2,NYI,2,PHI,5
2015030121,2016-04-13,20152016,3,TBL,3,DET,2
2015030141,2016-04-13,20152016,3,PIT,5,NYR,2
2015030161,2016-04-13,20152016,3,STL,1,CHI,0
2015030111,2016-04-14,20152016,3,FLA,4,NYI,5
2015030131,2016-04-14,20152016,3,WSH,2,PHI,0
2015030151,2016-04-14,20152016,3,DAL,4,MIN,0
2015030181,2016-04-14,20152016,3,LAK,3,SJS,4
2015030112,2016-04-15,20152016,3,FLA,3,NYI,1
2015030122,2016-04-15,20152016,3,TBL,5,DET,2
2015030162,2016-04-15,20152016,3,STL,2,CHI,3
2015030171,2016-04-15,20152016,3,ANA,2,NSH,3
2015030132,2016-04-16,20152016,3,WSH,4,PHI,1
2015030142,2016-04-16,20152016,3,PIT,2,NYR,4
2015030152,2016-04-16,20152016,3,DAL,2,MIN,1
2015030182,2016-04-16,20152016,3,LAK,1,SJS,2
2015030113,2016-04-17,20152016,3,NYI,4,FLA,3
2015030123,2016-04-17,20152016,3,DET,2,TBL,0
2015030163,2016-04-17,20152016,3,CHI,2,STL,3
2015030172,2016-04-17,20152016,3,ANA,2,NSH,3
2015030133,2016-04-18,20152016,3,PHI,1,WSH,6
2015030153,2016-04-18,20152016,3,MIN,5,DAL,3
2015030183,2016-04-18,20152016,3,SJS,1,LAK,2
2015030124,2016-04-19,20152016,3,DET,2,TBL,3
2015030143,2016-04-19,20152016,3,NYR,1,PIT,3
2015030164,2016-04-19,20152016,3,CHI,3,STL,4
2015030173,2016-04-19,20152016,3,NSH,0,ANA,3
2015030114,2016-04-20,20152016,3,NYI,1,FLA,2
2015030134,2016-04-20,20152016,3,PHI,2,WSH,1
2015030154,2016-04-20,20152016,3,MIN,2,DAL,3
2015030184,2016-04-20,20152016,3,SJS,3,LAK,2
2015030125,2016-04-21,20152016,3,TBL,1,DET,0
2015030144,2016-04-21,20152016,3,NYR,0,PIT,5
2015030165,2016-04-21,20152016,3,STL,3,CHI,4
2015030174,2016-04-21,20152016,3,NSH,1,ANA,4
2015030115,2016-04-22,20152016,3,FLA,1,NYI,2
2015030135,2016-04-22,20152016,3,WSH,0,PHI,2
2015030155,2016-04-22,20152016,3,DAL,4,MIN,5
2015030185,2016-04-22,20152016,3,LAK,3,SJS,6
2015030145,2016-04-23,20152016,3,PIT,6,NYR,3
2015030166,2016-04-23,20152016,3,CHI,6,STL,3
2015030175,2016-04-23,20152016,3,ANA,5,NSH,2
2015030116,2016-04-24,20152016,3,NYI,2,FLA,1
2015030136,2016-04-24,20152016,3,PHI,0,WSH,1
2015030156,2016-04-24,20152016,3,MIN,4,DAL,5
2015030167,2016-04-25,20152016,3,STL,3,CHI,2
2015030176,2016-04-25,20152016,3,NSH,3,ANA,1
2015030177,2016-04-27,20152016,3,ANA,1,NSH,2
2015030211,2016-04-27,20152016,3,TBL,3,NYI,5
2015030221,2016-04-28,20152016,3,WSH,4,PIT,3
2015030231,2016-04-29,20152016,3,DAL,2,STL,1
2015030241,2016-04-29,20152016,3,SJS,5,NSH,2
2015030212,2016-04-30,20152016,3,TBL,4,NYI,1
2015030222,2016-04-30,20152016,3,WSH,1,PIT,2
2015030232,2016-05-01,20152016,3,DAL,3,STL,4
2015030242,2016-05-01,20152016,3,SJS,3,NSH,2
2015030223,2016-05-02,20152016,3,PIT,3,WSH,2
2015030213,2016-05-03,20152016,3,NYI,4,TBL,5
2015030233,2016-05-03,20152016,3,STL,6,DAL,1
2015030243,2016-05-03,20152016,3,NSH,4,SJS,1
2015030224,2016-05-04,20152016,3,PIT,3,WSH,2
2015030234,2016-05-05,20152016,3,STL,2,DAL,3
2015030244,2016-05-05,20152016,3,NSH,4,SJS,3
2015030214,2016-05-06,20152016,3,NYI,1,TBL,2
2015030225,2016-05-07,20152016,3,WSH,3,PIT,1
2015030235,2016-05-07,20152016,3,DAL,1,STL,4
2015030245,2016-05-07,20152016,3,SJS,5,NSH,1
2015030215,2016-05-08,20152016,3,TBL,4,NYI,0
2015030236,2016-05-09,20152016,3,STL,2,DAL,3
2015030246,2016-05-09,20152016,3,NSH,4,SJS,3
2015030226,2016-05-10,20152016,3,PIT,4,WSH,3
2015030237,2016-05-11,20152016,3,DAL,1,STL,6
2015030247,2016-05-12,20152016,3,SJS,5,NSH,0
2015030311,2016-05-13,20152016,3,PIT,1,TBL,3
2015030321,2016-05-15,20152016,3,STL,2,SJS,1
2015030312,2016-05-16,20152016,3,PIT,3,TBL,2
2015030322,2016-05-17,20152016,3,STL,0,SJS,4
2015030313,2016-05-18,20152016,3,TBL,2,PIT,4
2015030323,2016-05-19,20152016,3,SJS,3,STL,0
2015030314,2016-05-20,20152016,3,TBL,4,PIT,3
2015030324,2016-05-21,20152016,3,SJS,3,STL,6
2015030315,2016-05-22,20152016,3,PIT,3,TBL,4
2015030325,2016-05-23,20152016,3,STL,3,SJS,6
2015030316,2016-05-24,20152016,3,TBL,2,PIT,5
2015030326,2016-05-25,20152016,3,SJS,5,STL,2
2015030317,2016-05-26,20152016,3,PIT,2,TBL,1
2015030411,2016-05-30,20152016,3,PIT,3,SJS,2
2015030412,2016-06-01,20152016,3,PIT,2,SJS,1
2015030413,2016-06-04,20152016,3,SJS,3,PIT,2
2015030414,2016-06-06,20152016,3,SJS,1,PIT,3
2015030415,2016-06-09,20152016,3,PIT,2,SJS,4
2015030416,2016-06-12,20152016,3,SJS,1,PIT,3
2016020001,2016-10-12,20162017,2,OTT,5,TOR,4
2016020002,2016-10-12,20162017,2,CHI,2,STL,5
2016020003,2016-10-12,20162017,2,EDM,7,CGY,4
2016020004,2016-10-12,20162017,2,SJS,2,LAK,1
2016020005,2016-10-13,20162017,2,BUF,1,MTL,4
2016020006,2016-10-13,20162017,2,NYR,5,NYI,3
2016020007,2016-10-13,20162017,2,PIT,3,WSH,2
2016020008,2016-10-13,20162017,2,CBJ,3,BOS,6
2016020009,2016-10-13,20162017,2,TBL,6,DET,4
2016020010,2016-10-13,20162017,2,FLA,2,NJD,1
2016020011,2016-10-13,20162017,2,STL,3,MIN,2
2016020012,2016-10-13,20162017,2,WPG,5,CAR,4
2016020013,2016-10-13,20162017,2,DAL,4,ANA,2
2016020014,2016-10-14,20162017,2,NSH,3,CHI,2
2016020015,2016-10-14,20162017,2,CGY,3,EDM,5
2016020016,2016-10-14,20162017,2,LAK,2,PHI,4
2016020017,2016-10-15,20162017,2,TOR,4,BOS,1
2016020018,2016-10-15,20162017,2,OTT,4,MTL,3
2016020019,2016-10-15,20162017,2,TBL,3,NJD,2
2016020020,2016-10-15,20162017,2,FLA,4,DET,1
2016020021,2016-10-15,20162017,2,PIT,3,ANA,2
2016020022,2016-10-15,20162017,2,WSH,2,NYI,1
2016020023,2016-10-15,20162017,2,CBJ,2,SJS,3
2016020024,2016-10-15,20162017,2,MIN,4,WPG,3
2016020025,2016-10-15,20162017,2,STL,3,NYR,2
2016020026,2016-10-15,20162017,2,CHI,5,NSH,3
2016020027,2016-10-15,20162017,2,COL,6,DAL,5
2016020028,2016-10-15,20162017,2,ARI,4,PHI,3
2016020029,2016-10-15,20162017,2,VAN,2,CGY,1
2016020030,2016-10-16,20162017,2,NYI,3,ANA,2
2016020031,2016-10-16,20162017,2,EDM,2,BUF,6
2016020032,2016-10-16,20162017,2,VAN,4,CAR,3
2016020033,2016-10-17,20162017,2,NYR,7,SJS,4
2016020034,2016-10-17,20162017,2,PIT,3,COL,4
2016020035,2016-10-17,20162017,2,DET,5,OTT,1
2016020036,2016-10-17,20162017,2,WPG,1,BOS,4
2016020037,2016-10-18,20162017,2,NJD,2,ANA,1
2016020038,2016-10-18,20162017,2,NYI,2,SJS,3
2016020039,2016-10-18,20162017,2,WSH,3,COL,0
2016020040,2016-10-18,20162017,2,MTL,4,PIT,0
2016020041,2016-10-18,20162017,2,OTT,7,ARI,4
2016020042,2016-10-18,20162017,2,TBL,4,FLA,3
2016020043,2016-10-18,20162017,2,NSH,1,DAL,2
2016020044,2016-10-18,20162017,2,MIN,6,LAK,3
2016020045,2016-10-18,20162017,2,CHI,7,PHI,4
2016020046,2016-10-18,20162017,2,CGY,4,BUF,3
2016020047,2016-10-18,20162017,2,EDM,3,CAR,2
2016020048,2016-10-18,20162017,2,VAN,2,STL,1
2016020049,2016-10-19,20162017,2,NYR,1,DET,2
2016020050,2016-10-19,20162017,2,WPG,5,TOR,4
2016020051,2016-10-20,20162017,2,BOS,2,NJD,1
2016020052,2016-10-20,20162017,2,PHI,2,ANA,3
2016020053,2016-10-20,20162017,2,PIT,3,SJS,2
2016020054,2016-10-20,20162017,2,MTL,5,ARI,2
2016020055,2016-10-20,20162017,2,TBL,0,COL,4
2016020056,2016-10-20,20162017,2,FLA,2,WSH,4
2016020057,2016-10-20,20162017,2,MIN,3,TOR,2
2016020058,2016-10-20,20162017,2,DAL,3,LAK,4
2016020059,2016-10-20,20162017,2,CGY,2,CAR,4
2016020060,2016-10-20,20162017,2,EDM,3,STL,1
2016020061,2016-10-20,20162017,2,VAN,2,BUF,1
2016020062,2016-10-21,20162017,2,NYI,3,ARI,2
2016020063,2016-10-21,20162017,2,CBJ,3,CHI,2
2016020064,2016-10-21,20162017,2,DET,5,NSH,3
2016020065,2016-10-22,20162017,2,BOS,2,MTL,4
2016020066,2016-10-22,20162017,2,OTT,1,TBL,4
2016020067,2016-10-22,20162017,2,DET,3,SJS,0
2016020068,2016-10-22,20162017,2,FLA,5,COL,2
2016020069,2016-10-22,20162017,2,NJD,2,MIN,1
2016020070,2016-10-22,20162017,2,PHI,6,CAR,3
2016020071,2016-10-22,20162017,2,WSH,2,NYR,4
2016020072,2016-10-22,20162017,2,CHI,5,TOR,4
2016020073,2016-10-22,20162017,2,NSH,5,PIT,1
2016020074,2016-10-22,20162017,2,DAL,0,CBJ,3
2016020075,2016-10-22,20162017,2,CGY,4,STL,6
2016020076,2016-10-22,20162017,2,LAK,4,VAN,3
2016020077,2016-10-23,20162017,2,WPG,0,EDM,3
2016020078,2016-10-23,20162017,2,NYI,6,MIN,3
2016020079,2016-10-23,20162017,2,NYR,3,ARI,2
2016020080,2016-10-23,20162017,2,ANA,4,VAN,2
2016020081,2016-10-24,20162017,2,MTL,3,PHI,1
2016020082,2016-10-24,20162017,2,CHI,2,CGY,3
2016020083,2016-10-25,20162017,2,BOS,0,MIN,5
2016020084,2016-10-25,20162017,2,NJD,5,ARI,3
2016020085,2016-10-25,20162017,2,PHI,4,BUF,3
2016020086,2016-10-25,20162017,2,PIT,3,FLA,2
2016020087,2016-10-25,20162017,2,TOR,3,TBL,7
2016020088,2016-10-25,20162017,2,DET,4,CAR,2
2016020089,2016-10-25,20162017,2,STL,1,CGY,4
2016020090,2016-10-25,20162017,2,DAL,3,WPG,2
2016020091,2016-10-25,20162017,2,VAN,0,OTT,3
2016020092,2016-10-25,20162017,2,LAK,3,CBJ,2
2016020093,2016-10-25,20162017,2,SJS,2,ANA,1
2016020094,2016-10-26,20162017,2,NYI,2,MTL,3
2016020095,2016-10-26,20162017,2,NYR,5,BOS,2
2016020096,2016-10-26,20162017,2,EDM,4,WSH,1
2016020097,2016-10-26,20162017,2,ANA,6,NSH,1
2016020098,2016-10-27,20162017,2,BUF,0,MIN,4
2016020099,2016-10-27,20162017,2,PHI,4,ARI,5
2016020100,2016-10-27,20162017,2,PIT,4,NYI,2
2016020101,2016-10-27,20162017,2,TOR,3,FLA,2
2016020102,2016-10-27,20162017,2,MTL,3,TBL,1
2016020103,2016-10-27,20162017,2,STL,1,DET,2
2016020104,2016-10-27,20162017,2,WPG,4,DAL,1
2016020105,2016-10-27,20162017,2,LAK,3,NSH,2
2016020106,2016-10-27,20162017,2,SJS,3,CBJ,1
2016020107,2016-10-28,20162017,2,NJD,2,CHI,3
2016020108,2016-10-28,20162017,2,CAR,3,NYR,2
2016020109,2016-10-28,20162017,2,COL,0,WPG,1
2016020110,2016-10-28,20162017,2,CGY,5,OTT,2
2016020111,2016-10-28,20162017,2,VAN,0,EDM,2
2016020112,2016-10-28,20162017,2,ANA,0,CBJ,4
2016020113,2016-10-29,20162017,2,BUF,3,FLA,0
2016020114,2016-10-29,20162017,2,MTL,2,TOR,1
2016020115,2016-10-29,20162017,2,DET,0,BOS,1
2016020116,2016-10-29,20162017,2,NJD,3,TBL,1
2016020117,2016-10-29,20162017,2,PHI,4,PIT,5
2016020118,2016-10-29,20162017,2,STL,1,LAK,0
2016020119,2016-10-29,20162017,2,MIN,4,DAL,0
2016020120,2016-10-29,20162017,2,ARI,2,COL,3
2016020121,2016-10-29,20162017,2,VAN,2,WSH,5
2016020122,2016-10-29,20162017,2,SJS,4,NSH,1
2016020123,2016-10-30,20162017,2,WPG,1,BUF,3
2016020124,2016-10-30,20162017,2,DET,2,FLA,5
2016020125,2016-10-30,20162017,2,CAR,3,PHI,4
2016020126,2016-10-30,20162017,2,NYI,5,TOR,1
2016020127,2016-10-30,20162017,2,NYR,6,TBL,1
2016020128,2016-10-30,20162017,2,CHI,3,LAK,0
2016020129,2016-10-30,20162017,2,EDM,0,OTT,2
2016020130,2016-10-30,20162017,2,CGY,1,WSH,3
2016020131,2016-11-01,20162017,2,NYI,1,TBL,6
2016020132,2016-11-01,20162017,2,NYR,5,STL,0
2016020133,2016-11-01,20162017,2,CBJ,3,DAL,2
2016020134,2016-11-01,20162017,2,TOR,3,EDM,2
2016020135,2016-11-01,20162017,2,OTT,2,CAR,1
2016020136,2016-11-01,20162017,2,FLA,1,BOS,2
2016020137,2016-11-01,20162017,2,MIN,1,BUF,2
2016020138,2016-11-01,20162017,2,WPG,2,WSH,3
2016020139,2016-11-01,20162017,2,CHI,5,CGY,1
2016020140,2016-11-01,20162017,2,COL,1,NSH,5
2016020141,2016-11-01,20162017,2,ARI,3,SJS,2
2016020142,2016-11-01,20162017,2,LAK,0,ANA,4
2016020143,2016-11-02,20162017,2,MTL,3,VAN,0
2016020144,2016-11-02,20162017,2,PHI,4,DET,3
2016020145,2016-11-02,20162017,2,ANA,1,PIT,5
2016020146,2016-11-03,20162017,2,BUF,1,TOR,2
2016020147,2016-11-03,20162017,2,NYI,2,PHI,3
2016020148,2016-11-03,20162017,2,NYR,5,EDM,3
2016020149,2016-11-03,20162017,2,WSH,4,WPG,3
2016020150,2016-11-03,20162017,2,OTT,1,VAN,0
2016020151,2016-11-03,20162017,2,TBL,3,BOS,4
2016020152,2016-11-03,20162017,2,FLA,4,NJD,3
2016020153,2016-11-03,20162017,2,CHI,4,COL,0
2016020154,2016-11-03,20162017,2,DAL,6,STL,2
2016020155,2016-11-03,20162017,2,ARI,3,NSH,2
2016020156,2016-11-03,20162017,2,LAK,3,PIT,2
2016020157,2016-11-03,20162017,2,SJS,2,CGY,3
2016020158,2016-11-04,20162017,2,CBJ,10,MTL,0
2016020159,2016-11-04,20162017,2,DET,3,WPG,5
2016020160,2016-11-04,20162017,2,ANA,5,ARI,1
2016020161,2016-11-05,20162017,2,COL,1,MIN,0
2016020162,2016-11-05,20162017,2,BOS,2,NYR,5
2016020163,2016-11-05,20162017,2,TOR,6,VAN,3
2016020164,2016-11-05,20162017,2,MTL,5,PHI,4
2016020165,2016-11-05,20162017,2,OTT,1,BUF,2
2016020166,2016-11-05,20162017,2,TBL,4,NJD,1
2016020167,2016-11-05,20162017,2,NYI,3,EDM,4
2016020168,2016-11-05,20162017,2,WSH,4,FLA,2
2016020169,2016-11-05,20162017,2,STL,2,CBJ,1
2016020170,2016-11-05,20162017,2,NSH,2,CAR,3
2016020171,2016-11-05,20162017,2,DAL,2,CHI,3
2016020172,2016-11-05,20162017,2,LAK,5,CGY,0
2016020173,2016-11-05,20162017,2,SJS,0,PIT,5
2016020174,2016-11-06,20162017,2,DET,1,EDM,2
2016020175,2016-11-06,20162017,2,STL,5,COL,1
2016020176,2016-11-06,20162017,2,CAR,1,NJD,4
2016020177,2016-11-06,20162017,2,NYR,5,WPG,2
2016020178,2016-11-06,20162017,2,CHI,4,DAL,3
2016020179,2016-11-06,20162017,2,ANA,4,CGY,1
2016020180,2016-11-07,20162017,2,BOS,4,BUF,0
2016020181,2016-11-07,20162017,2,NYI,4,VAN,2
2016020182,2016-11-07,20162017,2,FLA,3,TBL,1
2016020183,2016-11-08,20162017,2,NJD,3,CAR,2
2016020184,2016-11-08,20162017,2,NYR,3,VAN,5
2016020185,2016-11-08,20162017,2,PHI,2,DET,3
2016020186,2016-11-08,20162017,2,PIT,4,EDM,3
2016020187,2016-11-08,20162017,2,WSH,0,SJS,3
2016020188,2016-11-08,20162017,2,TOR,0,LAK,7
2016020189,2016-11-08,20162017,2,MTL,3,BOS,2
2016020190,2016-11-08,20162017,2,NSH,3,OTT,1
2016020191,2016-11-08,20162017,2,WPG,8,DAL,2
2016020192,2016-11-08,20162017,2,COL,2,ARI,4
2016020193,2016-11-09,20162017,2,CBJ,3,ANA,2
2016020194,2016-11-09,20162017,2,BUF,1,OTT,2
2016020195,2016-11-09,20162017,2,STL,1,CHI,2
2016020196,2016-11-10,20162017,2,BOS,5,CBJ,2
2016020197,2016-11-10,20162017,2,PIT,2,MIN,4
2016020198,2016-11-10,20162017,2,CAR,2,ANA,4
2016020199,2016-11-10,20162017,2,MTL,4,LAK,1
2016020200,2016-11-10,20162017,2,DET,3,VAN,1
2016020201,2016-11-10,20162017,2,TBL,4,NYI,1
2016020202,2016-11-10,20162017,2,FLA,2,SJS,4
2016020203,2016-11-10,20162017,2,NSH,3,STL,1
2016020204,2016-11-10,20162017,2,CGY,2,DAL,4
2016020205,2016-11-10,20162017,2,ARI,2,WPG,3
2016020206,2016-11-11,20162017,2,BUF,1,NJD,2
2016020207,2016-11-11,20162017,2,TOR,6,PHI,3
2016020208,2016-11-11,20162017,2,OTT,2,LAK,1
2016020209,2016-11-11,20162017,2,CHI,2,WSH,3
2016020210,2016-11-11,20162017,2,COL,3,WPG,2
2016020211,2016-11-11,20162017,2,EDM,2,DAL,3
2016020212,2016-11-12,20162017,2,MTL,5,DET,0
2016020213,2016-11-12,20162017,2,TBL,1,SJS,3
2016020214,2016-11-12,20162017,2,FLA,3,NYI,2
2016020215,2016-11-12,20162017,2,NJD,4,BUF,2
2016020216,2016-11-12,20162017,2,PHI,3,MIN,2
2016020217,2016-11-12,20162017,2,PIT,4,TOR,1
2016020218,2016-11-12,20162017,2,CAR,5,WSH,1
2016020219,2016-11-12,20162017,2,CBJ,8,STL,4
2016020220,2016-11-12,20162017,2,NSH,5,ANA,0
2016020221,2016-11-12,20162017,2,ARI,1,BOS,2
2016020222,2016-11-12,20162017,2,CGY,1,NYR,4
2016020223,2016-11-13,20162017,2,WPG,3,LAK,2
2016020224,2016-11-13,20162017,2,VAN,5,DAL,4
2016020225,2016-11-13,20162017,2,OTT,1,MIN,2
2016020226,2016-11-13,20162017,2,CHI,3,MTL,2
2016020227,2016-11-13,20162017,2,COL,0,BOS,2
2016020228,2016-11-13,20162017,2,EDM,1,NYR,3
2016020229,2016-11-14,20162017,2,NYI,0,TBL,4
2016020230,2016-11-15,20162017,2,PHI,2,OTT,3
2016020231,2016-11-15,20162017,2,CAR,1,SJS,0
2016020232,2016-11-15,20162017,2,CBJ,2,WSH,1
2016020233,2016-11-15,20162017,2,TOR,6,NSH,2
2016020234,2016-11-15,20162017,2,MTL,3,FLA,4
2016020235,2016-11-15,20162017,2,DET,3,TBL,4
2016020236,2016-11-15,20162017,2,STL,4,BUF,1
2016020237,2016-11-15,20162017,2,MIN,0,CGY,1
2016020238,2016-11-15,20162017,2,WPG,4,CHI,0
2016020239,2016-11-15,20162017,2,DAL,1,NJD,2
2016020240,2016-11-15,20162017,2,COL,4,LAK,1
2016020241,2016-11-15,20162017,2,VAN,2,NYR,7
2016020242,2016-11-15,20162017,2,ANA,4,EDM,1
2016020243,2016-11-16,20162017,2,WSH,7,PIT,1
2016020244,2016-11-16,20162017,2,CGY,2,ARI,1
2016020245,2016-11-17,20162017,2,BUF,1,TBL,4
2016020246,2016-11-17,20162017,2,PHI,5,WPG,2
2016020247,2016-11-17,20162017,2,TOR,6,FLA,1
2016020248,2016-11-17,20162017,2,OTT,1,NSH,5
2016020249,2016-11-17,20162017,2,STL,3,SJS,2
2016020250,2016-11-17,20162017,2,MIN,1,BOS,0
2016020251,2016-11-17,20162017,2,DAL,3,COL,2
2016020252,2016-11-17,20162017,2,VAN,3,ARI,2
2016020253,2016-11-17,20162017,2,ANA,3,NJD,2
2016020254,2016-11-17,20162017,2,LAK,4,EDM,2
2016020255,2016-11-18,20162017,2,NYI,2,PIT,3
2016020256,2016-11-18,20162017,2,WSH,1,DET,0
2016020257,2016-11-18,20162017,2,CBJ,4,NYR,2
2016020258,2016-11-18,20162017,2,CAR,3,MTL,2
2016020259,2016-11-18,20162017,2,CGY,2,CHI,3
2016020260,2016-11-19,20162017,2,PHI,0,TBL,3
2016020261,2016-11-19,20162017,2,LAK,4,NJD,2
2016020262,2016-11-19,20162017,2,BOS,4,WPG,1
2016020263,2016-11-19,20162017,2,BUF,2,PIT,1
2016020264,2016-11-19,20162017,2,MTL,2,TOR,1
2016020265,2016-11-19,20162017,2,OTT,1,FLA,4
2016020266,2016-11-19,20162017,2,DAL,2,EDM,5
2016020267,2016-11-19,20162017,2,STL,3,NSH,1
2016020268,2016-11-19,20162017,2,MIN,2,COL,3
2016020269,2016-11-19,20162017,2,ARI,3,SJS,2
2016020270,2016-11-19,20162017,2,VAN,3,CHI,4
2016020271,2016-11-20,20162017,2,WSH,2,CBJ,3
2016020272,2016-11-20,20162017,2,NYR,2,FLA,3
2016020273,2016-11-20,20162017,2,CAR,3,WPG,1
2016020274,2016-11-20,20162017,2,DET,2,CGY,3
2016020275,2016-11-20,20162017,2,ANA,2,LAK,3
2016020276,2016-11-21,20162017,2,BUF,4,CGY,2
2016020277,2016-11-21,20162017,2,PIT,2,NYR,5
2016020278,2016-11-21,20162017,2,CBJ,2,COL,3
2016020279,2016-11-21,20162017,2,NSH,3,TBL,1
2016020280,2016-11-21,20162017,2,DAL,3,MIN,2
2016020281,2016-11-21,20162017,2,EDM,5,CHI,0
2016020282,2016-11-21,20162017,2,SJS,4,NJD,0
2016020283,2016-11-22,20162017,2,BOS,2,STL,4
2016020284,2016-11-22,20162017,2,TOR,1,CAR,2
2016020285,2016-11-22,20162017,2,MTL,3,OTT,4
2016020286,2016-11-22,20162017,2,FLA,1,PHI,3
2016020287,2016-11-22,20162017,2,ANA,2,NYI,3
2016020288,2016-11-23,20162017,2,BUF,1,DET,2
2016020289,2016-11-23,20162017,2,NJD,5,TOR,4
2016020290,2016-11-23,20162017,2,NYR,1,PIT,6
2016020291,2016-11-23,20162017,2,WSH,4,STL,3
2016020292,2016-11-23,20162017,2,CBJ,0,CGY,2
2016020293,2016-11-23,20162017,2,MIN,3,WPG,1
2016020294,2016-11-23,20162017,2,TBL,4,PHI,2
2016020295,2016-11-23,20162017,2,NSH,5,DAL,2
2016020296,2016-11-23,20162017,2,COL,3,EDM,6
2016020297,2016-11-23,20162017,2,ARI,1,VAN,4
2016020298,2016-11-23,20162017,2,LAK,4,NYI,2
2016020299,2016-11-23,20162017,2,SJS,2,CHI,1
2016020300,2016-11-24,20162017,2,MTL,2,CAR,1
2016020301,2016-11-24,20162017,2,OTT,3,BOS,1
2016020302,2016-11-25,20162017,2,PHI,2,NYR,3
2016020303,2016-11-25,20162017,2,MIN,6,PIT,2
2016020304,2016-11-25,20162017,2,ANA,2,CHI,3
2016020305,2016-11-25,20162017,2,SJS,3,NYI,2
2016020306,2016-11-25,20162017,2,WSH,3,BUF,1
2016020307,2016-11-25,20162017,2,NSH,5,WPG,1
2016020308,2016-11-25,20162017,2,BOS,1,CGY,2
2016020309,2016-11-25,20162017,2,TBL,3,CBJ,5
2016020310,2016-11-25,20162017,2,NJD,4,DET,5
2016020311,2016-11-25,20162017,2,DAL,2,VAN,1
2016020312,2016-11-25,20162017,2,ARI,3,EDM,2
2016020313,2016-11-26,20162017,2,TOR,4,WSH,2
2016020314,2016-11-26,20162017,2,OTT,2,CAR,1
2016020315,2016-11-26,20162017,2,DET,1,MTL,2
2016020316,2016-11-26,20162017,2,FLA,2,CBJ,1
2016020317,2016-11-26,20162017,2,PIT,4,NJD,3
2016020318,2016-11-26,20162017,2,STL,4,MIN,3
2016020319,2016-11-26,20162017,2,COL,2,VAN,3
2016020320,2016-11-26,20162017,2,LAK,2,CHI,1
2016020321,2016-11-26,20162017,2,SJS,2,ANA,3
2016020322,2016-11-27,20162017,2,BOS,4,TBL,1
2016020323,2016-11-27,20162017,2,EDM,1,ARI,2
2016020324,2016-11-27,20162017,2,CAR,3,FLA,2
2016020325,2016-11-27,20162017,2,WPG,3,NSH,0
2016020326,2016-11-27,20162017,2,NYR,0,OTT,2
2016020327,2016-11-27,20162017,2,PHI,5,CGY,3
2016020328,2016-11-28,20162017,2,NYI,2,CGY,1
2016020329,2016-11-28,20162017,2,STL,4,DAL,3
2016020330,2016-11-29,20162017,2,NYR,3,CAR,2
2016020331,2016-11-29,20162017,2,PHI,3,BOS,2
2016020332,2016-11-29,20162017,2,CBJ,5,TBL,1
2016020333,2016-11-29,20162017,2,OTT,4,BUF,5
2016020334,2016-11-29,20162017,2,DET,3,DAL,1
2016020335,2016-11-29,20162017,2,WPG,3,NJD,2
2016020336,2016-11-29,20162017,2,CHI,2,FLA,1
2016020337,2016-11-29,20162017,2,COL,3,NSH,5
2016020338,2016-11-29,20162017,2,EDM,2,TOR,4
2016020339,2016-11-29,20162017,2,VAN,5,MIN,4
2016020340,2016-11-29,20162017,2,ANA,2,MTL,1
2016020341,2016-11-29,20162017,2,SJS,2,ARI,1
2016020342,2016-11-30,20162017,2,NYI,5,PIT,3
2016020343,2016-11-30,20162017,2,CGY,3,TOR,0
2016020344,2016-11-30,20162017,2,LAK,1,SJS,4
2016020345,2016-12-01,20162017,2,BOS,2,CAR,1
2016020346,2016-12-01,20162017,2,BUF,4,NYR,3
2016020347,2016-12-01,20162017,2,PIT,6,DAL,2
2016020348,2016-12-01,20162017,2,WSH,0,NYI,3
2016020349,2016-12-01,20162017,2,OTT,2,PHI,3
2016020350,2016-12-01,20162017,2,DET,1,FLA,2
2016020351,2016-12-01,20162017,2,STL,5,TBL,4
2016020352,2016-12-01,20162017,2,WPG,3,EDM,6
2016020353,2016-12-01,20162017,2,CHI,4,NJD,3
2016020354,2016-12-01,20162017,2,COL,2,CBJ,3
2016020355,2016-12-01,20162017,2,ARI,3,LAK,4
2016020356,2016-12-01,20162017,2,VAN,1,ANA,3
2016020357,2016-12-02,20162017,2,CGY,3,MIN,2
2016020358,2016-12-02,20162017,2,SJS,2,MTL,1
2016020359,2016-12-03,20162017,2,BUF,1,BOS,2
2016020360,2016-12-03,20162017,2,NYR,4,CAR,2
2016020361,2016-12-03,20162017,2,PHI,3,CHI,1
2016020362,2016-12-03,20162017,2,NSH,4,NJD,5
2016020363,2016-12-03,20162017,2,OTT,2,FLA,0
2016020364,2016-12-03,20162017,2,TBL,2,WSH,1
2016020365,2016-12-03,20162017,2,PIT,5,DET,3
2016020366,2016-12-03,20162017,2,STL,2,WPG,3
2016020367,2016-12-03,20162017,2,VAN,3,TOR,2
2016020368,2016-12-03,20162017,2,ARI,2,CBJ,3
2016020369,2016-12-03,20162017,2,COL,0,DAL,3
2016020370,2016-12-03,20162017,2,EDM,3,ANA,2
2016020371,2016-12-04,20162017,2,CAR,1,TBL,0
2016020372,2016-12-04,20162017,2,NYI,3,DET,4
2016020373,2016-12-04,20162017,2,NSH,2,PHI,4
2016020374,2016-12-04,20162017,2,CHI,1,WPG,2
2016020375,2016-12-04,20162017,2,CGY,8,ANA,3
2016020376,2016-12-04,20162017,2,EDM,1,MIN,2
2016020377,2016-12-04,20162017,2,LAK,4,MTL,5
2016020378,2016-12-05,20162017,2,BOS,4,FLA,3
2016020379,2016-12-05,20162017,2,PIT,8,OTT,5
2016020380,2016-12-05,20162017,2,WSH,3,BUF,2
2016020381,2016-12-05,20162017,2,CBJ,4,ARI,1
2016020382,2016-12-06,20162017,2,BUF,4,EDM,3
2016020383,2016-12-06,20162017,2,NJD,3,VAN,2
2016020384,2016-12-06,20162017,2,NYI,4,NYR,2
2016020385,2016-12-06,20162017,2,PHI,3,FLA,2
2016020386,2016-12-06,20162017,2,STL,3,MTL,2
2016020387,2016-12-06,20162017,2,NSH,4,COL,3
2016020388,2016-12-06,20162017,2,WPG,3,DET,4
2016020389,2016-12-06,20162017,2,CHI,4,ARI,0
2016020390,2016-12-06,20162017,2,DAL,1,CGY,2
2016020391,2016-12-07,20162017,2,TOR,2,MIN,3
2016020392,2016-12-07,20162017,2,WSH,4,BOS,3
2016020393,2016-12-07,20162017,2,ANA,6,CAR,5
2016020394,2016-12-07,20162017,2,SJS,2,OTT,4
2016020395,2016-12-08,20162017,2,BOS,2,COL,4
2016020396,2016-12-08,20162017,2,NYI,3,STL,2
2016020397,2016-12-08,20162017,2,PHI,6,EDM,5
2016020398,2016-12-08,20162017,2,MTL,5,NJD,2
2016020399,2016-12-08,20162017,2,TBL,1,VAN,5
2016020400,2016-12-08,20162017,2,FLA,1,PIT,5
2016020401,2016-12-08,20162017,2,WPG,1,NYR,2
2016020402,2016-12-08,20162017,2,DAL,5,NSH,2
2016020403,2016-12-08,20162017,2,ARI,1,CGY,2
2016020404,2016-12-08,20162017,2,LAK,1,CAR,3
2016020405,2016-12-09,20162017,2,BUF,1,WSH,4
2016020406,2016-12-09,20162017,2,DET,1,CBJ,4
2016020407,2016-12-09,20162017,2,NJD,1,STL,4
2016020408,2016-12-09,20162017,2,MIN,3,EDM,2
2016020409,2016-12-09,20162017,2,CHI,0,NYR,1
2016020410,2016-12-09,20162017,2,ANA,3,SJS,2
2016020411,2016-12-10,20162017,2,PHI,4,DAL,2
2016020412,2016-12-10,20162017,2,LAK,4,OTT,1
2016020413,2016-12-10,20162017,2,BOS,1,TOR,4
2016020414,2016-12-10,20162017,2,MTL,10,COL,1
2016020415,2016-12-10,20162017,2,TBL,3,PIT,4
2016020416,2016-12-10,20162017,2,FLA,4,VAN,2
2016020417,2016-12-10,20162017,2,CBJ,6,NYI,2
2016020418,2016-12-10,20162017,2,ARI,4,NSH,1
2016020419,2016-12-10,20162017,2,CGY,6,WPG,2
2016020420,2016-12-10,20162017,2,SJS,4,CAR,3
2016020421,2016-12-11,20162017,2,ANA,5,OTT,1
2016020422,2016-12-11,20162017,2,DET,0,PHI,1
2016020423,2016-12-11,20162017,2,WSH,3,VAN,0
2016020424,2016-12-11,20162017,2,MIN,3,STL,1
2016020425,2016-12-11,20162017,2,TOR,1,COL,3
2016020426,2016-12-11,20162017,2,NYR,5,NJD,0
2016020427,2016-12-11,20162017,2,CHI,3,DAL,1
2016020428,2016-12-11,20162017,2,EDM,3,WPG,2
2016020429,2016-12-12,20162017,2,PIT,7,ARI,0
2016020430,2016-12-12,20162017,2,MTL,1,BOS,2
2016020431,2016-12-13,20162017,2,BUF,6,LAK,3
2016020432,2016-12-13,20162017,2,NYI,2,WSH,4
2016020433,2016-12-13,20162017,2,NYR,1,CHI,2
2016020434,2016-12-13,20162017,2,CAR,8,VAN,6
2016020435,2016-12-13,20162017,2,TOR,2,SJS,3
2016020436,2016-12-13,20162017,2,DET,1,ARI,4
2016020437,2016-12-13,20162017,2,NSH,6,STL,3
2016020438,2016-12-13,20162017,2,MIN,5,FLA,1
2016020439,2016-12-13,20162017,2,DAL,6,ANA,2
2016020440,2016-12-13,20162017,2,EDM,1,CBJ,3
2016020441,2016-12-14,20162017,2,OTT,3,SJS,4
2016020442,2016-12-14,20162017,2,PIT,4,BOS,3
2016020443,2016-12-14,20162017,2,CGY,3,TBL,6
2016020444,2016-12-14,20162017,2,COL,3,PHI,4
2016020445,2016-12-15,20162017,2,BOS,3,ANA,4
2016020446,2016-12-15,20162017,2,NYI,4,CHI,5
2016020447,2016-12-15,20162017,2,TOR,2,ARI,3
2016020448,2016-12-15,20162017,2,DET,1,LAK,4
2016020449,2016-12-15,20162017,2,STL,5,NJD,2
2016020450,2016-12-15,20162017,2,NSH,2,MIN,5
2016020451,2016-12-15,20162017,2,WPG,4,FLA,3
2016020452,2016-12-15,20162017,2,DAL,0,NYR,2
2016020453,2016-12-16,20162017,2,BUF,3,NYI,2
2016020454,2016-12-16,20162017,2,PIT,0,LAK,1
2016020455,2016-12-16,20162017,2,MTL,2,SJS,4
2016020456,2016-12-16,20162017,2,CAR,3,WSH,4
2016020457,2016-12-16,20162017,2,COL,1,FLA,3
2016020458,2016-12-16,20162017,2,CGY,1,CBJ,4
2016020459,2016-12-16,20162017,2,VAN,4,TBL,2
2016020460,2016-12-17,20162017,2,DAL,3,PHI,1
2016020461,2016-12-17,20162017,2,MIN,4,ARI,1
2016020462,2016-12-17,20162017,2,TOR,2,PIT,1
2016020463,2016-12-17,20162017,2,OTT,3,NJD,1
2016020464,2016-12-17,20162017,2,DET,6,ANA,4
2016020465,2016-12-17,20162017,2,WSH,1,MTL,2
2016020466,2016-12-17,20162017,2,CAR,2,BUF,1
2016020467,2016-12-17,20162017,2,STL,4,CHI,6
2016020468,2016-12-17,20162017,2,NSH,1,NYR,2
2016020469,2016-12-17,20162017,2,EDM,3,TBL,2
2016020470,2016-12-18,20162017,2,BOS,1,LAK,0
2016020471,2016-12-18,20162017,2,WPG,4,COL,1
2016020472,2016-12-18,20162017,2,VAN,3,CBJ,4
2016020473,2016-12-18,20162017,2,NYI,2,OTT,6
2016020474,2016-12-18,20162017,2,CHI,4,SJS,1
2016020475,2016-12-18,20162017,2,NYR,3,NJD,2
2016020476,2016-12-19,20162017,2,PHI,1,NSH,2
2016020478,2016-12-19,20162017,2,TOR,2,ANA,3
2016020479,2016-12-19,20162017,2,STL,2,EDM,3
2016020480,2016-12-19,20162017,2,ARI,2,CGY,4
2016020481,2016-12-20,20162017,2,BOS,2,NYI,4
2016020482,2016-12-20,20162017,2,NJD,1,NSH,5
2016020483,2016-12-20,20162017,2,PIT,7,NYR,2
2016020484,2016-12-20,20162017,2,CBJ,3,LAK,2
2016020485,2016-12-20,20162017,2,MTL,5,ANA,1
2016020486,2016-12-20,20162017,2,TBL,4,DET,1
2016020487,2016-12-20,20162017,2,FLA,4,BUF,3
2016020488,2016-12-20,20162017,2,MIN,2,COL,0
2016020489,2016-12-20,20162017,2,CHI,3,OTT,4
2016020490,2016-12-20,20162017,2,DAL,2,STL,3
2016020491,2016-12-20,20162017,2,VAN,4,WPG,1
2016020492,2016-12-20,20162017,2,SJS,4,CGY,1
2016020493,2016-12-21,20162017,2,PHI,3,WSH,2
2016020494,2016-12-21,20162017,2,ARI,2,EDM,3
2016020495,2016-12-22,20162017,2,BUF,1,CAR,3
2016020496,2016-12-22,20162017,2,NJD,4,PHI,0
2016020497,2016-12-22,20162017,2,CBJ,7,PIT,1
2016020498,2016-12-22,20162017,2,MTL,2,MIN,4
2016020499,2016-12-22,20162017,2,OTT,2,ANA,1
2016020500,2016-12-22,20162017,2,TBL,5,STL,2
2016020501,2016-12-22,20162017,2,FLA,1,BOS,3
2016020502,2016-12-22,20162017,2,NSH,0,LAK,4
2016020503,2016-12-22,20162017,2,COL,0,TOR,6
2016020504,2016-12-22,20162017,2,VAN,1,WPG,4
2016020505,2016-12-23,20162017,2,NYI,5,BUF,1
2016020506,2016-12-23,20162017,2,NYR,4,MIN,7
2016020507,2016-12-23,20162017,2,PIT,4,NJD,1
2016020508,2016-12-23,20162017,2,WSH,4,TBL,0
2016020509,2016-12-23,20162017,2,CBJ,2,MTL,1
2016020510,2016-12-23,20162017,2,FLA,3,DET,4
2016020511,2016-12-23,20162017,2,CAR,3,BOS,2
2016020512,2016-12-23,20162017,2,CHI,1,COL,2
2016020513,2016-12-23,20162017,2,DAL,3,LAK,2
2016020514,2016-12-23,20162017,2,CGY,4,VAN,1
2016020515,2016-12-23,20162017,2,ARI,1,TOR,4
2016020516,2016-12-23,20162017,2,SJS,3,EDM,2
2016020517,2016-12-27,20162017,2,NJD,2,PIT,5
2016020518,2016-12-27,20162017,2,NYI,4,WSH,3
2016020519,2016-12-27,20162017,2,NYR,4,OTT,3
2016020520,2016-12-27,20162017,2,CBJ,4,BOS,3
2016020521,2016-12-27,20162017,2,DET,3,BUF,4
2016020522,2016-12-27,20162017,2,NSH,2,MIN,3
2016020523,2016-12-27,20162017,2,CHI,1,WPG,3
2016020524,2016-12-27,20162017,2,COL,3,CGY,6
2016020525,2016-12-27,20162017,2,ARI,2,DAL,3
2016020526,2016-12-27,20162017,2,ANA,2,SJS,3
2016020527,2016-12-28,20162017,2,FLA,2,TOR,3
2016020528,2016-12-28,20162017,2,PIT,3,CAR,2
2016020529,2016-12-28,20162017,2,TBL,4,MTL,3
2016020530,2016-12-28,20162017,2,STL,6,PHI,3
2016020531,2016-12-28,20162017,2,VAN,2,LAK,1
2016020532,2016-12-29,20162017,2,BUF,2,BOS,4
2016020533,2016-12-29,20162017,2,WSH,1,NJD,2
2016020534,2016-12-29,20162017,2,OTT,2,DET,3
2016020535,2016-12-29,20162017,2,TBL,2,TOR,3
2016020536,2016-12-29,20162017,2,FLA,2,MTL,3
2016020537,2016-12-29,20162017,2,NSH,2,CHI,3
2016020538,2016-12-29,20162017,2,MIN,6,NYI,4
2016020539,2016-12-29,20162017,2,WPG,3,CBJ,5
2016020540,2016-12-29,20162017,2,DAL,4,COL,2
2016020541,2016-12-29,20162017,2,CGY,1,ANA,3
2016020542,2016-12-29,20162017,2,EDM,3,LAK,1
2016020543,2016-12-29,20162017,2,ARI,3,NYR,6
2016020544,2016-12-30,20162017,2,CAR,3,CHI,2
2016020545,2016-12-30,20162017,2,STL,0,NSH,4
2016020546,2016-12-30,20162017,2,VAN,3,ANA,2
2016020547,2016-12-30,20162017,2,SJS,2,PHI,0
2016020548,2016-12-31,20162017,2,BOS,3,BUF,1
2016020549,2016-12-31,20162017,2,NJD,2,WSH,6
2016020550,2016-12-31,20162017,2,MIN,2,CBJ,4
2016020551,2016-12-31,20162017,2,TBL,3,CAR,1
2016020552,2016-12-31,20162017,2,PIT,4,MTL,3
2016020553,2016-12-31,20162017,2,WPG,2,NYI,6
2016020554,2016-12-31,20162017,2,DAL,1,FLA,3
2016020555,2016-12-31,20162017,2,COL,2,NYR,6
2016020556,2016-12-31,20162017,2,CGY,4,ARI,2
2016020557,2016-12-31,20162017,2,EDM,2,VAN,3
2016020558,2016-12-31,20162017,2,LAK,3,SJS,2
2016020559,2017-01-01,20162017,2,TOR,5,DET,4
2016020560,2017-01-01,20162017,2,WSH,2,OTT,1
2016020561,2017-01-01,20162017,2,ANA,4,PHI,3
2016020562,2017-01-02,20162017,2,STL,4,CHI,1
2016020563,2017-01-02,20162017,2,NJD,3,BOS,0
2016020564,2017-01-02,20162017,2,VAN,3,COL,2
2016020565,2017-01-03,20162017,2,NYR,1,BUF,4
2016020566,2017-01-03,20162017,2,WSH,6,TOR,5
2016020567,2017-01-03,20162017,2,CAR,1,NJD,3
2016020568,2017-01-03,20162017,2,CBJ,3,EDM,1
2016020569,2017-01-03,20162017,2,TBL,4,WPG,6
2016020570,2017-01-03,20162017,2,NSH,1,MTL,2
2016020571,2017-01-03,20162017,2,SJS,1,LAK,2
2016020572,2017-01-04,20162017,2,FLA,1,WPG,4
2016020573,2017-01-04,20162017,2,PHI,2,NYR,5
2016020574,2017-01-04,20162017,2,DAL,3,MTL,4
2016020575,2017-01-04,20162017,2,CGY,4,COL,1
2016020576,2017-01-04,20162017,2,VAN,3,ARI,0
2016020577,2017-01-04,20162017,2,ANA,2,DET,0
2016020578,2017-01-05,20162017,2,BOS,3,EDM,4
2016020579,2017-01-05,20162017,2,WSH,5,CBJ,0
2016020580,2017-01-05,20162017,2,TBL,1,NSH,6
2016020581,2017-01-05,20162017,2,STL,2,CAR,4
2016020582,2017-01-05,20162017,2,CHI,4,BUF,3
2016020583,2017-01-05,20162017,2,LAK,0,DET,4
2016020584,2017-01-05,20162017,2,SJS,4,MIN,5
2016020585,2017-01-06,20162017,2,FLA,2,NSH,1
2016020586,2017-01-06,20162017,2,NJD,2,TOR,4
2016020587,2017-01-06,20162017,2,CHI,2,CAR,1
2016020588,2017-01-06,20162017,2,COL,2,NYI,1
2016020589,2017-01-06,20162017,2,VAN,4,CGY,2
2016020590,2017-01-06,20162017,2,ANA,3,ARI,2
2016020591,2017-01-07,20162017,2,BUF,4,WPG,3
2016020592,2017-01-07,20162017,2,PHI,4,TBL,2
2016020593,2017-01-07,20162017,2,LAK,4,MIN,3
2016020594,2017-01-07,20162017,2,TOR,3,MTL,5
2016020595,2017-01-07,20162017,2,OTT,0,WSH,1
2016020596,2017-01-07,20162017,2,FLA,0,BOS,4
2016020597,2017-01-07,20162017,2,NJD,1,EDM,2
2016020598,2017-01-07,20162017,2,CBJ,4,NYR,5
2016020599,2017-01-07,20162017,2,STL,4,DAL,3
2016020600,2017-01-07,20162017,2,ARI,2,NYI,1
2016020601,2017-01-07,20162017,2,CGY,3,VAN,1
2016020602,2017-01-07,20162017,2,SJS,6,DET,3
2016020603,2017-01-08,20162017,2,PIT,6,TBL,2
2016020604,2017-01-08,20162017,2,CAR,4,BOS,3
2016020605,2017-01-08,20162017,2,CBJ,2,PHI,1
2016020606,2017-01-08,20162017,2,OTT,5,EDM,3
2016020607,2017-01-08,20162017,2,CHI,5,NSH,2
2016020608,2017-01-08,20162017,2,ANA,1,MIN,2
2016020609,2017-01-09,20162017,2,NJD,0,FLA,3
2016020610,2017-01-09,20162017,2,MTL,1,WSH,4
2016020611,2017-01-09,20162017,2,WPG,2,CGY,0
2016020612,2017-01-09,20162017,2,LAK,4,DAL,6
2016020613,2017-01-10,20162017,2,BUF,4,PHI,1
2016020614,2017-01-10,20162017,2,CAR,5,CBJ,3
2016020615,2017-01-10,20162017,2,STL,3,BOS,5
2016020616,2017-01-10,20162017,2,NSH,2,VAN,1
2016020617,2017-01-10,20162017,2,CHI,4,DET,3
2016020618,2017-01-10,20162017,2,EDM,3,SJS,5
2016020619,2017-01-10,20162017,2,ANA,2,DAL,0
2016020620,2017-01-11,20162017,2,NYI,1,FLA,2
2016020621,2017-01-11,20162017,2,WPG,4,MTL,7
2016020622,2017-01-11,20162017,2,WSH,5,PIT,2
2016020623,2017-01-11,20162017,2,CGY,3,SJS,2
2016020624,2017-01-12,20162017,2,PHI,5,VAN,4
2016020625,2017-01-12,20162017,2,OTT,4,PIT,1
2016020626,2017-01-12,20162017,2,TBL,4,BUF,2
2016020627,2017-01-12,20162017,2,NSH,2,BOS,1
2016020628,2017-01-12,20162017,2,MIN,7,MTL,1
2016020629,2017-01-12,20162017,2,DAL,5,DET,2
2016020630,2017-01-12,20162017,2,COL,1,ANA,4
2016020631,2017-01-12,20162017,2,EDM,3,NJD,2
2016020632,2017-01-12,20162017,2,LAK,5,STL,1
2016020633,2017-01-13,20162017,2,NYR,2,TOR,4
2016020634,2017-01-13,20162017,2,WSH,6,CHI,0
2016020635,2017-01-13,20162017,2,TBL,1,CBJ,3
2016020636,2017-01-13,20162017,2,FLA,2,NYI,5
2016020637,2017-01-13,20162017,2,CAR,5,BUF,2
2016020638,2017-01-13,20162017,2,CGY,1,NJD,2
2016020639,2017-01-13,20162017,2,ARI,4,WPG,3
2016020640,2017-01-14,20162017,2,BOS,6,PHI,3
2016020641,2017-01-14,20162017,2,COL,2,NSH,3
2016020642,2017-01-14,20162017,2,MTL,5,NYR,4
2016020643,2017-01-14,20162017,2,OTT,2,TOR,4
2016020644,2017-01-14,20162017,2,DET,6,PIT,3
2016020645,2017-01-14,20162017,2,FLA,4,CBJ,3
2016020646,2017-01-14,20162017,2,CAR,7,NYI,4
2016020647,2017-01-14,20162017,2,ARI,0,ANA,3
2016020648,2017-01-14,20162017,2,DAL,4,MIN,5
2016020649,2017-01-14,20162017,2,EDM,2,CGY,1
2016020650,2017-01-14,20162017,2,LAK,3,WPG,2
2016020651,2017-01-14,20162017,2,SJS,0,STL,4
2016020652,2017-01-15,20162017,2,WSH,5,PHI,0
2016020653,2017-01-15,20162017,2,CHI,2,MIN,3
2016020654,2017-01-15,20162017,2,VAN,1,NJD,2
2016020655,2017-01-15,20162017,2,ANA,1,STL,2
2016020656,2017-01-16,20162017,2,BOS,0,NYI,4
2016020657,2017-01-16,20162017,2,BUF,4,DAL,1
2016020658,2017-01-16,20162017,2,DET,1,MTL,0
2016020659,2017-01-16,20162017,2,LAK,1,TBL,2
2016020660,2017-01-16,20162017,2,SJS,5,WPG,2
2016020661,2017-01-16,20162017,2,PIT,8,WSH,7
2016020662,2017-01-16,20162017,2,EDM,3,ARI,1
2016020663,2017-01-17,20162017,2,NYR,6,DAL,7
2016020664,2017-01-17,20162017,2,CBJ,4,CAR,1
2016020665,2017-01-17,20162017,2,TOR,4,BUF,3
2016020666,2017-01-17,20162017,2,STL,4,OTT,6
2016020667,2017-01-17,20162017,2,MIN,3,NJD,4
2016020668,2017-01-17,20162017,2,COL,4,CHI,6
2016020669,2017-01-17,20162017,2,CGY,5,FLA,2
2016020670,2017-01-17,20162017,2,VAN,1,NSH,0
2016020671,2017-01-17,20162017,2,ANA,2,TBL,1
2016020672,2017-01-18,20162017,2,MTL,1,PIT,4
2016020673,2017-01-18,20162017,2,WPG,6,ARI,3
2016020674,2017-01-18,20162017,2,DET,6,BOS,5
2016020675,2017-01-18,20162017,2,EDM,4,FLA,3
2016020676,2017-01-18,20162017,2,LAK,2,SJS,3
2016020677,2017-01-19,20162017,2,NYI,3,DAL,0
2016020678,2017-01-19,20162017,2,CBJ,0,OTT,2
2016020679,2017-01-19,20162017,2,TOR,2,NYR,5
2016020680,2017-01-19,20162017,2,STL,3,WSH,7
2016020681,2017-01-19,20162017,2,MIN,4,ARI,3
2016020682,2017-01-19,20162017,2,CGY,3,NSH,4
2016020683,2017-01-19,20162017,2,ANA,2,COL,1
2016020684,2017-01-19,20162017,2,SJS,2,TBL,1
2016020685,2017-01-20,20162017,2,BOS,0,CHI,1
2016020686,2017-01-20,20162017,2,BUF,3,DET,2
2016020687,2017-01-20,20162017,2,CAR,1,PIT,7
2016020688,2017-01-20,20162017,2,NJD,1,MTL,3
2016020689,2017-01-20,20162017,2,EDM,2,NSH,3
2016020690,2017-01-20,20162017,2,VAN,2,FLA,1
2016020691,2017-01-21,20162017,2,WPG,5,STL,3
2016020692,2017-01-21,20162017,2,CBJ,3,CAR,2
2016020693,2017-01-21,20162017,2,TOR,2,OTT,3
2016020694,2017-01-21,20162017,2,MTL,2,BUF,3
2016020695,2017-01-21,20162017,2,NYI,4,LAK,2
2016020696,2017-01-21,20162017,2,PHI,1,NJD,4
2016020697,2017-01-21,20162017,2,DAL,3,WSH,4
2016020698,2017-01-21,20162017,2,ARI,5,TBL,3
2016020699,2017-01-21,20162017,2,MIN,5,ANA,3
2016020700,2017-01-21,20162017,2,CGY,3,EDM,7
2016020701,2017-01-21,20162017,2,SJS,3,COL,2
2016020702,2017-01-22,20162017,2,PIT,5,BOS,1
2016020703,2017-01-22,20162017,2,DET,0,NYR,1
2016020704,2017-01-22,20162017,2,OTT,6,CBJ,7
2016020705,2017-01-22,20162017,2,NYI,2,PHI,3
2016020706,2017-01-22,20162017,2,CHI,4,VAN,2
2016020707,2017-01-22,20162017,2,MIN,2,NSH,4
2016020708,2017-01-23,20162017,2,NYR,3,LAK,2
2016020709,2017-01-23,20162017,2,WSH,6,CAR,1
2016020710,2017-01-23,20162017,2,TOR,4,CGY,0
2016020711,2017-01-23,20162017,2,WPG,2,ANA,3
2016020712,2017-01-23,20162017,2,COL,2,SJS,5
2016020713,2017-01-23,20162017,2,ARI,3,FLA,2
2016020714,2017-01-24,20162017,2,BOS,4,DET,3
2016020715,2017-01-24,20162017,2,NJD,1,LAK,3
2016020716,2017-01-24,20162017,2,NYI,4,CBJ,2
2016020717,2017-01-24,20162017,2,PIT,0,STL,3
2016020718,2017-01-24,20162017,2,MTL,5,CGY,1
2016020719,2017-01-24,20162017,2,OTT,3,WSH,0
2016020720,2017-01-24,20162017,2,NSH,4,BUF,5
2016020721,2017-01-24,20162017,2,WPG,3,SJS,4
2016020722,2017-01-24,20162017,2,CHI,2,TBL,5
2016020723,2017-01-24,20162017,2,DAL,2,MIN,3
2016020724,2017-01-25,20162017,2,DET,0,TOR,4
2016020725,2017-01-25,20162017,2,NYR,0,PHI,2
2016020726,2017-01-25,20162017,2,COL,2,VAN,3
2016020727,2017-01-25,20162017,2,ANA,0,EDM,4
2016020728,2017-01-26,20162017,2,BOS,4,PIT,3
2016020729,2017-01-26,20162017,2,NJD,2,WSH,5
2016020730,2017-01-26,20162017,2,NYI,3,MTL,1
2016020731,2017-01-26,20162017,2,PHI,2,TOR,1
2016020732,2017-01-26,20162017,2,CAR,0,LAK,3
2016020733,2017-01-26,20162017,2,OTT,2,CGY,3
2016020734,2017-01-26,20162017,2,FLA,2,TBL,1
2016020735,2017-01-26,20162017,2,NSH,4,CBJ,3
2016020736,2017-01-26,20162017,2,MIN,5,STL,1
2016020737,2017-01-26,20162017,2,CHI,3,WPG,5
2016020738,2017-01-26,20162017,2,DAL,4,BUF,3
2016020739,2017-01-26,20162017,2,ARI,3,VAN,0
2016020740,2017-01-26,20162017,2,SJS,1,EDM,4
2016020741,2017-01-31,20162017,2,NYI,3,WSH,2
2016020742,2017-01-31,20162017,2,NYR,4,CBJ,6
2016020743,2017-01-31,20162017,2,PIT,4,NSH,2
2016020744,2017-01-31,20162017,2,CAR,5,PHI,1
2016020745,2017-01-31,20162017,2,MTL,5,BUF,2
2016020746,2017-01-31,20162017,2,DET,3,NJD,4
2016020747,2017-01-31,20162017,2,TBL,3,BOS,4
2016020748,2017-01-31,20162017,2,FLA,6,OTT,5
2016020749,2017-01-31,20162017,2,STL,3,WPG,5
2016020750,2017-01-31,20162017,2,DAL,6,TOR,3
2016020751,2017-01-31,20162017,2,EDM,2,MIN,5
2016020752,2017-01-31,20162017,2,ARI,2,LAK,3
2016020753,2017-01-31,20162017,2,ANA,5,COL,1
2016020754,2017-01-31,20162017,2,SJS,3,CHI,1
2016020755,2017-02-01,20162017,2,WSH,5,BOS,3
2016020756,2017-02-01,20162017,2,CGY,5,MIN,1
2016020757,2017-02-01,20162017,2,LAK,5,COL,0
2016020758,2017-02-02,20162017,2,BUF,1,NYR,2
2016020759,2017-02-02,20162017,2,PHI,3,MTL,1
2016020760,2017-02-02,20162017,2,TBL,2,OTT,5
2016020761,2017-02-02,20162017,2,STL,5,TOR,1
2016020762,2017-02-02,20162017,2,NSH,2,EDM,0
2016020763,2017-02-02,20162017,2,DAL,3,WPG,4
2016020764,2017-02-02,20162017,2,ARI,3,CHI,4
2016020765,2017-02-02,20162017,2,VAN,1,SJS,4
2016020766,2017-02-03,20162017,2,PIT,4,CBJ,3
2016020767,2017-02-03,20162017,2,DET,5,NYI,4
2016020768,2017-02-03,20162017,2,FLA,2,ANA,1
2016020769,2017-02-03,20162017,2,NJD,3,CGY,4
2016020770,2017-02-03,20162017,2,CAR,2,EDM,1
2016020771,2017-02-04,20162017,2,MTL,2,WSH,3
2016020772,2017-02-04,20162017,2,PHI,0,LAK,1
2016020773,2017-02-04,20162017,2,COL,5,WPG,2
2016020774,2017-02-04,20162017,2,BOS,5,TOR,6
2016020775,2017-02-04,20162017,2,BUF,4,OTT,0
2016020776,2017-02-04,20162017,2,TBL,3,ANA,2
2016020777,2017-02-04,20162017,2,NYI,4,CAR,5
2016020778,2017-02-04,20162017,2,CBJ,1,NJD,5
2016020779,2017-02-04,20162017,2,STL,1,PIT,4
2016020780,2017-02-04,20162017,2,NSH,0,DET,1
2016020781,2017-02-04,20162017,2,DAL,3,CHI,5
2016020782,2017-02-04,20162017,2,VAN,3,MIN,6
2016020783,2017-02-04,20162017,2,SJS,2,ARI,3
2016020784,2017-02-05,20162017,2,WSH,5,LAK,0
2016020785,2017-02-05,20162017,2,MTL,0,EDM,1
2016020786,2017-02-05,20162017,2,NYR,4,CGY,3
2016020787,2017-02-06,20162017,2,NJD,2,BUF,1
2016020788,2017-02-06,20162017,2,NYI,6,TOR,5
2016020789,2017-02-06,20162017,2,PHI,0,STL,2
2016020790,2017-02-07,20162017,2,BUF,5,SJS,4
2016020791,2017-02-07,20162017,2,NYR,4,ANA,1
2016020792,2017-02-07,20162017,2,PIT,2,CGY,3
2016020793,2017-02-07,20162017,2,WSH,5,CAR,0
2016020794,2017-02-07,20162017,2,TOR,3,DAL,1
2016020795,2017-02-07,20162017,2,OTT,0,STL,6
2016020796,2017-02-07,20162017,2,DET,2,CBJ,3
2016020797,2017-02-07,20162017,2,TBL,5,LAK,0
2016020798,2017-02-07,20162017,2,NSH,4,VAN,2
2016020799,2017-02-07,20162017,2,WPG,2,MIN,4
2016020800,2017-02-07,20162017,2,COL,4,MTL,0
2016020801,2017-02-08,20162017,2,MIN,3,CHI,4
2016020802,2017-02-09,20162017,2,BOS,6,SJS,3
2016020803,2017-02-09,20162017,2,BUF,2,ANA,5
2016020804,2017-02-09,20162017,2,NYR,4,NSH,3
2016020805,2017-02-09,20162017,2,PHI,1,NYI,3
2016020806,2017-02-09,20162017,2,WSH,6,DET,3
2016020807,2017-02-09,20162017,2,CBJ,0,VAN,3
2016020808,2017-02-09,20162017,2,TOR,1,STL,2
2016020809,2017-02-09,20162017,2,OTT,3,DAL,2
2016020810,2017-02-09,20162017,2,FLA,3,LAK,6
2016020811,2017-02-09,20162017,2,COL,1,PIT,4
2016020812,2017-02-09,20162017,2,ARI,4,MTL,5
2016020813,2017-02-10,20162017,2,MIN,2,TBL,1
2016020814,2017-02-10,20162017,2,WPG,2,CHI,5
2016020815,2017-02-11,20162017,2,BOS,4,VAN,3
2016020816,2017-02-11,20162017,2,OTT,3,NYI,0
2016020817,2017-02-11,20162017,2,PHI,2,SJS,1
2016020818,2017-02-11,20162017,2,NSH,4,FLA,7
2016020819,2017-02-11,20162017,2,DAL,5,CAR,2
2016020820,2017-02-11,20162017,2,CBJ,2,DET,1
2016020821,2017-02-11,20162017,2,TOR,1,BUF,3
2016020822,2017-02-11,20162017,2,MTL,2,STL,4
2016020823,2017-02-11,20162017,2,NYR,4,COL,2
2016020824,2017-02-11,20162017,2,WSH,6,ANA,4
2016020825,2017-02-11,20162017,2,WPG,1,TBL,4
2016020826,2017-02-11,20162017,2,ARI,4,PIT,3
2016020827,2017-02-11,20162017,2,EDM,1,CHI,5
2016020828,2017-02-12,20162017,2,NJD,1,SJS,4
2016020829,2017-02-12,20162017,2,MIN,6,DET,3
2016020830,2017-02-12,20162017,2,NYI,5,COL,1
2016020831,2017-02-12,20162017,2,NSH,5,DAL,3
2016020832,2017-02-12,20162017,2,BOS,4,MTL,0
2016020833,2017-02-12,20162017,2,BUF,2,VAN,4
2016020834,2017-02-13,20162017,2,CBJ,2,NYR,3
2016020835,2017-02-13,20162017,2,CGY,0,ARI,5
2016020836,2017-02-14,20162017,2,NJD,3,COL,2
2016020837,2017-02-14,20162017,2,PIT,4,VAN,0
2016020838,2017-02-14,20162017,2,TOR,7,NYI,1
2016020839,2017-02-14,20162017,2,OTT,2,BUF,3
2016020840,2017-02-14,20162017,2,MIN,0,ANA,1
2016020841,2017-02-14,20162017,2,WPG,5,DAL,2
2016020842,2017-02-14,20162017,2,EDM,5,ARI,2
2016020843,2017-02-15,20162017,2,CBJ,5,TOR,2
2016020844,2017-02-15,20162017,2,DET,0,STL,2
2016020845,2017-02-15,20162017,2,CGY,3,PHI,1
2016020846,2017-02-15,20162017,2,SJS,5,FLA,6
2016020847,2017-02-16,20162017,2,BUF,2,COL,0
2016020848,2017-02-16,20162017,2,NJD,0,OTT,3
2016020849,2017-02-16,20162017,2,NYI,4,NYR,2
2016020850,2017-02-16,20162017,2,PIT,4,WPG,3
2016020851,2017-02-16,20162017,2,STL,4,VAN,3
2016020852,2017-02-16,20162017,2,MIN,3,DAL,1
2016020853,2017-02-16,20162017,2,EDM,6,PHI,3
2016020854,2017-02-16,20162017,2,LAK,3,ARI,5
2016020855,2017-02-17,20162017,2,CBJ,2,PIT,1
2016020856,2017-02-17,20162017,2,CAR,1,COL,2
2016020857,2017-02-17,20162017,2,ANA,1,FLA,4
2016020858,2017-02-18,20162017,2,BUF,3,STL,2
2016020859,2017-02-18,20162017,2,MTL,1,WPG,3
2016020860,2017-02-18,20162017,2,DET,3,WSH,2
2016020861,2017-02-18,20162017,2,TOR,3,OTT,6
2016020862,2017-02-18,20162017,2,NJD,3,NYI,2
2016020863,2017-02-18,20162017,2,CHI,1,EDM,3
2016020864,2017-02-18,20162017,2,DAL,4,TBL,3
2016020865,2017-02-18,20162017,2,MIN,5,NSH,2
2016020866,2017-02-18,20162017,2,ARI,1,SJS,4
2016020867,2017-02-18,20162017,2,VAN,2,CGY,1
2016020868,2017-02-18,20162017,2,LAK,2,FLA,3
2016020869,2017-02-19,20162017,2,NYR,2,WSH,1
2016020870,2017-02-19,20162017,2,PIT,2,DET,5
2016020871,2017-02-19,20162017,2,OTT,2,WPG,3
2016020872,2017-02-19,20162017,2,BUF,1,CHI,5
2016020873,2017-02-19,20162017,2,NYI,6,NJD,4
2016020874,2017-02-19,20162017,2,CBJ,3,NSH,4
2016020875,2017-02-19,20162017,2,CAR,0,TOR,4
2016020876,2017-02-19,20162017,2,COL,2,TBL,3
2016020877,2017-02-19,20162017,2,SJS,1,BOS,2
2016020878,2017-02-19,20162017,2,ANA,1,LAK,0
2016020879,2017-02-19,20162017,2,VAN,2,PHI,3
2016020880,2017-02-20,20162017,2,STL,1,FLA,2
2016020881,2017-02-20,20162017,2,ARI,3,ANA,2
2016020882,2017-02-21,20162017,2,NJD,1,OTT,2
2016020883,2017-02-21,20162017,2,NYR,2,MTL,3
2016020884,2017-02-21,20162017,2,CAR,1,PIT,3
2016020885,2017-02-21,20162017,2,TOR,5,WPG,4
2016020886,2017-02-21,20162017,2,DET,1,NYI,3
2016020887,2017-02-21,20162017,2,TBL,4,EDM,1
2016020888,2017-02-21,20162017,2,NSH,5,CGY,6
2016020889,2017-02-21,20162017,2,MIN,3,CHI,5
2016020890,2017-02-21,20162017,2,COL,1,LAK,2
2016020891,2017-02-22,20162017,2,FLA,3,EDM,4
2016020892,2017-02-22,20162017,2,PHI,1,WSH,4
2016020893,2017-02-22,20162017,2,ANA,5,BOS,3
2016020894,2017-02-23,20162017,2,TOR,1,NYR,2
2016020895,2017-02-23,20162017,2,MTL,0,NYI,3
2016020896,2017-02-23,20162017,2,TBL,2,CGY,3
2016020897,2017-02-23,20162017,2,NSH,4,COL,2
2016020898,2017-02-23,20162017,2,CHI,6,ARI,3
2016020899,2017-02-23,20162017,2,LAK,1,BOS,4
2016020900,2017-02-24,20162017,2,WSH,2,EDM,1
2016020901,2017-02-24,20162017,2,FLA,2,CGY,4
2016020902,2017-02-24,20162017,2,CAR,3,OTT,0
2016020903,2017-02-24,20162017,2,DAL,5,ARI,2
2016020904,2017-02-25,20162017,2,LAK,4,ANA,1
2016020905,2017-02-25,20162017,2,NJD,3,NYR,4
2016020906,2017-02-25,20162017,2,NSH,5,WSH,2
2016020907,2017-02-25,20162017,2,TOR,2,MTL,3
2016020908,2017-02-25,20162017,2,PIT,4,PHI,2
2016020909,2017-02-25,20162017,2,CBJ,7,NYI,0
2016020910,2017-02-25,20162017,2,COL,5,BUF,3
2016020911,2017-02-25,20162017,2,VAN,1,SJS,4
2016020912,2017-02-26,20162017,2,DAL,3,BOS,6
2016020913,2017-02-26,20162017,2,CAR,1,CGY,3
2016020914,2017-02-26,20162017,2,NYR,2,CBJ,5
2016020915,2017-02-26,20162017,2,NSH,5,EDM,4
2016020916,2017-02-26,20162017,2,FLA,1,OTT,2
2016020917,2017-02-26,20162017,2,CHI,4,STL,2
2016020918,2017-02-26,20162017,2,ARI,3,BUF,2
2016020919,2017-02-27,20162017,2,NJD,3,MTL,4
2016020920,2017-02-27,20162017,2,TBL,5,OTT,1
2016020921,2017-02-27,20162017,2,MIN,5,LAK,4
2016020922,2017-02-28,20162017,2,BOS,4,ARI,1
2016020923,2017-02-28,20162017,2,BUF,4,NSH,5
2016020924,2017-02-28,20162017,2,NYR,1,WSH,4
2016020925,2017-02-28,20162017,2,PHI,4,COL,0
2016020926,2017-02-28,20162017,2,MTL,1,CBJ,0
2016020927,2017-02-28,20162017,2,FLA,3,CAR,2
2016020928,2017-02-28,20162017,2,STL,1,EDM,2
2016020929,2017-02-28,20162017,2,WPG,5,MIN,6
2016020930,2017-02-28,20162017,2,DAL,3,PIT,2
2016020931,2017-02-28,20162017,2,CGY,2,LAK,1
2016020932,2017-02-28,20162017,2,VAN,2,DET,3
2016020933,2017-02-28,20162017,2,SJS,3,TOR,1
2016020934,2017-03-01,20162017,2,TBL,4,CAR,3
2016020935,2017-03-01,20162017,2,CHI,4,PIT,1
2016020936,2017-03-02,20162017,2,BOS,1,NYR,2
2016020937,2017-03-02,20162017,2,BUF,6,ARI,3
2016020938,2017-03-02,20162017,2,PHI,2,FLA,1
2016020939,2017-03-02,20162017,2,WSH,1,NJD,0
2016020940,2017-03-02,20162017,2,CBJ,1,MIN,0
2016020941,2017-03-02,20162017,2,MTL,2,NSH,1
2016020942,2017-03-02,20162017,2,OTT,2,COL,1
2016020943,2017-03-02,20162017,2,DAL,4,NYI,5
2016020944,2017-03-02,20162017,2,LAK,3,TOR,2
2016020945,2017-03-02,20162017,2,SJS,3,VAN,1
2016020946,2017-03-03,20162017,2,PIT,5,TBL,2
2016020947,2017-03-03,20162017,2,CAR,2,ARI,4
2016020948,2017-03-03,20162017,2,WPG,3,STL,0
2016020949,2017-03-03,20162017,2,CHI,2,NYI,1
2016020950,2017-03-03,20162017,2,CGY,3,DET,2
2016020951,2017-03-03,20162017,2,ANA,5,TOR,2
2016020952,2017-03-04,20162017,2,BOS,3,NJD,2
2016020953,2017-03-04,20162017,2,BUF,1,TBL,2
2016020954,2017-03-04,20162017,2,OTT,3,CBJ,2
2016020955,2017-03-04,20162017,2,FLA,1,DAL,2
2016020956,2017-03-04,20162017,2,NYR,1,MTL,4
2016020957,2017-03-04,20162017,2,WSH,2,PHI,1
2016020958,2017-03-04,20162017,2,WPG,6,COL,1
2016020959,2017-03-04,20162017,2,NSH,3,CHI,5
2016020960,2017-03-04,20162017,2,EDM,4,DET,3
2016020961,2017-03-04,20162017,2,LAK,3,VAN,4
2016020962,2017-03-05,20162017,2,CGY,5,NYI,2
2016020963,2017-03-05,20162017,2,NJD,0,CBJ,3
2016020964,2017-03-05,20162017,2,PIT,4,BUF,3
2016020965,2017-03-05,20162017,2,MIN,3,SJS,1
2016020966,2017-03-05,20162017,2,COL,0,STL,3
2016020967,2017-03-05,20162017,2,ANA,1,VAN,2
2016020968,2017-03-05,20162017,2,ARI,1,CAR,2
2016020969,2017-03-06,20162017,2,WSH,2,DAL,4
2016020970,2017-03-06,20162017,2,OTT,4,BOS,2
2016020971,2017-03-06,20162017,2,TBL,0,NYR,1
2016020972,2017-03-06,20162017,2,WPG,2,SJS,3
2016020973,2017-03-07,20162017,2,BUF,3,PHI,6
2016020974,2017-03-07,20162017,2,CBJ,2,NJD,0
2016020975,2017-03-07,20162017,2,TOR,3,DET,2
2016020976,2017-03-07,20162017,2,FLA,2,NYR,5
2016020977,2017-03-07,20162017,2,MIN,1,STL,2
2016020978,2017-03-07,20162017,2,COL,3,CAR,1
2016020979,2017-03-07,20162017,2,EDM,1,NYI,4
2016020980,2017-03-07,20162017,2,VAN,1,MTL,2
2016020981,2017-03-07,20162017,2,ANA,4,NSH,3
2016020982,2017-03-08,20162017,2,BOS,6,DET,1
2016020983,2017-03-08,20162017,2,DAL,2,OTT,5
2016020984,2017-03-08,20162017,2,WPG,4,PIT,7
2016020985,2017-03-09,20162017,2,CAR,4,NYR,3
2016020986,2017-03-09,20162017,2,TOR,4,PHI,2
2016020987,2017-03-09,20162017,2,TBL,4,MIN,1
2016020988,2017-03-09,20162017,2,CHI,0,ANA,1
2016020989,2017-03-09,20162017,2,COL,3,NJD,2
2016020990,2017-03-09,20162017,2,CGY,5,MTL,0
2016020991,2017-03-09,20162017,2,ARI,2,OTT,3
2016020992,2017-03-09,20162017,2,VAN,3,NYI,4
2016020993,2017-03-09,20162017,2,LAK,3,NSH,2
2016020994,2017-03-09,20162017,2,SJS,4,WSH,2
2016020995,2017-03-10,20162017,2,CBJ,4,BUF,3
2016020996,2017-03-10,20162017,2,DET,4,CHI,2
2016020997,2017-03-10,20162017,2,FLA,4,MIN,7
2016020998,2017-03-10,20162017,2,STL,4,ANA,3
2016020999,2017-03-10,20162017,2,EDM,2,PIT,3
2016021000,2017-03-11,20162017,2,BOS,2,PHI,1
2016021001,2017-03-11,20162017,2,SJS,1,NSH,3
2016021002,2017-03-11,20162017,2,BUF,5,CBJ,3
2016021003,2017-03-11,20162017,2,TBL,3,FLA,2
2016021004,2017-03-11,20162017,2,CAR,2,TOR,3
2016021005,2017-03-11,20162017,2,WPG,0,CGY,3
2016021006,2017-03-11,20162017,2,COL,2,OTT,4
2016021007,2017-03-11,20162017,2,STL,4,NYI,3
2016021008,2017-03-11,20162017,2,ARI,5,NJD,4
2016021009,2017-03-11,20162017,2,VAN,0,PIT,3
2016021010,2017-03-11,20162017,2,LAK,4,WSH,2
2016021011,2017-03-12,20162017,2,DET,1,NYR,4
2016021012,2017-03-12,20162017,2,CHI,4,MIN,2
2016021013,2017-03-12,20162017,2,EDM,1,MTL,4
2016021014,2017-03-12,20162017,2,ANA,5,WSH,2
2016021015,2017-03-12,20162017,2,SJS,5,DAL,1
2016021016,2017-03-13,20162017,2,NYI,4,CAR,8
2016021017,2017-03-13,20162017,2,NYR,2,TBL,3
2016021018,2017-03-13,20162017,2,PHI,3,CBJ,5
2016021019,2017-03-13,20162017,2,NSH,5,WPG,4
2016021020,2017-03-13,20162017,2,CGY,4,PIT,3
2016021021,2017-03-13,20162017,2,VAN,3,BOS,6
2016021022,2017-03-13,20162017,2,ARI,1,COL,0
2016021023,2017-03-13,20162017,2,LAK,1,STL,3
2016021025,2017-03-14,20162017,2,WSH,4,MIN,2
2016021026,2017-03-14,20162017,2,CAR,2,NYI,3
2016021027,2017-03-14,20162017,2,MTL,2,CHI,4
2016021028,2017-03-14,20162017,2,OTT,1,TBL,2
2016021029,2017-03-14,20162017,2,FLA,7,TOR,2
2016021030,2017-03-14,20162017,2,EDM,7,DAL,1
2016021031,2017-03-14,20162017,2,LAK,2,ARI,3
2016021032,2017-03-14,20162017,2,SJS,4,BUF,1
2016021033,2017-03-15,20162017,2,PHI,4,PIT,0
2016021034,2017-03-15,20162017,2,CGY,2,BOS,5
2016021035,2017-03-15,20162017,2,COL,3,DET,1
2016021036,2017-03-15,20162017,2,ANA,2,STL,1
2016021037,2017-03-16,20162017,2,NJD,6,PHI,2
2016021038,2017-03-16,20162017,2,NYI,2,WPG,4
2016021039,2017-03-16,20162017,2,WSH,1,NSH,2
2016021040,2017-03-16,20162017,2,CAR,3,MIN,1
2016021041,2017-03-16,20162017,2,CBJ,2,FLA,1
2016021042,2017-03-16,20162017,2,OTT,1,CHI,2
2016021043,2017-03-16,20162017,2,TBL,0,TOR,5
2016021044,2017-03-16,20162017,2,EDM,7,BOS,4
2016021045,2017-03-16,20162017,2,VAN,2,DAL,4
2016021046,2017-03-16,20162017,2,ARI,4,DET,5
2016021047,2017-03-16,20162017,2,LAK,2,BUF,0
2016021048,2017-03-16,20162017,2,SJS,1,STL,4
2016021049,2017-03-17,20162017,2,NYR,3,FLA,4
2016021050,2017-03-17,20162017,2,PIT,6,NJD,4
2016021051,2017-03-17,20162017,2,CGY,3,DAL,1
2016021052,2017-03-17,20162017,2,ANA,1,BUF,2
2016021053,2017-03-18,20162017,2,DET,5,COL,1
2016021054,2017-03-18,20162017,2,NYI,2,CBJ,3
2016021055,2017-03-18,20162017,2,TOR,1,CHI,2
2016021056,2017-03-18,20162017,2,OTT,3,MTL,4
2016021057,2017-03-18,20162017,2,TBL,3,WSH,5
2016021058,2017-03-18,20162017,2,CAR,4,NSH,2
2016021059,2017-03-18,20162017,2,MIN,2,NYR,3
2016021060,2017-03-18,20162017,2,ARI,0,STL,3
2016021061,2017-03-18,20162017,2,EDM,2,VAN,0
2016021062,2017-03-18,20162017,2,SJS,1,ANA,2
2016021063,2017-03-19,20162017,2,NJD,1,CBJ,4
2016021064,2017-03-19,20162017,2,PIT,4,FLA,0
2016021065,2017-03-19,20162017,2,WPG,5,MIN,4
2016021066,2017-03-19,20162017,2,PHI,4,CAR,3
2016021067,2017-03-19,20162017,2,CHI,6,COL,3
2016021068,2017-03-19,20162017,2,MTL,4,OTT,1
2016021069,2017-03-19,20162017,2,CGY,5,LAK,2
2016021070,2017-03-20,20162017,2,TOR,4,BOS,2
2016021071,2017-03-20,20162017,2,DET,1,BUF,2
2016021072,2017-03-20,20162017,2,NSH,3,ARI,1
2016021073,2017-03-20,20162017,2,DAL,1,SJS,0
2016021074,2017-03-20,20162017,2,EDM,2,LAK,0
2016021075,2017-03-21,20162017,2,BOS,2,OTT,3
2016021076,2017-03-21,20162017,2,BUF,1,PIT,3
2016021077,2017-03-21,20162017,2,NJD,3,NYR,2
2016021078,2017-03-21,20162017,2,WSH,4,CGY,2
2016021079,2017-03-21,20162017,2,MTL,1,DET,2
2016021080,2017-03-21,20162017,2,TBL,3,ARI,5
2016021081,2017-03-21,20162017,2,FLA,3,CAR,4
2016021082,2017-03-21,20162017,2,MIN,3,SJS,2
2016021083,2017-03-21,20162017,2,WPG,3,PHI,2
2016021084,2017-03-21,20162017,2,CHI,4,VAN,5
2016021085,2017-03-21,20162017,2,COL,2,STL,4
2016021086,2017-03-22,20162017,2,CBJ,2,TOR,5
2016021087,2017-03-22,20162017,2,NYR,2,NYI,3
2016021088,2017-03-22,20162017,2,ANA,4,EDM,3
2016021089,2017-03-23,20162017,2,BOS,3,TBL,6
2016021090,2017-03-23,20162017,2,WSH,2,CBJ,1
2016021091,2017-03-23,20162017,2,TOR,4,NJD,2
2016021092,2017-03-23,20162017,2,MTL,1,CAR,4
2016021093,2017-03-23,20162017,2,OTT,2,PIT,1
2016021094,2017-03-23,20162017,2,FLA,3,ARI,1
2016021095,2017-03-23,20162017,2,STL,4,VAN,1
2016021096,2017-03-23,20162017,2,NSH,3,CGY,1
2016021097,2017-03-23,20162017,2,MIN,1,PHI,3
2016021098,2017-03-23,20162017,2,CHI,3,DAL,2
2016021099,2017-03-23,20162017,2,COL,4,EDM,7
2016021100,2017-03-23,20162017,2,LAK,5,WPG,2
2016021101,2017-03-24,20162017,2,PIT,3,NYI,4
2016021102,2017-03-24,20162017,2,DET,1,TBL,2
2016021103,2017-03-24,20162017,2,DAL,6,SJS,1
2016021104,2017-03-24,20162017,2,ANA,3,WPG,1
2016021105,2017-03-25,20162017,2,CBJ,1,PHI,0
2016021106,2017-03-25,20162017,2,MIN,2,VAN,4
2016021107,2017-03-25,20162017,2,BUF,5,TOR,2
2016021108,2017-03-25,20162017,2,MTL,3,OTT,1
2016021109,2017-03-25,20162017,2,FLA,7,CHI,0
2016021110,2017-03-25,20162017,2,NJD,1,CAR,3
2016021111,2017-03-25,20162017,2,NYI,1,BOS,2
2016021112,2017-03-25,20162017,2,WSH,4,ARI,1
2016021113,2017-03-25,20162017,2,STL,2,CGY,3
2016021114,2017-03-25,20162017,2,NSH,7,SJS,2
2016021115,2017-03-25,20162017,2,EDM,4,COL,1
2016021116,2017-03-25,20162017,2,LAK,0,NYR,3
2016021117,2017-03-26,20162017,2,PIT,2,PHI,6
2016021118,2017-03-26,20162017,2,NJD,1,DAL,2
2016021119,2017-03-26,20162017,2,DET,3,MIN,2
2016021120,2017-03-26,20162017,2,WPG,2,VAN,1
2016021121,2017-03-26,20162017,2,ANA,6,NYR,3
2016020477,2017-03-27,20162017,2,CAR,3,DET,4
2016021122,2017-03-27,20162017,2,BUF,4,FLA,2
2016021123,2017-03-27,20162017,2,NYI,1,NSH,3
2016021124,2017-03-27,20162017,2,TBL,5,CHI,4
2016021125,2017-03-27,20162017,2,STL,4,ARI,1
2016021126,2017-03-27,20162017,2,CGY,4,COL,2
2016021024,2017-03-28,20162017,2,NJD,3,WPG,4
2016021127,2017-03-28,20162017,2,BOS,4,NSH,1
2016021128,2017-03-28,20162017,2,PHI,3,OTT,2
2016021129,2017-03-28,20162017,2,CAR,4,DET,1
2016021130,2017-03-28,20162017,2,CBJ,3,BUF,1
2016021131,2017-03-28,20162017,2,TOR,3,FLA,2
2016021132,2017-03-28,20162017,2,MTL,4,DAL,1
2016021133,2017-03-28,20162017,2,MIN,4,WSH,5
2016021134,2017-03-28,20162017,2,EDM,2,LAK,1
2016021135,2017-03-28,20162017,2,VAN,1,ANA,4
2016021136,2017-03-28,20162017,2,SJS,5,NYR,4
2016021137,2017-03-29,20162017,2,PIT,1,CHI,5
2016021138,2017-03-29,20162017,2,CGY,1,LAK,4
2016021139,2017-03-29,20162017,2,COL,3,WSH,5
2016021140,2017-03-29,20162017,2,ARI,1,STL,3
2016021141,2017-03-30,20162017,2,BOS,2,DAL,0
2016021142,2017-03-30,20162017,2,PHI,6,NYI,3
2016021143,2017-03-30,20162017,2,CAR,2,CBJ,1
2016021144,2017-03-30,20162017,2,MTL,6,FLA,2
2016021145,2017-03-30,20162017,2,TBL,5,DET,3
2016021146,2017-03-30,20162017,2,NSH,1,TOR,3
2016021147,2017-03-30,20162017,2,MIN,5,OTT,1
2016021148,2017-03-30,20162017,2,WPG,4,ANA,3
2016021149,2017-03-30,20162017,2,EDM,3,SJS,2
2016021150,2017-03-31,20162017,2,NYR,3,PIT,4
2016021151,2017-03-31,20162017,2,NYI,2,NJD,1
2016021152,2017-03-31,20162017,2,CHI,3,CBJ,1
2016021153,2017-03-31,20162017,2,COL,2,STL,1
2016021154,2017-03-31,20162017,2,CGY,5,SJS,2
2016021155,2017-03-31,20162017,2,VAN,0,LAK,2
2016021156,2017-03-31,20162017,2,ARI,6,WSH,3
2016021157,2017-04-01,20162017,2,BOS,5,FLA,2
2016021158,2017-04-01,20162017,2,NSH,3,MIN,0
2016021159,2017-04-01,20162017,2,DET,4,TOR,5
2016021160,2017-04-01,20162017,2,TBL,1,MTL,2
2016021161,2017-04-01,20162017,2,PHI,3,NJD,0
2016021162,2017-04-01,20162017,2,CAR,0,DAL,3
2016021163,2017-04-01,20162017,2,WPG,4,OTT,2
2016021164,2017-04-01,20162017,2,EDM,3,ANA,2
2016021165,2017-04-02,20162017,2,CHI,2,BOS,3
2016021166,2017-04-02,20162017,2,BUF,2,NYI,4
2016021167,2017-04-02,20162017,2,PIT,3,CAR,2
2016021168,2017-04-02,20162017,2,TBL,6,DAL,3
2016021169,2017-04-02,20162017,2,CBJ,2,WSH,3
2016021170,2017-04-02,20162017,2,STL,4,NSH,1
2016021171,2017-04-02,20162017,2,MIN,5,COL,2
2016021172,2017-04-02,20162017,2,VAN,1,SJS,3
2016021173,2017-04-02,20162017,2,NYR,4,PHI,3
2016021174,2017-04-02,20162017,2,CGY,3,ANA,4
2016021175,2017-04-02,20162017,2,LAK,1,ARI,2
2016021176,2017-04-03,20162017,2,BUF,2,TOR,4
2016021177,2017-04-03,20162017,2,DET,5,OTT,4
2016021178,2017-04-03,20162017,2,FLA,1,MTL,4
2016021179,2017-04-04,20162017,2,BOS,4,TBL,0
2016021180,2017-04-04,20162017,2,NJD,1,PHI,0
2016021181,2017-04-04,20162017,2,PIT,4,CBJ,1
2016021182,2017-04-04,20162017,2,TOR,1,WSH,4
2016021183,2017-04-04,20162017,2,OTT,2,DET,0
2016021184,2017-04-04,20162017,2,STL,2,WPG,5
2016021185,2017-04-04,20162017,2,NSH,1,NYI,2
2016021186,2017-04-04,20162017,2,MIN,5,CAR,3
2016021187,2017-04-04,20162017,2,DAL,3,ARI,2
2016021188,2017-04-04,20162017,2,COL,4,CHI,3
2016021189,2017-04-04,20162017,2,ANA,3,CGY,1
2016021190,2017-04-04,20162017,2,LAK,6,EDM,4
2016021191,2017-04-04,20162017,2,SJS,3,VAN,1
2016021192,2017-04-05,20162017,2,BUF,2,MTL,1
2016021193,2017-04-05,20162017,2,WSH,2,NYR,0
2016021194,2017-04-06,20162017,2,BOS,1,OTT,2
2016021195,2017-04-06,20162017,2,NJD,4,PIT,7
2016021196,2017-04-06,20162017,2,CAR,0,NYI,3
2016021197,2017-04-06,20162017,2,CBJ,4,WPG,5
2016021198,2017-04-06,20162017,2,TOR,1,TBL,4
2016021199,2017-04-06,20162017,2,FLA,3,STL,6
2016021200,2017-04-06,20162017,2,DAL,3,NSH,7
2016021201,2017-04-06,20162017,2,COL,3,MIN,4
2016021202,2017-04-06,20162017,2,ARI,4,VAN,3
2016021203,2017-04-06,20162017,2,ANA,4,CHI,0
2016021204,2017-04-06,20162017,2,LAK,1,CGY,4
2016021205,2017-04-06,20162017,2,SJS,2,EDM,4
2016021206,2017-04-07,20162017,2,MTL,2,TBL,4
2016021207,2017-04-08,20162017,2,OTT,3,NYR,1
2016021208,2017-04-08,20162017,2,PHI,4,CBJ,2
2016021209,2017-04-08,20162017,2,BOS,1,WSH,3
2016021210,2017-04-08,20162017,2,NJD,2,NYI,4
2016021211,2017-04-08,20162017,2,TOR,5,PIT,3
2016021212,2017-04-08,20162017,2,DET,2,MTL,3
2016021213,2017-04-08,20162017,2,FLA,3,BUF,0
2016021214,2017-04-08,20162017,2,CAR,4,STL,5
2016021215,2017-04-08,20162017,2,WPG,2,NSH,1
2016021216,2017-04-08,20162017,2,DAL,4,COL,3
2016021217,2017-04-08,20162017,2,ARI,1,MIN,3
2016021218,2017-04-08,20162017,2,VAN,2,EDM,3
2016021219,2017-04-08,20162017,2,SJS,3,CGY,1
2016021220,2017-04-08,20162017,2,LAK,3,CHI,2
2016021221,2017-04-09,20162017,2,DET,4,NJD,1
2016021222,2017-04-09,20162017,2,TBL,4,BUF,2
2016021223,2017-04-09,20162017,2,NYI,4,OTT,2
2016021224,2017-04-09,20162017,2,TOR,2,CBJ,3
2016021225,2017-04-09,20162017,2,STL,3,COL,2
2016021226,2017-04-09,20162017,2,NYR,3,PIT,2
2016021227,2017-04-09,20162017,2,PHI,3,CAR,4
2016021228,2017-04-09,20162017,2,WSH,0,FLA,2
2016021229,2017-04-09,20162017,2,ANA,4,LAK,3
2016021230,2017-04-09,20162017,2,EDM,5,VAN,2
2016030111,2017-04-12,20162017,3,MTL,0,NYR,2
2016030121,2017-04-12,20162017,3,OTT,1,BOS,2
2016030141,2017-04-12,20162017,3,PIT,3,CBJ,1
2016030161,2017-04-12,20162017,3,MIN,1,STL,2
2016030181,2017-04-12,20162017,3,EDM,2,SJS,3
2016030131,2017-04-13,20162017,3,WSH,3,TOR,2
2016030151,2017-04-13,20162017,3,CHI,0,NSH,1
2016030171,2017-04-13,20162017,3,ANA,3,CGY,2
2016030112,2017-04-14,20162017,3,MTL,4,NYR,3
2016030142,2017-04-14,20162017,3,PIT,4,CBJ,1
2016030162,2017-04-14,20162017,3,MIN,1,STL,2
2016030182,2017-04-14,20162017,3,EDM,2,SJS,0
2016030122,2017-04-15,20162017,3,OTT,4,BOS,3
2016030132,2017-04-15,20162017,3,WSH,3,TOR,4
2016030152,2017-04-15,20162017,3,CHI,0,NSH,5
2016030172,2017-04-15,20162017,3,ANA,3,CGY,2
2016030113,2017-04-16,20162017,3,NYR,1,MTL,3
2016030143,2017-04-16,20162017,3,CBJ,4,PIT,5
2016030163,2017-04-16,20162017,3,STL,3,MIN,1
2016030183,2017-04-16,20162017,3,SJS,0,EDM,1
2016030123,2017-04-17,20162017,3,BOS,3,OTT,4
2016030133,2017-04-17,20162017,3,TOR,4,WSH,3
2016030153,2017-04-17,20162017,3,NSH,3,CHI,2
2016030173,2017-04-17,20162017,3,CGY,4,ANA,5
2016030114,2017-04-18,20162017,3,NYR,2,MTL,1
2016030144,2017-04-18,20162017,3,CBJ,5,PIT,4
2016030184,2017-04-18,20162017,3,SJS,7,EDM,0
2016030124,2017-04-19,20162017,3,BOS,0,OTT,1
2016030134,2017-04-19,20162017,3,TOR,4,WSH,5
2016030164,2017-04-19,20162017,3,STL,0,MIN,2
2016030174,2017-04-19,20162017,3,CGY,1,ANA,3
2016030115,2017-04-20,20162017,3,MTL,2,NYR,3
2016030145,2017-04-20,20162017,3,PIT,5,CBJ,2
2016030154,2017-04-20,20162017,3,NSH,4,CHI,1
2016030185,2017-04-20,20162017,3,EDM,4,SJS,3
2016030125,2017-04-21,20162017,3,OTT,2,BOS,3
2016030135,2017-04-21,20162017,3,WSH,2,TOR,1
2016030116,2017-04-22,20162017,3,NYR,3,MTL,1
2016030165,2017-04-22,20162017,3,MIN,3,STL,4
2016030186,2017-04-22,20162017,3,SJS,1,EDM,3
2016030126,2017-04-23,20162017,3,BOS,2,OTT,3
2016030136,2017-04-23,20162017,3,TOR,1,WSH,2
2016030231,2017-04-26,20162017,3,STL,3,NSH,4
2016030241,2017-04-26,20162017,3,ANA,3,EDM,5
2016030211,2017-04-27,20162017,3,OTT,2,NYR,1
2016030221,2017-04-27,20162017,3,WSH,2,PIT,3
2016030232,2017-04-28,20162017,3,STL,3,NSH,2
2016030242,2017-04-28,20162017,3,ANA,1,EDM,2
2016030212,2017-04-29,20162017,3,OTT,6,NYR,5
2016030222,2017-04-29,20162017,3,WSH,2,PIT,6
2016030233,2017-04-30,20162017,3,NSH,3,STL,1
2016030243,2017-04-30,20162017,3,EDM,3,ANA,6
2016030223,2017-05-01,20162017,3,PIT,2,WSH,3
2016030213,2017-05-02,20162017,3,NYR,4,OTT,1
2016030234,2017-05-02,20162017,3,NSH,2,STL,1
2016030224,2017-05-03,20162017,3,PIT,3,WSH,2
2016030244,2017-05-03,20162017,3,EDM,3,ANA,4
2016030214,2017-05-04,20162017,3,NYR,4,OTT,1
2016030235,2017-05-05,20162017,3,STL,2,NSH,1
2016030245,2017-05-05,20162017,3,ANA,4,EDM,3
2016030215,2017-05-06,20162017,3,OTT,5,NYR,4
2016030225,2017-05-06,20162017,3,WSH,4,PIT,2
2016030236,2017-05-07,20162017,3,NSH,3,STL,1
2016030246,2017-05-07,20162017,3,EDM,7,ANA,1
2016030226,2017-05-08,20162017,3,PIT,2,WSH,5
2016030216,2017-05-09,20162017,3,NYR,2,OTT,4
2016030227,2017-05-10,20162017,3,WSH,0,PIT,2
2016030247,2017-05-10,20162017,3,ANA,2,EDM,1
2016030321,2017-05-12,20162017,3,ANA,2,NSH,3
2016030311,2017-05-13,20162017,3,PIT,1,OTT,2
2016030322,2017-05-14,20162017,3,ANA,5,NSH,3
2016030312,2017-05-15,20162017,3,PIT,1,OTT,0
2016030323,2017-05-16,20162017,3,NSH,2,ANA,1
2016030313,2017-05-17,20162017,3,OTT,5,PIT,1
2016030324,2017-05-18,20162017,3,NSH,2,ANA,3
2016030314,2017-05-19,20162017,3,OTT,2,PIT,3
2016030325,2017-05-20,20162017,3,ANA,1,NSH,3
2016030315,2017-05-21,20162017,3,PIT,7,OTT,0
2016030326,2017-05-22,20162017,3,NSH,6,ANA,3
2016030316,2017-05-23,20162017,3,OTT,2,PIT,1
2016030317,2017-05-25,20162017,3,PIT,3,OTT,2
2016030411,2017-05-29,20162017,3,PIT,5,NSH,3
2016030412,2017-05-31,20162017,3,PIT,4,NSH,1
2016030413,2017-06-03,20162017,3,NSH,5,PIT,1
2016030414,2017-06-05,20162017,3,NSH,4,PIT,1
2016030415,2017-06-08,20162017,3,PIT,6,NSH,0
2016030416,2017-06-11,20162017,3,NSH,0,PIT,2
2017020001,2017-10-04,20172018,2,WPG,2,TOR,7
2017020002,2017-10-04,20172018,2,PIT,4,STL,5
2017020003,2017-10-04,20172018,2,EDM,3,CGY,0
2017020004,2017-10-04,20172018,2,SJS,3,PHI,5
2017020005,2017-10-05,20172018,2,BOS,4,NSH,3
2017020006,2017-10-05,20172018,2,BUF,2,MTL,3
2017020007,2017-10-05,20172018,2,NYR,2,COL,4
2017020008,2017-10-05,20172018,2,OTT,4,WSH,5
2017020009,2017-10-05,20172018,2,DET,4,MIN,2
2017020010,2017-10-05,20172018,2,CHI,10,PIT,1
2017020011,2017-10-05,20172018,2,ANA,5,ARI,4
2017020012,2017-10-05,20172018,2,LAK,2,PHI,0
2017020013,2017-10-06,20172018,2,CBJ,5,NYI,0
2017020014,2017-10-06,20172018,2,TBL,5,FLA,3
2017020015,2017-10-06,20172018,2,DAL,1,VGK,2
2017020016,2017-10-07,20172018,2,TOR,8,NYR,5
2017020017,2017-10-07,20172018,2,OTT,1,DET,2
2017020018,2017-10-07,20172018,2,FLA,5,TBL,4
2017020019,2017-10-07,20172018,2,NJD,4,COL,1
2017020020,2017-10-07,20172018,2,NYI,6,BUF,3
2017020021,2017-10-07,20172018,2,PIT,4,NSH,0
2017020022,2017-10-07,20172018,2,WSH,6,MTL,1
2017020023,2017-10-07,20172018,2,CAR,5,MIN,4
2017020024,2017-10-07,20172018,2,STL,4,DAL,2
2017020025,2017-10-07,20172018,2,CHI,5,CBJ,1
2017020026,2017-10-07,20172018,2,ARI,1,VGK,2
2017020027,2017-10-07,20172018,2,CGY,6,WPG,3
2017020028,2017-10-07,20172018,2,VAN,3,EDM,2
2017020029,2017-10-07,20172018,2,ANA,2,PHI,3
2017020030,2017-10-07,20172018,2,SJS,1,LAK,4
2017020031,2017-10-08,20172018,2,NYR,2,MTL,0
2017020032,2017-10-09,20172018,2,BOS,0,COL,4
2017020033,2017-10-09,20172018,2,NYI,2,STL,3
2017020034,2017-10-09,20172018,2,BUF,2,NJD,6
2017020035,2017-10-09,20172018,2,TOR,4,CHI,3
2017020036,2017-10-09,20172018,2,TBL,4,WSH,3
2017020037,2017-10-09,20172018,2,EDM,2,WPG,5
2017020038,2017-10-09,20172018,2,ANA,0,CGY,2
2017020039,2017-10-10,20172018,2,NYR,1,STL,3
2017020040,2017-10-10,20172018,2,CAR,1,CBJ,2
2017020041,2017-10-10,20172018,2,MTL,1,CHI,3
2017020042,2017-10-10,20172018,2,NSH,6,PHI,5
2017020043,2017-10-10,20172018,2,DAL,4,DET,2
2017020044,2017-10-10,20172018,2,VAN,2,OTT,3
2017020045,2017-10-10,20172018,2,VGK,5,ARI,2
2017020046,2017-10-11,20172018,2,TOR,3,NJD,6
2017020047,2017-10-11,20172018,2,WSH,2,PIT,3
2017020048,2017-10-11,20172018,2,COL,6,BOS,3
2017020049,2017-10-11,20172018,2,ANA,3,NYI,2
2017020050,2017-10-11,20172018,2,LAK,3,CGY,4
2017020051,2017-10-12,20172018,2,TBL,5,PIT,4
2017020052,2017-10-12,20172018,2,FLA,5,STL,2
2017020053,2017-10-12,20172018,2,NSH,4,DAL,1
2017020054,2017-10-12,20172018,2,CHI,2,MIN,5
2017020055,2017-10-12,20172018,2,VAN,2,WPG,4
2017020056,2017-10-12,20172018,2,ARI,2,DET,4
2017020057,2017-10-12,20172018,2,SJS,3,BUF,2
2017020058,2017-10-13,20172018,2,NJD,2,WSH,5
2017020059,2017-10-13,20172018,2,CBJ,3,NYR,1
2017020060,2017-10-13,20172018,2,COL,3,ANA,1
2017020061,2017-10-13,20172018,2,CGY,0,OTT,6
2017020062,2017-10-13,20172018,2,VGK,3,DET,6
2017020063,2017-10-14,20172018,2,MTL,3,TOR,4
2017020064,2017-10-14,20172018,2,TBL,2,STL,1
2017020065,2017-10-14,20172018,2,NYR,2,NJD,3
2017020066,2017-10-14,20172018,2,PHI,8,WSH,2
2017020067,2017-10-14,20172018,2,PIT,4,FLA,3
2017020068,2017-10-14,20172018,2,WPG,2,CAR,1
2017020069,2017-10-14,20172018,2,DAL,3,COL,1
2017020070,2017-10-14,20172018,2,MIN,4,CBJ,5
2017020071,2017-10-14,20172018,2,CHI,2,NSH,1
2017020072,2017-10-14,20172018,2,ARI,2,BOS,6
2017020073,2017-10-14,20172018,2,EDM,1,OTT,6
2017020074,2017-10-14,20172018,2,VAN,2,CGY,5
2017020075,2017-10-14,20172018,2,LAK,4,BUF,2
2017020076,2017-10-14,20172018,2,SJS,1,NYI,3
2017020077,2017-10-15,20172018,2,VGK,3,BOS,1
2017020078,2017-10-15,20172018,2,ANA,1,BUF,3
2017020079,2017-10-15,20172018,2,LAK,3,NYI,2
2017020080,2017-10-16,20172018,2,DET,2,TBL,3
2017020081,2017-10-17,20172018,2,NJD,5,TBL,4
2017020082,2017-10-17,20172018,2,NYR,4,PIT,5
2017020083,2017-10-17,20172018,2,PHI,5,FLA,1
2017020084,2017-10-17,20172018,2,WSH,0,TOR,2
2017020085,2017-10-17,20172018,2,OTT,0,VAN,3
2017020086,2017-10-17,20172018,2,NSH,4,COL,1
2017020087,2017-10-17,20172018,2,WPG,2,CBJ,5
2017020088,2017-10-17,20172018,2,DAL,3,ARI,1
2017020089,2017-10-17,20172018,2,EDM,3,CAR,5
2017020090,2017-10-17,20172018,2,VGK,5,BUF,4
2017020091,2017-10-17,20172018,2,SJS,5,MTL,2
2017020092,2017-10-18,20172018,2,TOR,6,DET,3
2017020093,2017-10-18,20172018,2,STL,5,CHI,2
2017020094,2017-10-18,20172018,2,LAK,5,MTL,1
2017020095,2017-10-19,20172018,2,BOS,6,VAN,3
2017020096,2017-10-19,20172018,2,NYR,3,NYI,4
2017020097,2017-10-19,20172018,2,PHI,0,NSH,1
2017020098,2017-10-19,20172018,2,CBJ,0,TBL,2
2017020099,2017-10-19,20172018,2,OTT,4,NJD,5
2017020100,2017-10-19,20172018,2,CHI,1,EDM,2
2017020101,2017-10-19,20172018,2,COL,3,STL,4
2017020102,2017-10-19,20172018,2,CGY,1,CAR,2
2017020103,2017-10-19,20172018,2,ARI,4,DAL,5
2017020104,2017-10-20,20172018,2,BUF,2,VAN,4
2017020105,2017-10-20,20172018,2,NJD,0,SJS,3
2017020106,2017-10-20,20172018,2,DET,3,WSH,4
2017020107,2017-10-20,20172018,2,FLA,3,PIT,4
2017020108,2017-10-20,20172018,2,WPG,4,MIN,3
2017020109,2017-10-20,20172018,2,ANA,6,MTL,2
2017020110,2017-10-21,20172018,2,NYR,4,NSH,2
2017020111,2017-10-21,20172018,2,PHI,2,EDM,1
2017020112,2017-10-21,20172018,2,BOS,4,BUF,5
2017020113,2017-10-21,20172018,2,OTT,6,TOR,3
2017020114,2017-10-21,20172018,2,TBL,7,PIT,1
2017020115,2017-10-21,20172018,2,NYI,5,SJS,3
2017020116,2017-10-21,20172018,2,WSH,1,FLA,4
2017020117,2017-10-21,20172018,2,CBJ,4,LAK,6
2017020118,2017-10-21,20172018,2,DAL,4,CAR,3
2017020119,2017-10-21,20172018,2,ARI,2,CHI,4
2017020120,2017-10-21,20172018,2,CGY,2,MIN,4
2017020121,2017-10-21,20172018,2,VGK,3,STL,2
2017020122,2017-10-22,20172018,2,DET,1,VAN,4
2017020123,2017-10-23,20172018,2,TOR,3,LAK,2
2017020124,2017-10-23,20172018,2,NYR,1,SJS,4
2017020125,2017-10-24,20172018,2,BUF,1,DET,0
2017020126,2017-10-24,20172018,2,NYI,5,ARI,3
2017020127,2017-10-24,20172018,2,PHI,2,ANA,6
2017020128,2017-10-24,20172018,2,PIT,2,EDM,1
2017020129,2017-10-24,20172018,2,CAR,1,TBL,5
2017020130,2017-10-24,20172018,2,MTL,5,FLA,1
2017020131,2017-10-24,20172018,2,OTT,2,LAK,3
2017020132,2017-10-24,20172018,2,NSH,2,CGY,3
2017020133,2017-10-24,20172018,2,MIN,0,VAN,1
2017020134,2017-10-24,20172018,2,COL,5,DAL,3
2017020135,2017-10-24,20172018,2,VGK,4,CHI,2
2017020136,2017-10-25,20172018,2,CBJ,5,BUF,1
2017020137,2017-10-25,20172018,2,STL,5,CGY,2
2017020138,2017-10-26,20172018,2,BOS,2,SJS,1
2017020139,2017-10-26,20172018,2,TOR,3,CAR,6
2017020140,2017-10-26,20172018,2,NYR,5,ARI,2
2017020141,2017-10-26,20172018,2,PIT,2,WPG,1
2017020142,2017-10-26,20172018,2,MTL,0,LAK,4
2017020143,2017-10-26,20172018,2,OTT,5,PHI,4
2017020144,2017-10-26,20172018,2,TBL,3,DET,2
2017020145,2017-10-26,20172018,2,FLA,8,ANA,3
2017020146,2017-10-26,20172018,2,MIN,6,NYI,4
2017020147,2017-10-26,20172018,2,EDM,5,DAL,4
2017020148,2017-10-26,20172018,2,VAN,6,WSH,2
2017020149,2017-10-27,20172018,2,VGK,7,COL,0
2017020150,2017-10-27,20172018,2,NJD,5,OTT,4
2017020151,2017-10-27,20172018,2,CBJ,2,WPG,1
2017020152,2017-10-27,20172018,2,CAR,1,STL,2
2017020153,2017-10-27,20172018,2,CHI,1,NSH,2
2017020154,2017-10-27,20172018,2,CGY,1,DAL,2
2017020155,2017-10-28,20172018,2,BUF,2,SJS,3
2017020156,2017-10-28,20172018,2,BOS,1,LAK,2
2017020157,2017-10-28,20172018,2,TOR,2,PHI,4
2017020158,2017-10-28,20172018,2,MTL,5,NYR,4
2017020159,2017-10-28,20172018,2,TBL,1,ANA,4
2017020160,2017-10-28,20172018,2,FLA,2,DET,3
2017020161,2017-10-28,20172018,2,NJD,4,ARI,3
2017020162,2017-10-28,20172018,2,STL,4,CBJ,1
2017020163,2017-10-28,20172018,2,NSH,2,NYI,6
2017020164,2017-10-28,20172018,2,MIN,2,PIT,1
2017020165,2017-10-28,20172018,2,COL,6,CHI,3
2017020166,2017-10-28,20172018,2,EDM,2,WSH,5
2017020167,2017-10-29,20172018,2,CAR,3,ANA,4
2017020168,2017-10-29,20172018,2,WPG,7,PIT,1
2017020169,2017-10-29,20172018,2,CGY,2,WSH,1
2017020170,2017-10-30,20172018,2,NYI,6,VGK,3
2017020171,2017-10-30,20172018,2,PHI,3,ARI,4
2017020172,2017-10-30,20172018,2,CBJ,4,BOS,3
2017020173,2017-10-30,20172018,2,OTT,3,MTL,8
2017020174,2017-10-30,20172018,2,FLA,5,TBL,8
2017020175,2017-10-30,20172018,2,STL,4,LAK,2
2017020176,2017-10-30,20172018,2,VAN,1,DAL,2
2017020177,2017-10-30,20172018,2,SJS,3,TOR,2
2017020178,2017-10-31,20172018,2,NYR,6,VGK,4
2017020179,2017-10-31,20172018,2,DET,5,ARI,3
2017020180,2017-10-31,20172018,2,MIN,1,WPG,2
2017020181,2017-11-01,20172018,2,CHI,3,PHI,0
2017020182,2017-11-01,20172018,2,EDM,2,PIT,3
2017020183,2017-11-01,20172018,2,VAN,0,NJD,2
2017020184,2017-11-01,20172018,2,ANA,1,TOR,3
2017020185,2017-11-01,20172018,2,SJS,4,NSH,1
2017020186,2017-11-02,20172018,2,BOS,2,VGK,1
2017020187,2017-11-02,20172018,2,WSH,4,NYI,3
2017020188,2017-11-02,20172018,2,OTT,3,DET,1
2017020189,2017-11-02,20172018,2,TBL,1,NYR,2
2017020190,2017-11-02,20172018,2,FLA,3,CBJ,7
2017020191,2017-11-02,20172018,2,STL,0,PHI,2
2017020192,2017-11-02,20172018,2,MIN,6,MTL,3
2017020193,2017-11-02,20172018,2,WPG,5,DAL,2
2017020194,2017-11-02,20172018,2,COL,5,CAR,3
2017020195,2017-11-02,20172018,2,CGY,2,PIT,1
2017020196,2017-11-02,20172018,2,ARI,4,BUF,5
2017020197,2017-11-02,20172018,2,LAK,5,TOR,3
2017020198,2017-11-03,20172018,2,EDM,6,NJD,3
2017020199,2017-11-03,20172018,2,ANA,3,NSH,5
2017020200,2017-11-04,20172018,2,OTT,4,VGK,5
2017020201,2017-11-04,20172018,2,BOS,2,WSH,3
2017020202,2017-11-04,20172018,2,TBL,5,CBJ,4
2017020203,2017-11-04,20172018,2,FLA,4,NYR,5
2017020204,2017-11-04,20172018,2,PHI,4,COL,5
2017020205,2017-11-04,20172018,2,STL,6,TOR,4
2017020206,2017-11-04,20172018,2,WPG,4,MTL,5
2017020207,2017-11-04,20172018,2,DAL,5,BUF,1
2017020208,2017-11-04,20172018,2,MIN,0,CHI,2
2017020209,2017-11-04,20172018,2,ARI,2,CAR,1
2017020210,2017-11-04,20172018,2,VAN,4,PIT,2
2017020211,2017-11-04,20172018,2,LAK,3,NSH,4
2017020212,2017-11-04,20172018,2,SJS,2,ANA,1
2017020213,2017-11-05,20172018,2,EDM,0,DET,4
2017020214,2017-11-05,20172018,2,NYI,6,COL,4
2017020215,2017-11-05,20172018,2,CHI,0,MTL,2
2017020216,2017-11-05,20172018,2,CGY,5,NJD,4
2017020217,2017-11-06,20172018,2,BOS,5,MIN,3
2017020218,2017-11-06,20172018,2,TOR,4,VGK,3
2017020219,2017-11-06,20172018,2,NYR,5,CBJ,3
2017020220,2017-11-06,20172018,2,WSH,3,ARI,2
2017020221,2017-11-06,20172018,2,DAL,1,WPG,4
2017020222,2017-11-06,20172018,2,VAN,2,DET,3
2017020223,2017-11-07,20172018,2,BUF,3,WSH,1
2017020224,2017-11-07,20172018,2,NJD,1,STL,3
2017020225,2017-11-07,20172018,2,NYI,1,EDM,2
2017020226,2017-11-07,20172018,2,PIT,3,ARI,1
2017020227,2017-11-07,20172018,2,CAR,3,FLA,1
2017020228,2017-11-07,20172018,2,CBJ,1,NSH,3
2017020229,2017-11-07,20172018,2,MTL,3,VGK,2
2017020230,2017-11-07,20172018,2,CGY,3,VAN,5
2017020231,2017-11-07,20172018,2,ANA,3,LAK,4
2017020232,2017-11-08,20172018,2,TOR,4,MIN,2
2017020233,2017-11-08,20172018,2,NYR,4,BOS,2
2017020234,2017-11-08,20172018,2,SJS,1,TBL,5
2017020235,2017-11-09,20172018,2,NJD,2,EDM,3
2017020236,2017-11-09,20172018,2,PHI,3,CHI,1
2017020237,2017-11-09,20172018,2,MTL,0,MIN,3
2017020238,2017-11-09,20172018,2,STL,3,ARI,2
2017020239,2017-11-09,20172018,2,CGY,6,DET,3
2017020240,2017-11-09,20172018,2,ANA,4,VAN,1
2017020241,2017-11-09,20172018,2,LAK,2,TBL,5
2017020242,2017-11-10,20172018,2,BUF,1,FLA,4
2017020243,2017-11-10,20172018,2,TOR,3,BOS,2
2017020244,2017-11-10,20172018,2,WSH,4,PIT,1
2017020245,2017-11-10,20172018,2,CBJ,1,CAR,3
2017020246,2017-11-10,20172018,2,DAL,5,NYI,0
2017020247,2017-11-10,20172018,2,COL,3,OTT,4
2017020248,2017-11-10,20172018,2,VGK,5,WPG,2
2017020249,2017-11-11,20172018,2,NYR,4,EDM,2
2017020250,2017-11-11,20172018,2,BOS,1,TOR,4
2017020251,2017-11-11,20172018,2,MTL,2,BUF,1
2017020252,2017-11-11,20172018,2,OTT,4,COL,3
2017020253,2017-11-11,20172018,2,DET,1,CBJ,2
2017020254,2017-11-11,20172018,2,NJD,2,FLA,1
2017020255,2017-11-11,20172018,2,PHI,0,MIN,1
2017020256,2017-11-11,20172018,2,CAR,3,CHI,4
2017020257,2017-11-11,20172018,2,STL,2,NYI,5
2017020258,2017-11-11,20172018,2,NSH,5,PIT,4
2017020259,2017-11-11,20172018,2,ARI,1,WPG,4
2017020260,2017-11-11,20172018,2,SJS,5,VAN,0
2017020261,2017-11-12,20172018,2,WSH,2,EDM,1
2017020262,2017-11-12,20172018,2,CHI,5,NJD,7
2017020263,2017-11-12,20172018,2,ANA,1,TBL,2
2017020264,2017-11-12,20172018,2,LAK,1,SJS,2
2017020265,2017-11-13,20172018,2,CAR,5,DAL,1
2017020266,2017-11-13,20172018,2,CGY,7,STL,4
2017020267,2017-11-14,20172018,2,PIT,5,BUF,4
2017020268,2017-11-14,20172018,2,MTL,1,CBJ,2
2017020269,2017-11-14,20172018,2,FLA,4,DAL,3
2017020270,2017-11-14,20172018,2,NSH,6,WSH,3
2017020271,2017-11-14,20172018,2,MIN,3,PHI,0
2017020272,2017-11-14,20172018,2,WPG,4,ARI,1
2017020273,2017-11-14,20172018,2,EDM,8,VGK,2
2017020274,2017-11-14,20172018,2,LAK,2,VAN,3
2017020275,2017-11-15,20172018,2,DET,8,CGY,2
2017020276,2017-11-15,20172018,2,CHI,6,NYR,3
2017020277,2017-11-15,20172018,2,ANA,4,BOS,2
2017020278,2017-11-16,20172018,2,TOR,1,NJD,0
2017020279,2017-11-16,20172018,2,NYI,6,CAR,4
2017020280,2017-11-16,20172018,2,MTL,4,ARI,5
2017020281,2017-11-16,20172018,2,OTT,1,PIT,3
2017020282,2017-11-16,20172018,2,TBL,6,DAL,1
2017020283,2017-11-16,20172018,2,MIN,6,NSH,4
2017020284,2017-11-16,20172018,2,WPG,3,PHI,2
2017020285,2017-11-16,20172018,2,COL,6,WSH,2
2017020286,2017-11-16,20172018,2,EDM,1,STL,4
2017020287,2017-11-16,20172018,2,VAN,2,VGK,5
2017020288,2017-11-16,20172018,2,LAK,1,BOS,2
2017020289,2017-11-16,20172018,2,SJS,0,FLA,2
2017020290,2017-11-17,20172018,2,CBJ,2,NYR,0
2017020291,2017-11-17,20172018,2,DET,3,BUF,1
2017020292,2017-11-18,20172018,2,PHI,4,CGY,5
2017020293,2017-11-18,20172018,2,OTT,2,ARI,3
2017020294,2017-11-18,20172018,2,DAL,6,EDM,3
2017020295,2017-11-18,20172018,2,WPG,5,NJD,2
2017020296,2017-11-18,20172018,2,LAK,4,FLA,0
2017020297,2017-11-18,20172018,2,BUF,1,CAR,3
2017020298,2017-11-18,20172018,2,MTL,0,TOR,6
2017020299,2017-11-18,20172018,2,TBL,3,NYI,5
2017020300,2017-11-18,20172018,2,PIT,1,CHI,2
2017020301,2017-11-18,20172018,2,WSH,3,MIN,1
2017020302,2017-11-18,20172018,2,NSH,5,COL,2
2017020303,2017-11-18,20172018,2,VAN,3,STL,4
2017020304,2017-11-18,20172018,2,SJS,1,BOS,3
2017020305,2017-11-19,20172018,2,CAR,4,NYI,2
2017020306,2017-11-19,20172018,2,DET,3,COL,4
2017020307,2017-11-19,20172018,2,NYR,3,OTT,0
2017020308,2017-11-19,20172018,2,VGK,4,LAK,2
2017020309,2017-11-19,20172018,2,ANA,3,FLA,2
2017020310,2017-11-20,20172018,2,BUF,2,CBJ,3
2017020311,2017-11-20,20172018,2,TOR,1,ARI,4
2017020312,2017-11-20,20172018,2,WSH,1,CGY,4
2017020313,2017-11-20,20172018,2,NSH,5,WPG,3
2017020314,2017-11-20,20172018,2,MIN,3,NJD,4
2017020315,2017-11-20,20172018,2,SJS,2,ANA,3
2017020316,2017-11-21,20172018,2,PHI,2,VAN,5
2017020317,2017-11-21,20172018,2,STL,8,EDM,3
2017020318,2017-11-21,20172018,2,DAL,3,MTL,1
2017020319,2017-11-22,20172018,2,BUF,4,MIN,5
2017020320,2017-11-22,20172018,2,DET,2,EDM,6
2017020321,2017-11-22,20172018,2,FLA,2,TOR,1
2017020322,2017-11-22,20172018,2,NJD,2,BOS,3
2017020323,2017-11-22,20172018,2,NYI,4,PHI,3
2017020324,2017-11-22,20172018,2,PIT,2,VAN,5
2017020325,2017-11-22,20172018,2,WSH,5,OTT,2
2017020326,2017-11-22,20172018,2,CAR,1,NYR,6
2017020327,2017-11-22,20172018,2,CBJ,1,CGY,0
2017020328,2017-11-22,20172018,2,TBL,3,CHI,2
2017020329,2017-11-22,20172018,2,NSH,3,MTL,2
2017020330,2017-11-22,20172018,2,COL,3,DAL,0
2017020331,2017-11-22,20172018,2,ARI,1,SJS,3
2017020332,2017-11-22,20172018,2,ANA,2,VGK,4
2017020333,2017-11-22,20172018,2,LAK,1,WPG,2
2017020334,2017-11-24,20172018,2,BOS,4,PIT,3
2017020335,2017-11-24,20172018,2,PHI,4,NYI,5
2017020336,2017-11-24,20172018,2,MIN,3,COL,2
2017020337,2017-11-24,20172018,2,ANA,1,WPG,4
2017020338,2017-11-24,20172018,2,WSH,3,TBL,1
2017020339,2017-11-24,20172018,2,BUF,3,EDM,1
2017020340,2017-11-24,20172018,2,NJD,3,VAN,2
2017020341,2017-11-24,20172018,2,NYR,2,DET,1
2017020342,2017-11-24,20172018,2,CBJ,5,OTT,2
2017020343,2017-11-24,20172018,2,CAR,4,TOR,5
2017020344,2017-11-24,20172018,2,STL,0,NSH,2
2017020345,2017-11-24,20172018,2,DAL,6,CGY,4
2017020346,2017-11-24,20172018,2,ARI,3,LAK,2
2017020347,2017-11-24,20172018,2,VGK,5,SJS,4
2017020348,2017-11-25,20172018,2,TOR,2,WSH,4
2017020349,2017-11-25,20172018,2,MTL,3,BUF,0
2017020350,2017-11-25,20172018,2,OTT,1,NYI,2
2017020351,2017-11-25,20172018,2,DET,3,NJD,4
2017020352,2017-11-25,20172018,2,FLA,1,CHI,4
2017020353,2017-11-25,20172018,2,PIT,5,TBL,2
2017020354,2017-11-25,20172018,2,STL,6,MIN,3
2017020355,2017-11-25,20172018,2,ARI,2,VGK,4
2017020356,2017-11-25,20172018,2,COL,2,CGY,3
2017020357,2017-11-25,20172018,2,SJS,4,WPG,0
2017020358,2017-11-25,20172018,2,LAK,2,ANA,1
2017020359,2017-11-26,20172018,2,CAR,4,NSH,3
2017020360,2017-11-26,20172018,2,NYR,4,VAN,3
2017020361,2017-11-26,20172018,2,BOS,2,EDM,4
2017020362,2017-11-27,20172018,2,NJD,2,FLA,3
2017020363,2017-11-27,20172018,2,PIT,5,PHI,4
2017020364,2017-11-27,20172018,2,MTL,3,CBJ,1
2017020365,2017-11-27,20172018,2,WPG,7,MIN,2
2017020366,2017-11-27,20172018,2,CHI,7,ANA,3
2017020367,2017-11-28,20172018,2,BUF,0,TBL,2
2017020368,2017-11-28,20172018,2,NYI,5,VAN,2
2017020369,2017-11-28,20172018,2,NYR,4,FLA,5
2017020370,2017-11-28,20172018,2,PHI,1,SJS,3
2017020371,2017-11-28,20172018,2,CBJ,3,CAR,2
2017020372,2017-11-28,20172018,2,DET,1,LAK,4
2017020373,2017-11-28,20172018,2,NSH,3,CHI,2
2017020374,2017-11-28,20172018,2,CGY,1,TOR,4
2017020375,2017-11-28,20172018,2,EDM,3,ARI,2
2017020376,2017-11-28,20172018,2,VGK,0,DAL,3
2017020377,2017-11-29,20172018,2,BOS,3,TBL,2
2017020378,2017-11-29,20172018,2,MTL,2,OTT,1
2017020379,2017-11-29,20172018,2,STL,2,ANA,3
2017020380,2017-11-29,20172018,2,COL,3,WPG,2
2017020381,2017-11-30,20172018,2,WSH,2,LAK,5
2017020382,2017-11-30,20172018,2,DET,3,MTL,6
2017020383,2017-11-30,20172018,2,NSH,3,VAN,5
2017020384,2017-11-30,20172018,2,MIN,4,VGK,2
2017020385,2017-11-30,20172018,2,CHI,3,DAL,4
2017020386,2017-11-30,20172018,2,CGY,3,ARI,0
2017020387,2017-11-30,20172018,2,EDM,4,TOR,6
2017020388,2017-12-01,20172018,2,BUF,0,PIT,4
2017020389,2017-12-01,20172018,2,NYI,5,OTT,6
2017020390,2017-12-01,20172018,2,NYR,5,CAR,1
2017020391,2017-12-01,20172018,2,CBJ,4,ANA,2
2017020392,2017-12-01,20172018,2,FLA,1,SJS,2
2017020393,2017-12-01,20172018,2,STL,1,LAK,4
2017020394,2017-12-01,20172018,2,WPG,7,VGK,4
2017020395,2017-12-01,20172018,2,COL,1,NJD,2
2017020396,2017-12-02,20172018,2,PHI,0,BOS,3
2017020397,2017-12-02,20172018,2,MIN,2,STL,1
2017020398,2017-12-02,20172018,2,MTL,10,DET,1
2017020399,2017-12-02,20172018,2,TBL,5,SJS,2
2017020400,2017-12-02,20172018,2,PIT,5,BUF,1
2017020401,2017-12-02,20172018,2,WSH,4,CBJ,3
2017020402,2017-12-02,20172018,2,VAN,2,TOR,1
2017020403,2017-12-02,20172018,2,CAR,3,FLA,2
2017020404,2017-12-02,20172018,2,NSH,3,ANA,2
2017020405,2017-12-02,20172018,2,ARI,5,NJD,0
2017020406,2017-12-02,20172018,2,DAL,3,CHI,2
2017020407,2017-12-02,20172018,2,CGY,5,EDM,7
2017020408,2017-12-03,20172018,2,CHI,1,LAK,3
2017020409,2017-12-03,20172018,2,WPG,5,OTT,0
2017020410,2017-12-03,20172018,2,COL,2,DAL,7
2017020411,2017-12-03,20172018,2,VGK,3,ARI,2
2017020412,2017-12-04,20172018,2,WSH,4,SJS,1
2017020413,2017-12-04,20172018,2,FLA,4,NYI,5
2017020414,2017-12-04,20172018,2,NSH,5,BOS,3
2017020415,2017-12-04,20172018,2,CGY,2,PHI,5
2017020416,2017-12-05,20172018,2,PIT,3,NYR,4
2017020417,2017-12-05,20172018,2,CBJ,1,NJD,4
2017020418,2017-12-05,20172018,2,MTL,3,STL,4
2017020419,2017-12-05,20172018,2,DET,5,WPG,1
2017020420,2017-12-05,20172018,2,TBL,6,NYI,2
2017020421,2017-12-05,20172018,2,DAL,2,NSH,5
2017020422,2017-12-05,20172018,2,COL,2,BUF,4
2017020423,2017-12-05,20172018,2,VAN,3,CAR,0
2017020424,2017-12-05,20172018,2,VGK,4,ANA,3
2017020425,2017-12-05,20172018,2,LAK,5,MIN,2
2017020426,2017-12-06,20172018,2,TOR,2,CGY,1
2017020427,2017-12-06,20172018,2,WSH,6,CHI,2
2017020428,2017-12-06,20172018,2,EDM,2,PHI,4
2017020429,2017-12-06,20172018,2,ANA,3,OTT,0
2017020430,2017-12-07,20172018,2,BOS,6,ARI,1
2017020431,2017-12-07,20172018,2,PIT,4,NYI,3
2017020432,2017-12-07,20172018,2,MTL,2,CGY,3
2017020433,2017-12-07,20172018,2,TBL,5,COL,2
2017020434,2017-12-07,20172018,2,FLA,6,WPG,4
2017020435,2017-12-07,20172018,2,STL,3,DAL,0
2017020436,2017-12-07,20172018,2,VAN,1,PHI,4
2017020437,2017-12-07,20172018,2,LAK,4,OTT,3
2017020438,2017-12-07,20172018,2,SJS,5,CAR,4
2017020439,2017-12-08,20172018,2,NJD,3,CBJ,5
2017020440,2017-12-08,20172018,2,WSH,4,NYR,2
2017020441,2017-12-08,20172018,2,NSH,3,VGK,4
2017020442,2017-12-08,20172018,2,CHI,3,BUF,2
2017020443,2017-12-08,20172018,2,ANA,2,MIN,3
2017020444,2017-12-09,20172018,2,BOS,3,NYI,1
2017020445,2017-12-09,20172018,2,MTL,2,EDM,6
2017020446,2017-12-09,20172018,2,DET,1,STL,6
2017020447,2017-12-09,20172018,2,TBL,4,WPG,3
2017020448,2017-12-09,20172018,2,FLA,3,COL,7
2017020449,2017-12-09,20172018,2,NYR,5,NJD,2
2017020450,2017-12-09,20172018,2,PIT,3,TOR,4
2017020451,2017-12-09,20172018,2,CBJ,1,ARI,0
2017020452,2017-12-09,20172018,2,DAL,3,VGK,5
2017020453,2017-12-09,20172018,2,CGY,4,VAN,2
2017020454,2017-12-09,20172018,2,SJS,5,OTT,0
2017020455,2017-12-09,20172018,2,LAK,3,CAR,2
2017020456,2017-12-10,20172018,2,TOR,1,EDM,0
2017020457,2017-12-10,20172018,2,CHI,3,ARI,1
2017020458,2017-12-10,20172018,2,STL,3,BUF,2
2017020459,2017-12-10,20172018,2,SJS,3,MIN,4
2017020460,2017-12-11,20172018,2,NYI,3,WSH,1
2017020461,2017-12-11,20172018,2,NYR,1,DAL,2
2017020462,2017-12-11,20172018,2,PIT,1,COL,2
2017020463,2017-12-11,20172018,2,DET,1,FLA,2
2017020464,2017-12-11,20172018,2,WPG,5,VAN,1
2017020465,2017-12-11,20172018,2,ANA,3,CAR,2
2017020466,2017-12-12,20172018,2,BUF,3,OTT,2
2017020467,2017-12-12,20172018,2,NJD,5,LAK,1
2017020468,2017-12-12,20172018,2,PHI,4,TOR,2
2017020469,2017-12-12,20172018,2,WSH,5,COL,2
2017020470,2017-12-12,20172018,2,CBJ,2,EDM,7
2017020471,2017-12-12,20172018,2,STL,0,TBL,3
2017020472,2017-12-12,20172018,2,MIN,2,CGY,1
2017020473,2017-12-12,20172018,2,CHI,3,FLA,2
2017020474,2017-12-12,20172018,2,VGK,2,CAR,3
2017020475,2017-12-13,20172018,2,OTT,3,NYR,2
2017020476,2017-12-13,20172018,2,NYI,2,DAL,5
2017020477,2017-12-13,20172018,2,DET,2,BOS,3
2017020478,2017-12-13,20172018,2,VAN,1,NSH,7
2017020479,2017-12-14,20172018,2,BOS,3,WSH,5
2017020480,2017-12-14,20172018,2,PHI,2,BUF,1
2017020481,2017-12-14,20172018,2,CBJ,6,NYI,4
2017020482,2017-12-14,20172018,2,MTL,2,NJD,1
2017020483,2017-12-14,20172018,2,STL,1,ANA,3
2017020484,2017-12-14,20172018,2,MIN,2,TOR,0
2017020485,2017-12-14,20172018,2,WPG,1,CHI,5
2017020486,2017-12-14,20172018,2,COL,2,FLA,1
2017020487,2017-12-14,20172018,2,CGY,2,SJS,3
2017020488,2017-12-14,20172018,2,EDM,0,NSH,4
2017020489,2017-12-14,20172018,2,ARI,1,TBL,4
2017020490,2017-12-14,20172018,2,VGK,2,PIT,1
2017020491,2017-12-15,20172018,2,BUF,4,CAR,5
2017020492,2017-12-15,20172018,2,NJD,5,DAL,2
2017020493,2017-12-15,20172018,2,NYR,4,LAK,2
2017020494,2017-12-15,20172018,2,DET,3,TOR,1
2017020495,2017-12-15,20172018,2,VAN,4,SJS,3
2017020496,2017-12-16,20172018,2,MIN,2,EDM,3
2017020497,2017-12-16,20172018,2,BOS,2,NYR,3
2017020498,2017-12-16,20172018,2,OTT,3,MTL,0
2017020499,2017-12-16,20172018,2,NYI,4,LAK,3
2017020500,2017-12-16,20172018,2,PHI,2,DAL,1
2017020501,2017-12-16,20172018,2,STL,2,WPG,0
2017020502,2017-12-16,20172018,2,WSH,3,ANA,2
2017020503,2017-12-16,20172018,2,CAR,2,CBJ,1
2017020504,2017-12-16,20172018,2,ARI,2,PIT,4
2017020505,2017-12-16,20172018,2,COL,5,TBL,6
2017020506,2017-12-16,20172018,2,CGY,0,NSH,2
2017020507,2017-12-17,20172018,2,WPG,4,STL,0
2017020508,2017-12-17,20172018,2,CHI,4,MIN,1
2017020509,2017-12-17,20172018,2,VAN,1,CGY,6
2017020510,2017-12-17,20172018,2,VGK,5,FLA,2
2017020511,2017-12-18,20172018,2,BOS,7,CBJ,2
2017020512,2017-12-18,20172018,2,NJD,5,ANA,3
2017020513,2017-12-18,20172018,2,PHI,1,LAK,4
2017020514,2017-12-18,20172018,2,COL,4,PIT,2
2017020515,2017-12-18,20172018,2,EDM,5,SJS,3
2017020516,2017-12-19,20172018,2,TOR,8,CAR,1
2017020517,2017-12-19,20172018,2,BUF,0,BOS,3
2017020518,2017-12-19,20172018,2,NYI,3,DET,6
2017020519,2017-12-19,20172018,2,NYR,4,ANA,1
2017020520,2017-12-19,20172018,2,OTT,4,MIN,6
2017020521,2017-12-19,20172018,2,NSH,4,WPG,6
2017020522,2017-12-19,20172018,2,DAL,3,WSH,4
2017020523,2017-12-19,20172018,2,ARI,2,FLA,3
2017020524,2017-12-19,20172018,2,VAN,5,MTL,7
2017020525,2017-12-19,20172018,2,VGK,4,TBL,3
2017020526,2017-12-20,20172018,2,CBJ,4,TOR,2
2017020527,2017-12-20,20172018,2,PHI,4,DET,3
2017020528,2017-12-20,20172018,2,CGY,2,STL,1
2017020529,2017-12-21,20172018,2,BOS,2,WPG,1
2017020530,2017-12-21,20172018,2,NJD,4,NYR,3
2017020531,2017-12-21,20172018,2,NYI,4,ANA,5
2017020532,2017-12-21,20172018,2,PIT,3,CBJ,2
2017020533,2017-12-21,20172018,2,TBL,4,OTT,3
2017020534,2017-12-21,20172018,2,NSH,1,CAR,4
2017020535,2017-12-21,20172018,2,DAL,4,CHI,0
2017020536,2017-12-21,20172018,2,EDM,3,STL,2
2017020537,2017-12-21,20172018,2,LAK,2,COL,1
2017020538,2017-12-21,20172018,2,SJS,5,VAN,4
2017020539,2017-12-22,20172018,2,BUF,4,PHI,2
2017020540,2017-12-22,20172018,2,FLA,4,MIN,2
2017020541,2017-12-22,20172018,2,CGY,2,MTL,3
2017020542,2017-12-22,20172018,2,ARI,3,WSH,2
2017020543,2017-12-23,20172018,2,BOS,3,DET,1
2017020544,2017-12-23,20172018,2,NYI,5,WPG,2
2017020545,2017-12-23,20172018,2,TBL,3,MIN,0
2017020546,2017-12-23,20172018,2,FLA,1,OTT,0
2017020547,2017-12-23,20172018,2,NJD,4,CHI,1
2017020548,2017-12-23,20172018,2,NYR,2,TOR,3
2017020549,2017-12-23,20172018,2,PIT,0,ANA,4
2017020550,2017-12-23,20172018,2,CAR,4,BUF,2
2017020551,2017-12-23,20172018,2,CBJ,2,PHI,1
2017020552,2017-12-23,20172018,2,EDM,4,MTL,1
2017020553,2017-12-23,20172018,2,DAL,4,NSH,3
2017020554,2017-12-23,20172018,2,ARI,2,COL,6
2017020555,2017-12-23,20172018,2,VGK,3,WSH,0
2017020556,2017-12-23,20172018,2,VAN,1,STL,3
2017020557,2017-12-23,20172018,2,SJS,2,LAK,0
2017020558,2017-12-27,20172018,2,BOS,5,OTT,1
2017020559,2017-12-27,20172018,2,NJD,3,DET,1
2017020560,2017-12-27,20172018,2,NYI,3,BUF,2
2017020561,2017-12-27,20172018,2,NYR,1,WSH,0
2017020562,2017-12-27,20172018,2,PIT,5,CBJ,4
2017020563,2017-12-27,20172018,2,CAR,3,MTL,1
2017020564,2017-12-27,20172018,2,STL,1,NSH,2
2017020565,2017-12-27,20172018,2,MIN,4,DAL,2
2017020566,2017-12-27,20172018,2,WPG,4,EDM,3
2017020567,2017-12-27,20172018,2,COL,1,ARI,3
2017020568,2017-12-27,20172018,2,ANA,1,VGK,4
2017020569,2017-12-28,20172018,2,WSH,4,BOS,3
2017020570,2017-12-28,20172018,2,TBL,3,MTL,1
2017020571,2017-12-28,20172018,2,FLA,3,PHI,2
2017020572,2017-12-28,20172018,2,ARI,4,TOR,7
2017020573,2017-12-28,20172018,2,VAN,5,CHI,2
2017020574,2017-12-28,20172018,2,LAK,2,VGK,3
2017020575,2017-12-28,20172018,2,SJS,3,CGY,2
2017020576,2017-12-29,20172018,2,NJD,3,BUF,4
2017020577,2017-12-29,20172018,2,OTT,5,CBJ,4
2017020578,2017-12-29,20172018,2,DET,3,NYR,2
2017020579,2017-12-29,20172018,2,TBL,3,PHI,5
2017020580,2017-12-29,20172018,2,CAR,2,PIT,1
2017020581,2017-12-29,20172018,2,MIN,4,NSH,2
2017020582,2017-12-29,20172018,2,WPG,4,NYI,2
2017020583,2017-12-29,20172018,2,DAL,4,STL,2
2017020584,2017-12-29,20172018,2,COL,4,TOR,3
2017020585,2017-12-29,20172018,2,EDM,3,CHI,4
2017020586,2017-12-29,20172018,2,ANA,2,CGY,1
2017020587,2017-12-30,20172018,2,OTT,0,BOS,5
2017020588,2017-12-30,20172018,2,FLA,2,MTL,0
2017020589,2017-12-30,20172018,2,WSH,5,NJD,2
2017020590,2017-12-30,20172018,2,STL,3,CAR,2
2017020591,2017-12-30,20172018,2,NSH,3,MIN,0
2017020592,2017-12-30,20172018,2,VAN,3,LAK,4
2017020593,2017-12-31,20172018,2,VGK,6,TOR,3
2017020594,2017-12-31,20172018,2,CBJ,0,TBL,5
2017020595,2017-12-31,20172018,2,DET,4,PIT,1
2017020596,2017-12-31,20172018,2,DAL,6,SJS,0
2017020597,2017-12-31,20172018,2,COL,6,NYI,1
2017020598,2017-12-31,20172018,2,ANA,5,ARI,2
2017020599,2017-12-31,20172018,2,CGY,4,CHI,3
2017020600,2017-12-31,20172018,2,EDM,0,WPG,5
2017020601,2018-01-01,20172018,2,BUF,2,NYR,3
2017020602,2018-01-02,20172018,2,TOR,0,TBL,2
2017020603,2018-01-02,20172018,2,NYI,1,BOS,5
2017020604,2018-01-02,20172018,2,PHI,1,PIT,5
2017020605,2018-01-02,20172018,2,CAR,4,WSH,5
2017020606,2018-01-02,20172018,2,MTL,1,SJS,4
2017020607,2018-01-02,20172018,2,STL,3,NJD,2
2017020608,2018-01-02,20172018,2,MIN,5,FLA,1
2017020609,2018-01-02,20172018,2,DAL,1,CBJ,2
2017020610,2018-01-02,20172018,2,COL,3,WPG,2
2017020611,2018-01-02,20172018,2,EDM,0,LAK,5
2017020612,2018-01-02,20172018,2,VAN,0,ANA,5
2017020613,2018-01-02,20172018,2,VGK,3,NSH,0
2017020614,2018-01-03,20172018,2,DET,2,OTT,1
2017020615,2018-01-03,20172018,2,NYR,2,CHI,5
2017020617,2018-01-04,20172018,2,TOR,3,SJS,2
2017020618,2018-01-04,20172018,2,PHI,6,NYI,4
2017020619,2018-01-04,20172018,2,PIT,0,CAR,4
2017020620,2018-01-04,20172018,2,MTL,2,TBL,1
2017020621,2018-01-04,20172018,2,STL,2,VGK,1
2017020622,2018-01-04,20172018,2,MIN,6,BUF,2
2017020623,2018-01-04,20172018,2,DAL,4,NJD,3
2017020624,2018-01-04,20172018,2,COL,2,CBJ,0
2017020625,2018-01-04,20172018,2,CGY,4,LAK,3
2017020626,2018-01-04,20172018,2,EDM,2,ANA,1
2017020627,2018-01-04,20172018,2,ARI,3,NSH,2
2017020628,2018-01-05,20172018,2,NYI,0,PIT,4
2017020629,2018-01-05,20172018,2,OTT,6,SJS,5
2017020630,2018-01-05,20172018,2,DET,4,FLA,2
2017020631,2018-01-05,20172018,2,WPG,4,BUF,3
2017020632,2018-01-05,20172018,2,CHI,4,VGK,5
2017020633,2018-01-06,20172018,2,PHI,6,STL,3
2017020634,2018-01-06,20172018,2,DAL,5,EDM,1
2017020635,2018-01-06,20172018,2,COL,7,MIN,2
2017020636,2018-01-06,20172018,2,BOS,7,CAR,1
2017020637,2018-01-06,20172018,2,TOR,3,VAN,2
2017020638,2018-01-06,20172018,2,OTT,6,TBL,3
2017020639,2018-01-06,20172018,2,ARI,1,NYR,2
2017020640,2018-01-06,20172018,2,CGY,3,ANA,2
2017020641,2018-01-06,20172018,2,LAK,3,NSH,4
2017020642,2018-01-07,20172018,2,NYI,5,NJD,4
2017020643,2018-01-07,20172018,2,PHI,4,BUF,1
2017020644,2018-01-07,20172018,2,WSH,4,STL,3
2017020645,2018-01-07,20172018,2,CHI,4,EDM,1
2017020646,2018-01-07,20172018,2,WPG,4,SJS,1
2017020647,2018-01-07,20172018,2,CBJ,3,FLA,2
2017020648,2018-01-07,20172018,2,MTL,5,VAN,2
2017020649,2018-01-07,20172018,2,DET,2,TBL,5
2017020650,2018-01-07,20172018,2,PIT,6,BOS,5
2017020651,2018-01-07,20172018,2,VGK,2,NYR,1
2017020652,2018-01-08,20172018,2,TOR,2,CBJ,3
2017020653,2018-01-09,20172018,2,BUF,4,WPG,7
2017020654,2018-01-09,20172018,2,WSH,3,VAN,1
2017020655,2018-01-09,20172018,2,OTT,2,CHI,8
2017020656,2018-01-09,20172018,2,TBL,5,CAR,4
2017020657,2018-01-09,20172018,2,STL,4,FLA,7
2017020658,2018-01-09,20172018,2,NSH,2,EDM,1
2017020659,2018-01-09,20172018,2,MIN,2,CGY,3
2017020660,2018-01-10,20172018,2,TOR,3,OTT,4
2017020661,2018-01-10,20172018,2,CHI,1,MIN,2
2017020662,2018-01-11,20172018,2,BUF,3,CBJ,1
2017020663,2018-01-11,20172018,2,WSH,1,CAR,3
2017020664,2018-01-11,20172018,2,TBL,1,CGY,5
2017020665,2018-01-12,20172018,2,CBJ,2,VAN,5
2017020666,2018-01-12,20172018,2,FLA,2,CGY,4
2017020667,2018-01-12,20172018,2,CAR,3,WSH,4
2017020668,2018-01-12,20172018,2,CHI,2,WPG,1
2017020669,2018-01-12,20172018,2,ARI,2,EDM,4
2017020670,2018-01-13,20172018,2,NYR,2,NYI,7
2017020671,2018-01-13,20172018,2,PIT,4,DET,1
2017020672,2018-01-13,20172018,2,MTL,3,BOS,4
2017020673,2018-01-13,20172018,2,NJD,3,PHI,5
2017020674,2018-01-13,20172018,2,MIN,4,WPG,1
2017020675,2018-01-13,20172018,2,DAL,1,COL,4
2017020676,2018-01-13,20172018,2,VGK,2,EDM,3
2017020677,2018-01-13,20172018,2,LAK,2,ANA,4
2017020678,2018-01-13,20172018,2,SJS,6,ARI,5
2017020679,2018-01-14,20172018,2,PIT,5,NYR,2
2017020680,2018-01-14,20172018,2,CAR,1,CGY,4
2017020681,2018-01-14,20172018,2,CHI,0,DET,4
2017020682,2018-01-14,20172018,2,MIN,2,VAN,3
2017020683,2018-01-15,20172018,2,BOS,2,DAL,3
2017020684,2018-01-15,20172018,2,COL,3,ANA,1
2017020685,2018-01-15,20172018,2,LAK,1,SJS,4
2017020686,2018-01-15,20172018,2,MTL,4,NYI,5
2017020687,2018-01-16,20172018,2,TOR,1,STL,2
2017020688,2018-01-16,20172018,2,NYI,1,NJD,4
2017020689,2018-01-16,20172018,2,NYR,5,PHI,1
2017020690,2018-01-16,20172018,2,DET,2,DAL,4
2017020691,2018-01-16,20172018,2,NSH,1,VGK,0
2017020692,2018-01-16,20172018,2,ARI,2,SJS,3
2017020693,2018-01-17,20172018,2,BOS,4,MTL,1
2017020694,2018-01-17,20172018,2,ANA,5,PIT,3
2017020695,2018-01-18,20172018,2,NJD,4,WSH,3
2017020696,2018-01-18,20172018,2,NYI,2,BOS,5
2017020697,2018-01-18,20172018,2,NYR,4,BUF,3
2017020698,2018-01-18,20172018,2,PHI,3,TOR,2
2017020699,2018-01-18,20172018,2,CBJ,2,DAL,1
2017020700,2018-01-18,20172018,2,OTT,1,STL,4
2017020701,2018-01-18,20172018,2,TBL,1,VGK,4
2017020702,2018-01-18,20172018,2,NSH,3,ARI,2
2017020703,2018-01-18,20172018,2,COL,5,SJS,3
2017020704,2018-01-18,20172018,2,LAK,1,PIT,3
2017020705,2018-01-19,20172018,2,FLA,4,VGK,3
2017020706,2018-01-19,20172018,2,WSH,2,MTL,3
2017020707,2018-01-19,20172018,2,ANA,2,LAK,1
2017020708,2018-01-20,20172018,2,BUF,1,DAL,7
2017020709,2018-01-20,20172018,2,PHI,3,NJD,1
2017020710,2018-01-20,20172018,2,COL,3,NYR,1
2017020711,2018-01-20,20172018,2,CGY,1,WPG,2
2017020712,2018-01-20,20172018,2,MTL,1,BOS,4
2017020713,2018-01-20,20172018,2,OTT,3,TOR,4
2017020714,2018-01-20,20172018,2,DET,1,CAR,3
2017020715,2018-01-20,20172018,2,STL,2,ARI,5
2017020716,2018-01-20,20172018,2,NSH,4,FLA,3
2017020717,2018-01-20,20172018,2,SJS,2,PIT,1
2017020718,2018-01-20,20172018,2,CHI,3,NYI,7
2017020719,2018-01-20,20172018,2,MIN,5,TBL,2
2017020720,2018-01-20,20172018,2,EDM,5,VAN,2
2017020721,2018-01-21,20172018,2,WSH,1,PHI,2
2017020722,2018-01-21,20172018,2,CAR,1,VGK,5
2017020723,2018-01-21,20172018,2,WPG,1,VAN,0
2017020724,2018-01-21,20172018,2,ANA,2,SJS,6
2017020725,2018-01-21,20172018,2,LAK,4,NYR,2
2017020726,2018-01-22,20172018,2,TOR,2,COL,4
2017020727,2018-01-22,20172018,2,NJD,0,DET,3
2017020728,2018-01-22,20172018,2,MIN,3,OTT,1
2017020729,2018-01-22,20172018,2,CHI,0,TBL,2
2017020730,2018-01-22,20172018,2,CGY,1,BUF,2
2017020731,2018-01-22,20172018,2,ARI,3,NYI,2
2017020732,2018-01-23,20172018,2,BOS,3,NJD,2
2017020733,2018-01-23,20172018,2,PIT,3,CAR,1
2017020734,2018-01-23,20172018,2,MTL,4,COL,2
2017020735,2018-01-23,20172018,2,DET,2,PHI,3
2017020736,2018-01-23,20172018,2,STL,3,OTT,0
2017020737,2018-01-23,20172018,2,NSH,3,TBL,4
2017020738,2018-01-23,20172018,2,DAL,6,FLA,1
2017020739,2018-01-23,20172018,2,EDM,0,BUF,5
2017020740,2018-01-23,20172018,2,VAN,6,LAK,2
2017020741,2018-01-23,20172018,2,VGK,6,CBJ,3
2017020742,2018-01-23,20172018,2,ANA,6,NYR,3
2017020743,2018-01-23,20172018,2,SJS,4,WPG,5
2017020744,2018-01-24,20172018,2,CHI,2,TOR,3
2017020745,2018-01-24,20172018,2,CGY,1,LAK,2
2017020746,2018-01-25,20172018,2,NJD,0,NSH,3
2017020747,2018-01-25,20172018,2,PHI,1,TBL,5
2017020748,2018-01-25,20172018,2,PIT,6,MIN,3
2017020749,2018-01-25,20172018,2,MTL,5,CAR,6
2017020750,2018-01-25,20172018,2,OTT,2,BOS,3
2017020751,2018-01-25,20172018,2,DET,1,CHI,5
2017020752,2018-01-25,20172018,2,FLA,2,WSH,4
2017020753,2018-01-25,20172018,2,STL,3,COL,1
2017020754,2018-01-25,20172018,2,DAL,1,TOR,4
2017020755,2018-01-25,20172018,2,EDM,4,CGY,3
2017020756,2018-01-25,20172018,2,ARI,1,CBJ,2
2017020757,2018-01-25,20172018,2,VAN,0,BUF,4
2017020758,2018-01-25,20172018,2,VGK,1,NYI,2
2017020759,2018-01-25,20172018,2,ANA,4,WPG,3
2017020760,2018-01-25,20172018,2,SJS,5,NYR,6
2017020761,2018-01-30,20172018,2,BOS,1,ANA,3
2017020762,2018-01-30,20172018,2,BUF,1,NJD,3
2017020763,2018-01-30,20172018,2,NYI,1,FLA,4
2017020764,2018-01-30,20172018,2,PIT,5,SJS,2
2017020765,2018-01-30,20172018,2,CAR,2,OTT,1
2017020766,2018-01-30,20172018,2,CBJ,2,MIN,3
2017020767,2018-01-30,20172018,2,STL,3,MTL,1
2017020768,2018-01-30,20172018,2,NSH,1,CHI,2
2017020769,2018-01-30,20172018,2,WPG,3,TBL,1
2017020770,2018-01-30,20172018,2,DAL,0,LAK,3
2017020771,2018-01-30,20172018,2,CGY,2,VGK,4
2017020772,2018-01-30,20172018,2,VAN,4,COL,3
2017020773,2018-01-31,20172018,2,TOR,5,NYI,0
2017020774,2018-01-31,20172018,2,DET,2,SJS,1
2017020775,2018-01-31,20172018,2,WSH,5,PHI,3
2017020776,2018-02-01,20172018,2,BOS,3,STL,1
2017020777,2018-02-01,20172018,2,BUF,2,FLA,4
2017020778,2018-02-01,20172018,2,NJD,4,PHI,3
2017020779,2018-02-01,20172018,2,NYR,0,TOR,4
2017020780,2018-02-01,20172018,2,CAR,2,MTL,0
2017020781,2018-02-01,20172018,2,OTT,2,ANA,1
2017020782,2018-02-01,20172018,2,NSH,5,LAK,0
2017020783,2018-02-01,20172018,2,WPG,2,VGK,3
2017020784,2018-02-01,20172018,2,CGY,4,TBL,7
2017020785,2018-02-01,20172018,2,EDM,3,COL,4
2017020786,2018-02-01,20172018,2,ARI,1,DAL,4
2017020787,2018-02-01,20172018,2,VAN,4,CHI,2
2017020788,2018-02-02,20172018,2,PIT,7,WSH,4
2017020789,2018-02-02,20172018,2,CAR,1,DET,4
2017020790,2018-02-02,20172018,2,CBJ,1,SJS,3
2017020791,2018-02-02,20172018,2,MIN,5,VGK,2
2017020792,2018-02-03,20172018,2,MTL,5,ANA,2
2017020793,2018-02-03,20172018,2,PHI,3,OTT,4
2017020794,2018-02-03,20172018,2,BOS,4,TOR,1
2017020795,2018-02-03,20172018,2,BUF,0,STL,1
2017020796,2018-02-03,20172018,2,FLA,3,DET,2
2017020797,2018-02-03,20172018,2,NJD,3,PIT,1
2017020798,2018-02-03,20172018,2,NYI,4,CBJ,3
2017020799,2018-02-03,20172018,2,WPG,3,COL,0
2017020800,2018-02-03,20172018,2,NSH,5,NYR,2
2017020801,2018-02-03,20172018,2,DAL,6,MIN,1
2017020802,2018-02-03,20172018,2,CGY,4,CHI,3
2017020803,2018-02-03,20172018,2,VAN,2,TBL,4
2017020804,2018-02-03,20172018,2,LAK,6,ARI,0
2017020805,2018-02-04,20172018,2,WSH,3,VGK,4
2017020806,2018-02-04,20172018,2,MTL,4,OTT,1
2017020807,2018-02-04,20172018,2,CAR,1,SJS,3
2017020808,2018-02-05,20172018,2,TOR,7,ANA,4
2017020809,2018-02-05,20172018,2,NYI,4,NSH,5
2017020810,2018-02-05,20172018,2,DAL,2,NYR,1
2017020811,2018-02-05,20172018,2,EDM,6,TBL,2
2017020812,2018-02-06,20172018,2,BUF,3,ANA,4
2017020813,2018-02-06,20172018,2,PIT,5,VGK,4
2017020814,2018-02-06,20172018,2,CAR,1,PHI,2
2017020815,2018-02-06,20172018,2,CBJ,2,WSH,3
2017020816,2018-02-06,20172018,2,OTT,5,NJD,3
2017020817,2018-02-06,20172018,2,DET,2,BOS,3
2017020818,2018-02-06,20172018,2,FLA,3,VAN,1
2017020819,2018-02-06,20172018,2,STL,2,MIN,6
2017020820,2018-02-06,20172018,2,WPG,4,ARI,3
2017020821,2018-02-06,20172018,2,CHI,2,CGY,3
2017020822,2018-02-06,20172018,2,COL,3,SJS,1
2017020823,2018-02-07,20172018,2,TOR,3,NSH,2
2017020824,2018-02-07,20172018,2,NYR,1,BOS,6
2017020825,2018-02-07,20172018,2,LAK,5,EDM,2
2017020826,2018-02-08,20172018,2,BUF,4,NYI,3
2017020827,2018-02-08,20172018,2,NJD,2,CGY,3
2017020828,2018-02-08,20172018,2,PHI,5,MTL,3
2017020829,2018-02-08,20172018,2,OTT,4,NSH,3
2017020830,2018-02-08,20172018,2,TBL,5,VAN,2
2017020831,2018-02-08,20172018,2,STL,6,COL,1
2017020832,2018-02-08,20172018,2,MIN,3,ARI,4
2017020833,2018-02-08,20172018,2,CHI,2,DAL,4
2017020834,2018-02-08,20172018,2,SJS,3,VGK,5
2017020835,2018-02-09,20172018,2,NYI,7,DET,6
2017020836,2018-02-09,20172018,2,NYR,4,CGY,3
2017020837,2018-02-09,20172018,2,WSH,4,CBJ,2
2017020838,2018-02-09,20172018,2,FLA,1,LAK,3
2017020839,2018-02-09,20172018,2,CAR,4,VAN,1
2017020840,2018-02-09,20172018,2,WPG,2,STL,5
2017020841,2018-02-09,20172018,2,DAL,4,PIT,3
2017020842,2018-02-09,20172018,2,ANA,3,EDM,2
2017020843,2018-02-10,20172018,2,BOS,2,BUF,4
2017020844,2018-02-10,20172018,2,TOR,6,OTT,3
2017020845,2018-02-10,20172018,2,MTL,2,NSH,3
2017020846,2018-02-10,20172018,2,TBL,4,LAK,3
2017020847,2018-02-10,20172018,2,CAR,3,COL,1
2017020848,2018-02-10,20172018,2,CBJ,6,NJD,1
2017020849,2018-02-10,20172018,2,MIN,3,CHI,0
2017020850,2018-02-10,20172018,2,ARI,3,PHI,4
2017020851,2018-02-10,20172018,2,SJS,6,EDM,4
2017020852,2018-02-11,20172018,2,WSH,4,DET,5
2017020853,2018-02-11,20172018,2,STL,1,PIT,4
2017020854,2018-02-11,20172018,2,WPG,1,NYR,3
2017020855,2018-02-11,20172018,2,DAL,0,VAN,6
2017020856,2018-02-11,20172018,2,BUF,4,COL,5
2017020857,2018-02-11,20172018,2,NJD,3,BOS,5
2017020858,2018-02-11,20172018,2,NYI,2,CGY,3
2017020859,2018-02-11,20172018,2,VGK,1,PHI,4
2017020860,2018-02-11,20172018,2,ANA,2,SJS,3
2017020861,2018-02-12,20172018,2,TOR,4,TBL,3
2017020862,2018-02-12,20172018,2,EDM,5,FLA,7
2017020863,2018-02-12,20172018,2,ARI,6,CHI,1
2017020864,2018-02-13,20172018,2,BOS,5,CGY,2
2017020865,2018-02-13,20172018,2,BUF,5,TBL,3
2017020866,2018-02-13,20172018,2,NYI,1,CBJ,4
2017020867,2018-02-13,20172018,2,PHI,4,NJD,5
2017020868,2018-02-13,20172018,2,PIT,6,OTT,3
2017020869,2018-02-13,20172018,2,CAR,7,LAK,3
2017020870,2018-02-13,20172018,2,DET,2,ANA,1
2017020871,2018-02-13,20172018,2,NSH,4,STL,3
2017020872,2018-02-13,20172018,2,MIN,3,NYR,2
2017020873,2018-02-13,20172018,2,WPG,4,WSH,3
2017020874,2018-02-13,20172018,2,VGK,5,CHI,2
2017020875,2018-02-13,20172018,2,SJS,1,ARI,2
2017020876,2018-02-14,20172018,2,TOR,6,CBJ,3
2017020877,2018-02-14,20172018,2,COL,2,MTL,0
2017020878,2018-02-14,20172018,2,VAN,3,FLA,4
2017020879,2018-02-15,20172018,2,NJD,5,CAR,2
2017020880,2018-02-15,20172018,2,NYI,3,NYR,0
2017020881,2018-02-15,20172018,2,PIT,3,LAK,1
2017020882,2018-02-15,20172018,2,OTT,3,BUF,2
2017020883,2018-02-15,20172018,2,TBL,4,DET,1
2017020884,2018-02-15,20172018,2,NSH,3,CGY,4
2017020885,2018-02-15,20172018,2,MIN,2,WSH,5
2017020886,2018-02-15,20172018,2,CHI,2,ANA,3
2017020887,2018-02-15,20172018,2,ARI,5,MTL,2
2017020888,2018-02-15,20172018,2,VGK,4,EDM,1
2017020889,2018-02-15,20172018,2,SJS,4,VAN,1
2017020890,2018-02-16,20172018,2,CBJ,1,PHI,2
2017020891,2018-02-16,20172018,2,CAR,0,NYI,3
2017020892,2018-02-16,20172018,2,WPG,6,COL,1
2017020893,2018-02-16,20172018,2,DAL,2,STL,1
2017020894,2018-02-17,20172018,2,BUF,2,LAK,4
2017020895,2018-02-17,20172018,2,OTT,6,NYR,3
2017020896,2018-02-17,20172018,2,MIN,2,ANA,3
2017020897,2018-02-17,20172018,2,ARI,1,EDM,0
2017020898,2018-02-17,20172018,2,TBL,3,NJD,4
2017020899,2018-02-17,20172018,2,PIT,5,TOR,3
2017020900,2018-02-17,20172018,2,VGK,6,MTL,3
2017020901,2018-02-17,20172018,2,NSH,1,DET,3
2017020902,2018-02-17,20172018,2,CHI,7,WSH,1
2017020903,2018-02-17,20172018,2,CGY,3,FLA,6
2017020904,2018-02-17,20172018,2,VAN,6,BOS,1
2017020905,2018-02-18,20172018,2,NYR,4,PHI,7
2017020906,2018-02-18,20172018,2,COL,2,EDM,4
2017020907,2018-02-18,20172018,2,CAR,2,NJD,3
2017020908,2018-02-18,20172018,2,CBJ,2,PIT,5
2017020909,2018-02-18,20172018,2,DET,2,TOR,3
2017020910,2018-02-18,20172018,2,WPG,7,FLA,2
2017020911,2018-02-18,20172018,2,SJS,5,DAL,2
2017020912,2018-02-19,20172018,2,NYI,3,MIN,5
2017020913,2018-02-19,20172018,2,BUF,2,WSH,3
2017020914,2018-02-19,20172018,2,CGY,1,BOS,2
2017020915,2018-02-19,20172018,2,NSH,5,OTT,2
2017020916,2018-02-19,20172018,2,CHI,1,LAK,3
2017020917,2018-02-19,20172018,2,VGK,0,ANA,2
2017020918,2018-02-20,20172018,2,TOR,1,FLA,0
2017020919,2018-02-20,20172018,2,NJD,1,CBJ,2
2017020920,2018-02-20,20172018,2,PHI,3,MTL,2
2017020921,2018-02-20,20172018,2,WSH,2,TBL,4
2017020922,2018-02-20,20172018,2,DET,2,NSH,3
2017020923,2018-02-20,20172018,2,STL,2,SJS,3
2017020924,2018-02-20,20172018,2,WPG,3,LAK,4
2017020925,2018-02-20,20172018,2,EDM,2,BOS,3
2017020926,2018-02-20,20172018,2,VAN,4,COL,5
2017020927,2018-02-21,20172018,2,CHI,3,OTT,2
2017020928,2018-02-21,20172018,2,ANA,2,DAL,0
2017020929,2018-02-21,20172018,2,VGK,7,CGY,3
2017020930,2018-02-22,20172018,2,TOR,4,NYI,3
2017020931,2018-02-22,20172018,2,NJD,2,MIN,4
2017020932,2018-02-22,20172018,2,PHI,2,CBJ,1
2017020933,2018-02-22,20172018,2,MTL,3,NYR,1
2017020934,2018-02-22,20172018,2,OTT,3,TBL,4
2017020935,2018-02-22,20172018,2,DET,2,BUF,3
2017020936,2018-02-22,20172018,2,FLA,3,WSH,2
2017020937,2018-02-22,20172018,2,NSH,7,SJS,1
2017020938,2018-02-22,20172018,2,EDM,3,COL,2
2017020939,2018-02-22,20172018,2,ARI,2,CGY,5
2017020940,2018-02-22,20172018,2,LAK,0,DAL,2
2017020941,2018-02-23,20172018,2,NYR,1,MIN,4
2017020942,2018-02-23,20172018,2,CAR,1,PIT,6
2017020943,2018-02-23,20172018,2,STL,0,WPG,4
2017020944,2018-02-23,20172018,2,CHI,3,SJS,1
2017020945,2018-02-23,20172018,2,VGK,6,VAN,3
2017020946,2018-02-24,20172018,2,OTT,3,PHI,5
2017020947,2018-02-24,20172018,2,CGY,5,COL,1
2017020948,2018-02-24,20172018,2,TOR,4,BOS,3
2017020949,2018-02-24,20172018,2,MTL,3,TBL,4
2017020950,2018-02-24,20172018,2,DET,3,CAR,1
2017020951,2018-02-24,20172018,2,FLA,6,PIT,5
2017020952,2018-02-24,20172018,2,NJD,2,NYI,1
2017020953,2018-02-24,20172018,2,WSH,5,BUF,1
2017020954,2018-02-24,20172018,2,CBJ,3,CHI,2
2017020955,2018-02-24,20172018,2,DAL,3,WPG,5
2017020956,2018-02-24,20172018,2,ARI,2,ANA,0
2017020957,2018-02-24,20172018,2,LAK,3,EDM,4
2017020958,2018-02-25,20172018,2,BUF,4,BOS,1
2017020959,2018-02-25,20172018,2,NSH,4,STL,0
2017020960,2018-02-25,20172018,2,NYR,2,DET,3
2017020961,2018-02-25,20172018,2,MIN,3,SJS,2
2017020962,2018-02-25,20172018,2,ANA,5,EDM,6
2017020963,2018-02-25,20172018,2,ARI,1,VAN,3
2017020964,2018-02-26,20172018,2,CBJ,5,WSH,1
2017020965,2018-02-26,20172018,2,MTL,0,PHI,1
2017020966,2018-02-26,20172018,2,TBL,4,TOR,3
2017020967,2018-02-26,20172018,2,COL,3,VAN,1
2017020968,2018-02-26,20172018,2,LAK,3,VGK,2
2017020969,2018-02-27,20172018,2,BOS,4,CAR,3
2017020970,2018-02-27,20172018,2,PIT,2,NJD,3
2017020971,2018-02-27,20172018,2,WSH,3,OTT,2
2017020972,2018-02-27,20172018,2,FLA,3,TOR,2
2017020973,2018-02-27,20172018,2,MIN,8,STL,3
2017020974,2018-02-27,20172018,2,WPG,5,NSH,6
2017020975,2018-02-27,20172018,2,DAL,2,CGY,0
2017020976,2018-02-27,20172018,2,VGK,1,LAK,4
2017020977,2018-02-27,20172018,2,SJS,5,EDM,2
2017020978,2018-02-28,20172018,2,MTL,3,NYI,1
2017020979,2018-02-28,20172018,2,TBL,1,BUF,2
2017020980,2018-02-28,20172018,2,STL,2,DET,1
2017020981,2018-02-28,20172018,2,COL,5,CGY,2
2017020982,2018-02-28,20172018,2,VAN,5,NYR,6
2017020983,2018-03-01,20172018,2,BOS,8,PIT,4
2017020984,2018-03-01,20172018,2,PHI,1,CAR,4
2017020985,2018-03-01,20172018,2,FLA,3,NJD,2
2017020986,2018-03-01,20172018,2,DAL,4,TBL,5
2017020987,2018-03-01,20172018,2,EDM,2,NSH,4
2017020988,2018-03-01,20172018,2,ARI,5,MIN,3
2017020989,2018-03-01,20172018,2,LAK,5,CBJ,2
2017020990,2018-03-01,20172018,2,SJS,7,CHI,2
2017020991,2018-03-02,20172018,2,NYI,3,MTL,6
2017020992,2018-03-02,20172018,2,FLA,4,BUF,1
2017020993,2018-03-02,20172018,2,CAR,3,NJD,1
2017020994,2018-03-02,20172018,2,WPG,4,DET,3
2017020995,2018-03-02,20172018,2,COL,7,MIN,1
2017020996,2018-03-02,20172018,2,CGY,1,NYR,3
2017020997,2018-03-02,20172018,2,VAN,3,NSH,4
2017020998,2018-03-02,20172018,2,VGK,4,OTT,5
2017020999,2018-03-02,20172018,2,ANA,4,CBJ,2
2017021000,2018-03-03,20172018,2,TBL,7,PHI,6
2017021001,2018-03-03,20172018,2,DAL,3,STL,2
2017021002,2018-03-03,20172018,2,LAK,3,CHI,5
2017021003,2018-03-03,20172018,2,BOS,2,MTL,1
2017021004,2018-03-03,20172018,2,PIT,3,NYI,2
2017021005,2018-03-03,20172018,2,WSH,5,TOR,2
2017021006,2018-03-03,20172018,2,ARI,2,OTT,1
2017021007,2018-03-03,20172018,2,EDM,2,NYR,3
2017021008,2018-03-04,20172018,2,FLA,4,PHI,1
2017021009,2018-03-04,20172018,2,COL,3,NSH,4
2017021010,2018-03-04,20172018,2,ANA,6,CHI,3
2017021011,2018-03-04,20172018,2,NJD,2,VGK,3
2017021012,2018-03-04,20172018,2,CAR,2,WPG,3
2017021013,2018-03-04,20172018,2,MIN,4,DET,1
2017021014,2018-03-04,20172018,2,SJS,2,CBJ,4
2017021015,2018-03-05,20172018,2,BUF,5,TOR,3
2017021016,2018-03-05,20172018,2,PIT,4,CGY,3
2017021017,2018-03-05,20172018,2,DAL,2,OTT,3
2017021018,2018-03-05,20172018,2,EDM,4,ARI,3
2017021019,2018-03-05,20172018,2,VAN,4,NYI,3
2017021020,2018-03-06,20172018,2,BOS,6,DET,5
2017021021,2018-03-06,20172018,2,NJD,6,MTL,4
2017021022,2018-03-06,20172018,2,NYR,0,WPG,3
2017021023,2018-03-06,20172018,2,CBJ,4,VGK,1
2017021024,2018-03-06,20172018,2,TBL,5,FLA,4
2017021025,2018-03-06,20172018,2,NSH,2,DAL,0
2017021026,2018-03-06,20172018,2,MIN,6,CAR,2
2017021027,2018-03-06,20172018,2,CHI,2,COL,1
2017021028,2018-03-06,20172018,2,ANA,4,WSH,0
2017021029,2018-03-07,20172018,2,BUF,1,CGY,5
2017021030,2018-03-07,20172018,2,PHI,2,PIT,5
2017021031,2018-03-07,20172018,2,VAN,1,ARI,2
2017021032,2018-03-08,20172018,2,BOS,3,PHI,2
2017021033,2018-03-08,20172018,2,NJD,2,WPG,3
2017021034,2018-03-08,20172018,2,CBJ,5,COL,4
2017021035,2018-03-08,20172018,2,OTT,3,BUF,4
2017021036,2018-03-08,20172018,2,DET,0,VGK,4
2017021037,2018-03-08,20172018,2,TBL,5,NYR,3
2017021038,2018-03-08,20172018,2,FLA,5,MTL,0
2017021039,2018-03-08,20172018,2,NSH,4,ANA,2
2017021040,2018-03-08,20172018,2,CHI,2,CAR,3
2017021041,2018-03-08,20172018,2,EDM,2,NYI,1
2017021042,2018-03-08,20172018,2,LAK,3,WSH,1
2017021043,2018-03-08,20172018,2,SJS,2,STL,0
2017021044,2018-03-09,20172018,2,CBJ,3,DET,2
2017021045,2018-03-09,20172018,2,OTT,1,CGY,2
2017021046,2018-03-09,20172018,2,DAL,2,ANA,1
2017021047,2018-03-09,20172018,2,VAN,2,MIN,5
2017021048,2018-03-10,20172018,2,BOS,7,CHI,4
2017021049,2018-03-10,20172018,2,BUF,1,VGK,2
2017021050,2018-03-10,20172018,2,TBL,3,MTL,2
2017021051,2018-03-10,20172018,2,PHI,2,WPG,1
2017021052,2018-03-10,20172018,2,COL,5,ARI,2
2017021053,2018-03-10,20172018,2,LAK,2,STL,7
2017021054,2018-03-10,20172018,2,SJS,0,WSH,2
2017021055,2018-03-10,20172018,2,TOR,5,PIT,2
2017021056,2018-03-10,20172018,2,FLA,4,NYR,3
2017021057,2018-03-10,20172018,2,NSH,2,NJD,3
2017021058,2018-03-10,20172018,2,EDM,4,MIN,1
2017021059,2018-03-11,20172018,2,CHI,3,BOS,1
2017021060,2018-03-11,20172018,2,CGY,2,NYI,5
2017021061,2018-03-11,20172018,2,PIT,3,DAL,1
2017021062,2018-03-11,20172018,2,ARI,1,VAN,0
2017021063,2018-03-12,20172018,2,NYR,6,CAR,3
2017021064,2018-03-12,20172018,2,PHI,2,VGK,3
2017021065,2018-03-12,20172018,2,WSH,3,WPG,2
2017021066,2018-03-12,20172018,2,CBJ,5,MTL,2
2017021067,2018-03-12,20172018,2,FLA,3,OTT,5
2017021068,2018-03-12,20172018,2,ANA,2,STL,4
2017021069,2018-03-12,20172018,2,LAK,3,VAN,0
2017021070,2018-03-12,20172018,2,SJS,5,DET,3
2017021071,2018-03-13,20172018,2,CAR,4,BOS,6
2017021072,2018-03-13,20172018,2,MTL,4,DAL,2
2017021073,2018-03-13,20172018,2,TBL,4,OTT,7
2017021074,2018-03-13,20172018,2,NSH,3,WPG,1
2017021075,2018-03-13,20172018,2,MIN,1,COL,5
2017021076,2018-03-13,20172018,2,CGY,1,EDM,0
2017021077,2018-03-13,20172018,2,ARI,4,LAK,3
2017021078,2018-03-14,20172018,2,TOR,6,DAL,5
2017021079,2018-03-14,20172018,2,NYR,4,PIT,3
2017021080,2018-03-14,20172018,2,EDM,3,SJS,4
2017021081,2018-03-14,20172018,2,VGK,3,NJD,8
2017021082,2018-03-14,20172018,2,ANA,3,VAN,0
2017021083,2018-03-15,20172018,2,BUF,2,TOR,5
2017021084,2018-03-15,20172018,2,NYI,3,WSH,7
2017021085,2018-03-15,20172018,2,PHI,3,CBJ,5
2017021086,2018-03-15,20172018,2,MTL,3,PIT,5
2017021087,2018-03-15,20172018,2,FLA,3,BOS,0
2017021088,2018-03-15,20172018,2,STL,1,COL,4
2017021089,2018-03-15,20172018,2,WPG,6,CHI,2
2017021090,2018-03-15,20172018,2,ARI,2,NSH,3
2017021091,2018-03-15,20172018,2,LAK,4,DET,1
2017021092,2018-03-16,20172018,2,WSH,6,NYI,3
2017021093,2018-03-16,20172018,2,OTT,3,DAL,2
2017021094,2018-03-16,20172018,2,COL,2,NSH,4
2017021095,2018-03-16,20172018,2,CGY,4,SJS,7
2017021096,2018-03-16,20172018,2,ANA,4,DET,2
2017021097,2018-03-16,20172018,2,VGK,2,MIN,4
2017021098,2018-03-17,20172018,2,BUF,5,CHI,3
2017021099,2018-03-17,20172018,2,FLA,2,EDM,4
2017021100,2018-03-17,20172018,2,LAK,0,NJD,3
2017021101,2018-03-17,20172018,2,TOR,4,MTL,0
2017021102,2018-03-17,20172018,2,TBL,0,BOS,3
2017021103,2018-03-17,20172018,2,CAR,2,PHI,4
2017021104,2018-03-17,20172018,2,CBJ,2,OTT,1
2017021105,2018-03-17,20172018,2,STL,4,NYR,3
2017021106,2018-03-17,20172018,2,ARI,1,MIN,3
2017021107,2018-03-17,20172018,2,VAN,3,SJS,5
2017021108,2018-03-18,20172018,2,COL,5,DET,1
2017021109,2018-03-18,20172018,2,VGK,4,CGY,0
2017021110,2018-03-18,20172018,2,TBL,3,EDM,1
2017021111,2018-03-18,20172018,2,NYI,3,CAR,4
2017021112,2018-03-18,20172018,2,PHI,6,WSH,3
2017021113,2018-03-18,20172018,2,CHI,4,STL,5
2017021114,2018-03-18,20172018,2,WPG,4,DAL,2
2017021115,2018-03-18,20172018,2,ANA,4,NJD,2
2017021116,2018-03-19,20172018,2,BOS,4,CBJ,5
2017021117,2018-03-19,20172018,2,BUF,0,NSH,4
2017021118,2018-03-19,20172018,2,MTL,0,FLA,2
2017021119,2018-03-19,20172018,2,MIN,3,LAK,4
2017021120,2018-03-19,20172018,2,ARI,5,CGY,2
2017021121,2018-03-20,20172018,2,NYI,4,PIT,1
2017021122,2018-03-20,20172018,2,NYR,3,CBJ,5
2017021123,2018-03-20,20172018,2,WSH,4,DAL,3
2017021124,2018-03-20,20172018,2,CAR,3,EDM,7
2017021125,2018-03-20,20172018,2,OTT,2,FLA,7
2017021126,2018-03-20,20172018,2,DET,5,PHI,4
2017021127,2018-03-20,20172018,2,TBL,4,TOR,3
2017021128,2018-03-20,20172018,2,WPG,2,LAK,1
2017021129,2018-03-20,20172018,2,CHI,1,COL,5
2017021130,2018-03-20,20172018,2,VGK,4,VAN,1
2017021131,2018-03-20,20172018,2,SJS,6,NJD,2
2017021132,2018-03-21,20172018,2,BUF,1,ARI,4
2017021133,2018-03-21,20172018,2,PIT,5,MTL,3
2017021134,2018-03-21,20172018,2,STL,2,BOS,1
2017021135,2018-03-21,20172018,2,CGY,0,ANA,4
2017021136,2018-03-22,20172018,2,NYI,6,TBL,7
2017021137,2018-03-22,20172018,2,PHI,4,NYR,3
2017021138,2018-03-22,20172018,2,CAR,6,ARI,5
2017021139,2018-03-22,20172018,2,CBJ,4,FLA,0
2017021140,2018-03-22,20172018,2,OTT,2,EDM,6
2017021141,2018-03-22,20172018,2,DET,0,WSH,1
2017021142,2018-03-22,20172018,2,NSH,2,TOR,5
2017021143,2018-03-22,20172018,2,CHI,2,VAN,5
2017021144,2018-03-22,20172018,2,COL,1,LAK,7
2017021145,2018-03-22,20172018,2,SJS,2,VGK,1
2017021146,2018-03-23,20172018,2,BUF,0,MTL,3
2017021147,2018-03-23,20172018,2,PIT,3,NJD,4
2017021148,2018-03-23,20172018,2,STL,4,VAN,1
2017021149,2018-03-23,20172018,2,WPG,3,ANA,2
2017021150,2018-03-23,20172018,2,DAL,2,BOS,3
2017021151,2018-03-24,20172018,2,COL,2,VGK,1
2017021152,2018-03-24,20172018,2,SJS,5,CGY,1
2017021153,2018-03-24,20172018,2,TOR,4,DET,3
2017021154,2018-03-24,20172018,2,MTL,4,WSH,6
2017021155,2018-03-24,20172018,2,OTT,2,CAR,5
2017021156,2018-03-24,20172018,2,FLA,4,ARI,2
2017021157,2018-03-24,20172018,2,NJD,2,TBL,1
2017021158,2018-03-24,20172018,2,NYI,1,CHI,3
2017021159,2018-03-24,20172018,2,NYR,5,BUF,1
2017021160,2018-03-24,20172018,2,CBJ,1,STL,2
2017021161,2018-03-24,20172018,2,MIN,4,NSH,1
2017021162,2018-03-24,20172018,2,EDM,3,LAK,2
2017021163,2018-03-25,20172018,2,PIT,5,PHI,4
2017021164,2018-03-25,20172018,2,DAL,1,VAN,4
2017021165,2018-03-25,20172018,2,WPG,5,NSH,4
2017021166,2018-03-25,20172018,2,MIN,1,BOS,2
2017021167,2018-03-25,20172018,2,EDM,4,ANA,5
2017021168,2018-03-26,20172018,2,TOR,2,BUF,3
2017021169,2018-03-26,20172018,2,NYI,0,FLA,3
2017021170,2018-03-26,20172018,2,NYR,2,WSH,4
2017021171,2018-03-26,20172018,2,CAR,4,OTT,1
2017021172,2018-03-26,20172018,2,MTL,4,DET,2
2017021173,2018-03-26,20172018,2,TBL,1,ARI,4
2017021174,2018-03-26,20172018,2,CHI,3,SJS,4
2017021175,2018-03-26,20172018,2,VGK,4,COL,1
2017021176,2018-03-26,20172018,2,LAK,3,CGY,0
2017021177,2018-03-27,20172018,2,NJD,4,CAR,3
2017021178,2018-03-27,20172018,2,OTT,3,NYI,4
2017021179,2018-03-27,20172018,2,DET,5,PIT,2
2017021180,2018-03-27,20172018,2,STL,3,SJS,2
2017021181,2018-03-27,20172018,2,NSH,2,MIN,1
2017021182,2018-03-27,20172018,2,WPG,5,BOS,4
2017021183,2018-03-27,20172018,2,DAL,3,PHI,2
2017021184,2018-03-27,20172018,2,EDM,3,CBJ,7
2017021185,2018-03-27,20172018,2,VAN,4,ANA,1
2017021186,2018-03-28,20172018,2,TOR,4,FLA,3
2017021187,2018-03-28,20172018,2,WSH,3,NYR,2
2017021188,2018-03-28,20172018,2,COL,1,PHI,2
2017021189,2018-03-28,20172018,2,VGK,2,ARI,3
2017021190,2018-03-29,20172018,2,BOS,4,TBL,2
2017021191,2018-03-29,20172018,2,BUF,3,DET,6
2017021192,2018-03-29,20172018,2,NJD,3,PIT,4
2017021193,2018-03-29,20172018,2,OTT,3,FLA,2
2017021194,2018-03-29,20172018,2,NSH,5,SJS,3
2017021195,2018-03-29,20172018,2,MIN,5,DAL,2
2017021196,2018-03-29,20172018,2,CHI,6,WPG,2
2017021197,2018-03-29,20172018,2,CGY,1,CBJ,5
2017021198,2018-03-29,20172018,2,VAN,2,EDM,1
2017021199,2018-03-29,20172018,2,LAK,4,ARI,2
2017021200,2018-03-30,20172018,2,NYI,4,TOR,5
2017021201,2018-03-30,20172018,2,NYR,3,TBL,7
2017021202,2018-03-30,20172018,2,WSH,1,CAR,4
2017021203,2018-03-30,20172018,2,COL,5,CHI,0
2017021204,2018-03-30,20172018,2,ANA,2,LAK,1
2017021205,2018-03-30,20172018,2,VGK,4,STL,3
2017021206,2018-03-31,20172018,2,BOS,5,FLA,1
2017021207,2018-03-31,20172018,2,DET,2,OTT,0
2017021208,2018-03-31,20172018,2,VAN,5,CBJ,4
2017021209,2018-03-31,20172018,2,TOR,1,WPG,3
2017021210,2018-03-31,20172018,2,NJD,4,NYI,3
2017021211,2018-03-31,20172018,2,PIT,5,MTL,2
2017021212,2018-03-31,20172018,2,CAR,1,NYR,2
2017021213,2018-03-31,20172018,2,NSH,4,BUF,7
2017021214,2018-03-31,20172018,2,DAL,4,MIN,1
2017021215,2018-03-31,20172018,2,ARI,6,STL,0
2017021216,2018-03-31,20172018,2,CGY,3,EDM,2
2017021217,2018-03-31,20172018,2,VGK,3,SJS,2
2017021218,2018-04-01,20172018,2,PHI,4,BOS,3
2017021219,2018-04-01,20172018,2,TBL,1,NSH,4
2017021220,2018-04-01,20172018,2,MTL,1,NJD,2
2017021221,2018-04-01,20172018,2,PIT,1,WSH,3
2017021222,2018-04-01,20172018,2,ANA,4,COL,3
2017021223,2018-04-02,20172018,2,TOR,5,BUF,2
2017021224,2018-04-02,20172018,2,OTT,5,WPG,6
2017021225,2018-04-02,20172018,2,FLA,3,CAR,2
2017021226,2018-04-02,20172018,2,STL,2,WSH,4
2017021227,2018-04-02,20172018,2,MIN,3,EDM,0
2017021228,2018-04-02,20172018,2,LAK,3,COL,1
2017021229,2018-04-03,20172018,2,NJD,5,NYR,2
2017021230,2018-04-03,20172018,2,NYI,5,PHI,4
2017021231,2018-04-03,20172018,2,CBJ,5,DET,4
2017021232,2018-04-03,20172018,2,MTL,4,WPG,5
2017021233,2018-04-03,20172018,2,TBL,4,BOS,0
2017021234,2018-04-03,20172018,2,FLA,2,NSH,1
2017021235,2018-04-03,20172018,2,CGY,1,ARI,4
2017021236,2018-04-03,20172018,2,VAN,4,VGK,5
2017021237,2018-04-03,20172018,2,SJS,2,DAL,4
2017021238,2018-04-04,20172018,2,BUF,2,OTT,4
2017021239,2018-04-04,20172018,2,STL,3,CHI,4
2017021240,2018-04-04,20172018,2,ANA,3,MIN,1
2017021241,2018-04-05,20172018,2,NJD,2,TOR,1
2017021242,2018-04-05,20172018,2,NYI,2,NYR,1
2017021243,2018-04-05,20172018,2,PHI,4,CAR,3
2017021244,2018-04-05,20172018,2,WSH,3,NSH,4
2017021245,2018-04-05,20172018,2,CBJ,4,PIT,5
2017021246,2018-04-05,20172018,2,DET,3,MTL,4
2017021247,2018-04-05,20172018,2,FLA,3,BOS,2
2017021248,2018-04-05,20172018,2,WPG,2,CGY,1
2017021249,2018-04-05,20172018,2,EDM,4,VGK,3
2017021250,2018-04-05,20172018,2,VAN,4,ARI,3
2017021251,2018-04-05,20172018,2,LAK,5,MIN,4
2017021252,2018-04-05,20172018,2,SJS,4,COL,2
2017021253,2018-04-06,20172018,2,PIT,4,OTT,0
2017021254,2018-04-06,20172018,2,TBL,7,BUF,5
2017021255,2018-04-06,20172018,2,CHI,1,STL,4
2017021256,2018-04-06,20172018,2,ANA,5,DAL,3
2017021257,2018-04-07,20172018,2,PHI,5,NYR,0
2017021258,2018-04-07,20172018,2,BOS,5,OTT,2
2017021259,2018-04-07,20172018,2,TOR,4,MTL,2
2017021260,2018-04-07,20172018,2,DET,3,NYI,4
2017021261,2018-04-07,20172018,2,FLA,4,BUF,3
2017021262,2018-04-07,20172018,2,WSH,5,NJD,3
2017021263,2018-04-07,20172018,2,CAR,3,TBL,2
2017021264,2018-04-07,20172018,2,WPG,4,CHI,1
2017021265,2018-04-07,20172018,2,NSH,4,CBJ,2
2017021266,2018-04-07,20172018,2,COL,5,STL,2
2017021267,2018-04-07,20172018,2,ARI,0,ANA,3
2017021268,2018-04-07,20172018,2,CGY,7,VGK,1
2017021269,2018-04-07,20172018,2,EDM,3,VAN,2
2017021270,2018-04-07,20172018,2,LAK,2,DAL,4
2017021271,2018-04-07,20172018,2,SJS,3,MIN,6
2017020616,2018-04-08,20172018,2,BOS,2,FLA,4
2017030141,2018-04-11,20172018,3,PIT,7,PHI,0
2017030161,2018-04-11,20172018,3,WPG,3,MIN,2
2017030171,2018-04-11,20172018,3,VGK,1,LAK,0
2017030111,2018-04-12,20172018,3,TBL,5,NJD,2
2017030121,2018-04-12,20172018,3,BOS,5,TOR,1
2017030131,2018-04-12,20172018,3,WSH,3,CBJ,4
2017030151,2018-04-12,20172018,3,NSH,5,COL,2
2017030181,2018-04-12,20172018,3,ANA,0,SJS,3
2017030142,2018-04-13,20172018,3,PIT,1,PHI,5
2017030162,2018-04-13,20172018,3,WPG,4,MIN,1
2017030172,2018-04-13,20172018,3,VGK,2,LAK,1
2017030112,2018-04-14,20172018,3,TBL,5,NJD,3
2017030122,2018-04-14,20172018,3,BOS,7,TOR,3
2017030152,2018-04-14,20172018,3,NSH,5,COL,4
2017030182,2018-04-14,20172018,3,ANA,2,SJS,3
2017030132,2018-04-15,20172018,3,WSH,4,CBJ,5
2017030143,2018-04-15,20172018,3,PHI,1,PIT,5
2017030163,2018-04-15,20172018,3,MIN,6,WPG,2
2017030173,2018-04-15,20172018,3,LAK,2,VGK,3
2017030113,2018-04-16,20172018,3,NJD,5,TBL,2
2017030123,2018-04-16,20172018,3,TOR,4,BOS,2
2017030153,2018-04-16,20172018,3,COL,5,NSH,3
2017030183,2018-04-16,20172018,3,SJS,8,ANA,1
2017030133,2018-04-17,20172018,3,CBJ,2,WSH,3
2017030164,2018-04-17,20172018,3,MIN,0,WPG,2
2017030174,2018-04-17,20172018,3,LAK,0,VGK,1
2017030114,2018-04-18,20172018,3,NJD,1,TBL,3
2017030144,2018-04-18,20172018,3,PHI,0,PIT,5
2017030154,2018-04-18,20172018,3,COL,2,NSH,3
2017030184,2018-04-18,20172018,3,SJS,2,ANA,1
2017030124,2018-04-19,20172018,3,TOR,1,BOS,3
2017030134,2018-04-19,20172018,3,CBJ,1,WSH,4
2017030145,2018-04-20,20172018,3,PIT,2,PHI,4
2017030155,2018-04-20,20172018,3,NSH,1,COL,2
2017030165,2018-04-20,20172018,3,WPG,5,MIN,0
2017030115,2018-04-21,20172018,3,TBL,3,NJD,1
2017030125,2018-04-21,20172018,3,BOS,3,TOR,4
2017030135,2018-04-21,20172018,3,WSH,4,CBJ,3
2017030146,2018-04-22,20172018,3,PHI,5,PIT,8
2017030156,2018-04-22,20172018,3,COL,0,NSH,5
2017030126,2018-04-23,20172018,3,TOR,3,BOS,1
2017030136,2018-04-23,20172018,3,CBJ,3,WSH,6
2017030127,2018-04-25,20172018,3,BOS,7,TOR,4
2017030221,2018-04-26,20172018,3,WSH,2,PIT,3
2017030241,2018-04-26,20172018,3,VGK,7,SJS,0
2017030231,2018-04-27,20172018,3,NSH,1,WPG,4
2017030211,2018-04-28,20172018,3,TBL,2,BOS,6
2017030242,2018-04-28,20172018,3,VGK,3,SJS,4
2017030222,2018-04-29,20172018,3,WSH,4,PIT,1
2017030232,2018-04-29,20172018,3,NSH,5,WPG,4
2017030212,2018-04-30,20172018,3,TBL,4,BOS,2
2017030243,2018-04-30,20172018,3,SJS,3,VGK,4
2017030223,2018-05-01,20172018,3,PIT,3,WSH,4
2017030233,2018-05-01,20172018,3,WPG,7,NSH,4
2017030213,2018-05-02,20172018,3,BOS,1,TBL,4
2017030244,2018-05-02,20172018,3,SJS,4,VGK,0
2017030224,2018-05-03,20172018,3,PIT,3,WSH,1
2017030234,2018-05-03,20172018,3,WPG,1,NSH,2
2017030214,2018-05-04,20172018,3,BOS,3,TBL,4
2017030245,2018-05-04,20172018,3,VGK,5,SJS,3
2017030225,2018-05-05,20172018,3,WSH,6,PIT,3
2017030235,2018-05-05,20172018,3,NSH,2,WPG,6
2017030215,2018-05-06,20172018,3,TBL,3,BOS,1
2017030246,2018-05-06,20172018,3,SJS,0,VGK,3
2017030226,2018-05-07,20172018,3,PIT,1,WSH,2
2017030236,2018-05-07,20172018,3,WPG,0,NSH,4
2017030237,2018-05-10,20172018,3,NSH,1,WPG,5
2017030311,2018-05-11,20172018,3,TBL,2,WSH,4
2017030321,2018-05-12,20172018,3,WPG,4,VGK,2
2017030312,2018-05-13,20172018,3,TBL,2,WSH,6
2017030322,2018-05-14,20172018,3,WPG,1,VGK,3
2017030313,2018-05-15,20172018,3,WSH,2,TBL,4
2017030323,2018-05-16,20172018,3,VGK,4,WPG,2
2017030314,2018-05-17,20172018,3,WSH,2,TBL,4
2017030324,2018-05-18,20172018,3,VGK,3,WPG,2
2017030315,2018-05-19,20172018,3,TBL,3,WSH,2
2017030325,2018-05-20,20172018,3,WPG,1,VGK,2
2017030316,2018-05-21,20172018,3,WSH,3,TBL,0
2017030317,2018-05-23,20172018,3,TBL,0,WSH,4
2017030411,2018-05-28,20172018,3,VGK,6,WSH,4
2017030412,2018-05-30,20172018,3,VGK,2,WSH,3
2017030413,2018-06-02,20172018,3,WSH,3,VGK,1
2017030414,2018-06-04,20172018,3,WSH,6,VGK,2
2017030415,2018-06-07,20172018,3,VGK,3,WSH,4
2018020001,2018-10-03,20182019,2,TOR,3,MTL,2
2018020002,2018-10-03,20182019,2,WSH,7,BOS,0
2018020003,2018-10-03,20182019,2,VAN,5,CGY,2
2018020004,2018-10-03,20182019,2,SJS,2,ANA,5
2018020005,2018-10-04,20182019,2,BUF,0,BOS,4
2018020006,2018-10-04,20182019,2,NYR,2,NSH,3
2018020007,2018-10-04,20182019,2,PIT,7,WSH,6
2018020008,2018-10-04,20182019,2,CAR,1,NYI,2
2018020009,2018-10-04,20182019,2,OTT,3,CHI,4
2018020010,2018-10-04,20182019,2,DET,2,CBJ,3
2018020011,2018-10-04,20182019,2,STL,1,WPG,5
2018020012,2018-10-04,20182019,2,DAL,3,ARI,0
2018020013,2018-10-04,20182019,2,COL,4,MIN,1
2018020014,2018-10-04,20182019,2,VGK,2,PHI,5
2018020015,2018-10-05,20182019,2,CBJ,1,CAR,3
2018020016,2018-10-05,20182019,2,LAK,2,SJS,3
2018020017,2018-10-06,20182019,2,BUF,3,NYR,1
2018020018,2018-10-06,20182019,2,TOR,3,OTT,5
2018020019,2018-10-06,20182019,2,TBL,2,FLA,1
2018020020,2018-10-06,20182019,2,NJD,5,EDM,2
2018020021,2018-10-06,20182019,2,NYI,3,NSH,4
2018020022,2018-10-06,20182019,2,PIT,1,MTL,5
2018020023,2018-10-06,20182019,2,DAL,5,WPG,1
2018020024,2018-10-06,20182019,2,STL,4,CHI,5
2018020025,2018-10-06,20182019,2,MIN,1,VGK,2
2018020026,2018-10-06,20182019,2,COL,5,PHI,2
2018020027,2018-10-06,20182019,2,ARI,0,ANA,1
2018020028,2018-10-06,20182019,2,CGY,7,VAN,4
2018020029,2018-10-07,20182019,2,CAR,8,NYR,5
2018020030,2018-10-07,20182019,2,CHI,6,TOR,7
2018020031,2018-10-07,20182019,2,LAK,4,DET,2
2018020032,2018-10-08,20182019,2,BOS,6,OTT,3
2018020033,2018-10-08,20182019,2,NYI,4,SJS,0
2018020034,2018-10-08,20182019,2,BUF,4,VGK,2
2018020035,2018-10-08,20182019,2,ANA,3,DET,2
2018020036,2018-10-09,20182019,2,PHI,2,SJS,8
2018020037,2018-10-09,20182019,2,CAR,5,VAN,3
2018020038,2018-10-09,20182019,2,CBJ,5,COL,2
2018020039,2018-10-09,20182019,2,NSH,0,CGY,3
2018020040,2018-10-09,20182019,2,WPG,2,LAK,1
2018020041,2018-10-09,20182019,2,DAL,4,TOR,7
2018020042,2018-10-10,20182019,2,OTT,4,PHI,7
2018020043,2018-10-10,20182019,2,WSH,5,VGK,2
2018020044,2018-10-10,20182019,2,ANA,2,ARI,3
2018020045,2018-10-11,20182019,2,BOS,4,EDM,1
2018020046,2018-10-11,20182019,2,BUF,1,COL,6
2018020047,2018-10-11,20182019,2,FLA,4,CBJ,5
2018020048,2018-10-11,20182019,2,NJD,6,WSH,0
2018020049,2018-10-11,20182019,2,NYR,3,SJS,2
2018020050,2018-10-11,20182019,2,PIT,4,VGK,2
2018020051,2018-10-11,20182019,2,MTL,0,LAK,3
2018020052,2018-10-11,20182019,2,DET,3,TOR,5
2018020053,2018-10-11,20182019,2,TBL,1,VAN,4
2018020054,2018-10-11,20182019,2,STL,5,CGY,3
2018020055,2018-10-11,20182019,2,NSH,3,WPG,0
2018020056,2018-10-11,20182019,2,MIN,4,CHI,3
2018020057,2018-10-13,20182019,2,NYR,1,EDM,2
2018020058,2018-10-13,20182019,2,PHI,0,VGK,1
2018020059,2018-10-13,20182019,2,OTT,5,LAK,1
2018020060,2018-10-13,20182019,2,MIN,4,CAR,5
2018020061,2018-10-13,20182019,2,BOS,8,DET,2
2018020062,2018-10-13,20182019,2,MTL,4,PIT,3
2018020063,2018-10-13,20182019,2,TBL,8,CBJ,2
2018020064,2018-10-13,20182019,2,FLA,2,VAN,3
2018020065,2018-10-13,20182019,2,WSH,2,TOR,4
2018020066,2018-10-13,20182019,2,NSH,5,NYI,2
2018020067,2018-10-13,20182019,2,DAL,5,ANA,3
2018020068,2018-10-13,20182019,2,CHI,4,STL,3
2018020069,2018-10-13,20182019,2,ARI,0,BUF,3
2018020070,2018-10-13,20182019,2,COL,2,CGY,3
2018020071,2018-10-14,20182019,2,NJD,3,SJS,2
2018020072,2018-10-14,20182019,2,STL,2,ANA,3
2018020073,2018-10-14,20182019,2,WPG,3,CAR,1
2018020074,2018-10-15,20182019,2,TOR,4,LAK,1
2018020075,2018-10-15,20182019,2,MTL,7,DET,3
2018020076,2018-10-15,20182019,2,OTT,4,DAL,1
2018020077,2018-10-15,20182019,2,NSH,4,MIN,2
2018020078,2018-10-16,20182019,2,NJD,3,DAL,0
2018020079,2018-10-16,20182019,2,NYR,3,COL,2
2018020080,2018-10-16,20182019,2,PHI,6,FLA,5
2018020081,2018-10-16,20182019,2,PIT,2,VAN,3
2018020082,2018-10-16,20182019,2,TBL,4,CAR,2
2018020083,2018-10-16,20182019,2,MIN,2,ARI,1
2018020084,2018-10-16,20182019,2,WPG,4,EDM,5
2018020085,2018-10-16,20182019,2,VGK,4,BUF,1
2018020086,2018-10-17,20182019,2,MTL,3,STL,2
2018020087,2018-10-17,20182019,2,WSH,4,NYR,3
2018020088,2018-10-17,20182019,2,CGY,5,BOS,2
2018020089,2018-10-17,20182019,2,ANA,4,NYI,1
2018020090,2018-10-18,20182019,2,TOR,0,PIT,3
2018020091,2018-10-18,20182019,2,NJD,3,COL,5
2018020092,2018-10-18,20182019,2,CBJ,6,PHI,3
2018020093,2018-10-18,20182019,2,TBL,3,DET,1
2018020094,2018-10-18,20182019,2,WPG,4,VAN,1
2018020095,2018-10-18,20182019,2,CHI,1,ARI,4
2018020096,2018-10-18,20182019,2,EDM,3,BOS,2
2018020097,2018-10-18,20182019,2,LAK,2,NYI,7
2018020098,2018-10-18,20182019,2,SJS,5,BUF,1
2018020099,2018-10-19,20182019,2,WSH,5,FLA,6
2018020100,2018-10-19,20182019,2,DAL,1,MIN,3
2018020101,2018-10-19,20182019,2,CGY,3,NSH,5
2018020102,2018-10-20,20182019,2,PHI,5,NJD,2
2018020103,2018-10-20,20182019,2,CAR,1,COL,3
2018020104,2018-10-20,20182019,2,WPG,5,ARI,3
2018020105,2018-10-20,20182019,2,LAK,1,BUF,5
2018020106,2018-10-20,20182019,2,TOR,1,STL,4
2018020107,2018-10-20,20182019,2,OTT,4,MTL,3
2018020108,2018-10-20,20182019,2,FLA,3,DET,4
2018020109,2018-10-20,20182019,2,CBJ,1,CHI,4
2018020110,2018-10-20,20182019,2,MIN,5,TBL,4
2018020111,2018-10-20,20182019,2,EDM,0,NSH,3
2018020112,2018-10-20,20182019,2,VAN,2,BOS,1
2018020113,2018-10-20,20182019,2,VGK,3,ANA,1
2018020114,2018-10-20,20182019,2,SJS,4,NYI,1
2018020115,2018-10-21,20182019,2,NYR,1,CGY,4
2018020116,2018-10-21,20182019,2,CHI,3,TBL,6
2018020117,2018-10-21,20182019,2,ANA,2,BUF,4
2018020118,2018-10-22,20182019,2,PHI,1,COL,4
2018020119,2018-10-22,20182019,2,DET,1,CAR,3
2018020120,2018-10-22,20182019,2,WPG,5,STL,4
2018020121,2018-10-22,20182019,2,VAN,2,WSH,5
2018020122,2018-10-23,20182019,2,NYR,5,FLA,2
2018020123,2018-10-23,20182019,2,CBJ,1,ARI,4
2018020124,2018-10-23,20182019,2,MTL,3,CGY,2
2018020125,2018-10-23,20182019,2,OTT,1,BOS,4
2018020126,2018-10-23,20182019,2,NSH,4,SJS,5
2018020127,2018-10-23,20182019,2,CHI,3,ANA,1
2018020128,2018-10-23,20182019,2,DAL,4,LAK,2
2018020129,2018-10-23,20182019,2,EDM,5,PIT,6
2018020130,2018-10-24,20182019,2,NYI,2,FLA,3
2018020131,2018-10-24,20182019,2,WPG,2,TOR,4
2018020132,2018-10-24,20182019,2,COL,0,TBL,1
2018020133,2018-10-24,20182019,2,VGK,2,VAN,3
2018020134,2018-10-25,20182019,2,BOS,3,PHI,0
2018020135,2018-10-25,20182019,2,BUF,4,MTL,3
2018020136,2018-10-25,20182019,2,NJD,3,NSH,4
2018020137,2018-10-25,20182019,2,STL,4,CBJ,7
2018020138,2018-10-25,20182019,2,MIN,4,LAK,1
2018020139,2018-10-25,20182019,2,CHI,4,NYR,1
2018020140,2018-10-25,20182019,2,DAL,5,ANA,2
2018020141,2018-10-25,20182019,2,CGY,1,PIT,9
2018020142,2018-10-25,20182019,2,EDM,4,WSH,1
2018020143,2018-10-25,20182019,2,ARI,4,VAN,1
2018020144,2018-10-26,20182019,2,VGK,2,TBL,3
2018020145,2018-10-26,20182019,2,DET,1,WPG,2
2018020146,2018-10-26,20182019,2,CAR,4,SJS,3
2018020147,2018-10-26,20182019,2,COL,6,OTT,3
2018020148,2018-10-27,20182019,2,NJD,3,FLA,2
2018020149,2018-10-27,20182019,2,PHI,1,NYI,6
2018020150,2018-10-27,20182019,2,NSH,3,EDM,5
2018020151,2018-10-27,20182019,2,CGY,3,WSH,4
2018020152,2018-10-27,20182019,2,BOS,0,MTL,3
2018020153,2018-10-27,20182019,2,TOR,3,WPG,2
2018020154,2018-10-27,20182019,2,CBJ,5,BUF,4
2018020155,2018-10-27,20182019,2,STL,7,CHI,3
2018020156,2018-10-27,20182019,2,MIN,3,COL,2
2018020157,2018-10-27,20182019,2,ARI,7,TBL,1
2018020158,2018-10-27,20182019,2,VAN,0,PIT,5
2018020159,2018-10-28,20182019,2,LAK,4,NYR,3
2018020160,2018-10-28,20182019,2,DET,4,DAL,2
2018020161,2018-10-28,20182019,2,CAR,1,NYI,2
2018020162,2018-10-28,20182019,2,CHI,1,EDM,2
2018020163,2018-10-28,20182019,2,VGK,4,OTT,3
2018020164,2018-10-28,20182019,2,ANA,3,SJS,4
2018020165,2018-10-29,20182019,2,TOR,1,CGY,3
2018020166,2018-10-29,20182019,2,VAN,5,MIN,2
2018020167,2018-10-30,20182019,2,BUF,1,CGY,2
2018020168,2018-10-30,20182019,2,PIT,3,NYI,6
2018020169,2018-10-30,20182019,2,CAR,2,BOS,3
2018020170,2018-10-30,20182019,2,CBJ,3,DET,5
2018020171,2018-10-30,20182019,2,MTL,1,DAL,4
2018020172,2018-10-30,20182019,2,TBL,8,NJD,3
2018020173,2018-10-30,20182019,2,NSH,4,VGK,1
2018020174,2018-10-30,20182019,2,EDM,3,MIN,4
2018020175,2018-10-30,20182019,2,ARI,5,OTT,1
2018020176,2018-10-30,20182019,2,ANA,2,PHI,3
2018020177,2018-10-30,20182019,2,SJS,3,NYR,4
2018020178,2018-10-31,20182019,2,VAN,4,CHI,2
2018020179,2018-11-01,20182019,2,TOR,1,DAL,2
2018020180,2018-11-01,20182019,2,FLA,2,WPG,4
2018020181,2018-11-01,20182019,2,NYI,3,PIT,2
2018020182,2018-11-01,20182019,2,MTL,6,WSH,4
2018020183,2018-11-01,20182019,2,OTT,4,BUF,2
2018020184,2018-11-01,20182019,2,DET,4,NJD,3
2018020185,2018-11-01,20182019,2,TBL,1,NSH,4
2018020186,2018-11-01,20182019,2,STL,5,VGK,3
2018020187,2018-11-01,20182019,2,CGY,6,COL,5
2018020188,2018-11-01,20182019,2,EDM,4,CHI,0
2018020189,2018-11-01,20182019,2,ANA,2,NYR,3
2018020190,2018-11-01,20182019,2,LAK,2,PHI,5
2018020191,2018-11-01,20182019,2,SJS,1,CBJ,4
2018020192,2018-11-02,20182019,2,WPG,2,FLA,4
2018020193,2018-11-02,20182019,2,VAN,7,COL,6
2018020194,2018-11-02,20182019,2,ARI,4,CAR,3
2018020195,2018-11-03,20182019,2,BUF,9,OTT,2
2018020196,2018-11-03,20182019,2,MTL,1,TBL,4
2018020197,2018-11-03,20182019,2,DET,3,EDM,4
2018020198,2018-11-03,20182019,2,NYI,3,NJD,0
2018020199,2018-11-03,20182019,2,PIT,0,TOR,5
2018020200,2018-11-03,20182019,2,WSH,3,DAL,4
2018020201,2018-11-03,20182019,2,STL,1,MIN,5
2018020202,2018-11-03,20182019,2,NSH,1,BOS,0
2018020203,2018-11-03,20182019,2,CGY,5,CHI,3
2018020204,2018-11-03,20182019,2,VGK,3,CAR,0
2018020205,2018-11-03,20182019,2,LAK,4,CBJ,1
2018020206,2018-11-03,20182019,2,SJS,4,PHI,3
2018020207,2018-11-04,20182019,2,OTT,3,TBL,4
2018020208,2018-11-04,20182019,2,NYR,3,BUF,1
2018020209,2018-11-04,20182019,2,ANA,3,CBJ,2
2018020210,2018-11-05,20182019,2,BOS,2,DAL,1
2018020211,2018-11-05,20182019,2,NYI,3,MTL,4
2018020212,2018-11-05,20182019,2,PIT,1,NJD,5
2018020213,2018-11-05,20182019,2,WSH,4,EDM,2
2018020214,2018-11-05,20182019,2,ARI,2,PHI,5
2018020215,2018-11-06,20182019,2,TOR,3,VGK,1
2018020216,2018-11-06,20182019,2,NYR,5,MTL,3
2018020217,2018-11-06,20182019,2,CBJ,4,DAL,1
2018020218,2018-11-06,20182019,2,OTT,7,NJD,3
2018020219,2018-11-06,20182019,2,DET,3,VAN,2
2018020220,2018-11-06,20182019,2,TBL,5,EDM,2
2018020221,2018-11-06,20182019,2,STL,4,CAR,1
2018020222,2018-11-06,20182019,2,LAK,4,ANA,1
2018020223,2018-11-06,20182019,2,SJS,4,MIN,3
2018020224,2018-11-07,20182019,2,WSH,2,PIT,1
2018020225,2018-11-07,20182019,2,COL,1,NSH,4
2018020226,2018-11-07,20182019,2,ANA,3,CGY,2
2018020227,2018-11-08,20182019,2,BOS,5,VAN,8
2018020228,2018-11-08,20182019,2,FLA,4,EDM,1
2018020229,2018-11-08,20182019,2,PHI,5,ARI,4
2018020230,2018-11-08,20182019,2,MTL,5,BUF,6
2018020231,2018-11-08,20182019,2,OTT,3,VGK,5
2018020232,2018-11-08,20182019,2,TBL,4,NYI,2
2018020233,2018-11-08,20182019,2,CHI,3,CAR,4
2018020234,2018-11-08,20182019,2,DAL,4,SJS,3
2018020235,2018-11-08,20182019,2,LAK,1,MIN,3
2018020236,2018-11-09,20182019,2,TOR,6,NJD,1
2018020237,2018-11-09,20182019,2,WSH,1,CBJ,2
2018020238,2018-11-09,20182019,2,DET,3,NYR,2
2018020239,2018-11-09,20182019,2,STL,4,SJS,0
2018020240,2018-11-09,20182019,2,WPG,5,COL,2
2018020241,2018-11-09,20182019,2,ANA,1,MIN,5
2018020242,2018-11-10,20182019,2,BUF,4,VAN,3
2018020243,2018-11-10,20182019,2,PHI,4,CHI,0
2018020244,2018-11-10,20182019,2,DAL,4,NSH,5
2018020245,2018-11-10,20182019,2,BOS,5,TOR,1
2018020246,2018-11-10,20182019,2,MTL,5,VGK,4
2018020247,2018-11-10,20182019,2,TBL,4,OTT,6
2018020248,2018-11-10,20182019,2,FLA,4,NYI,2
2018020249,2018-11-10,20182019,2,PIT,4,ARI,0
2018020250,2018-11-10,20182019,2,CAR,3,DET,4
2018020251,2018-11-10,20182019,2,CBJ,4,NYR,5
2018020252,2018-11-10,20182019,2,LAK,0,CGY,1
2018020253,2018-11-11,20182019,2,STL,2,MIN,3
2018020254,2018-11-11,20182019,2,FLA,5,OTT,1
2018020255,2018-11-11,20182019,2,WSH,1,ARI,4
2018020256,2018-11-11,20182019,2,BOS,4,VGK,1
2018020257,2018-11-11,20182019,2,WPG,5,NJD,2
2018020258,2018-11-11,20182019,2,SJS,3,CGY,1
2018020259,2018-11-11,20182019,2,EDM,1,COL,4
2018020260,2018-11-12,20182019,2,NYR,2,VAN,1
2018020261,2018-11-12,20182019,2,CAR,3,CHI,2
2018020262,2018-11-12,20182019,2,DAL,1,CBJ,2
2018020263,2018-11-12,20182019,2,ANA,2,NSH,1
2018020264,2018-11-13,20182019,2,BUF,2,TBL,1
2018020265,2018-11-13,20182019,2,NJD,4,PIT,2
2018020266,2018-11-13,20182019,2,NYI,5,VAN,2
2018020267,2018-11-13,20182019,2,PHI,1,FLA,2
2018020268,2018-11-13,20182019,2,DET,6,ARI,1
2018020269,2018-11-13,20182019,2,MIN,2,WSH,5
2018020270,2018-11-13,20182019,2,EDM,6,MTL,2
2018020271,2018-11-13,20182019,2,LAK,1,TOR,5
2018020272,2018-11-13,20182019,2,SJS,5,NSH,4
2018020273,2018-11-14,20182019,2,CHI,1,STL,0
2018020274,2018-11-14,20182019,2,WPG,3,WSH,1
2018020275,2018-11-14,20182019,2,COL,6,BOS,3
2018020276,2018-11-14,20182019,2,VGK,5,ANA,0
2018020277,2018-11-15,20182019,2,NYI,7,NYR,5
2018020278,2018-11-15,20182019,2,PHI,0,NJD,3
2018020279,2018-11-15,20182019,2,PIT,3,TBL,4
2018020280,2018-11-15,20182019,2,CBJ,7,FLA,3
2018020281,2018-11-15,20182019,2,OTT,2,DET,1
2018020282,2018-11-15,20182019,2,MIN,6,VAN,2
2018020283,2018-11-15,20182019,2,CGY,2,MTL,3
2018020284,2018-11-15,20182019,2,ARI,2,NSH,1
2018020285,2018-11-15,20182019,2,SJS,3,TOR,5
2018020286,2018-11-16,20182019,2,DAL,1,BOS,0
2018020287,2018-11-16,20182019,2,WPG,1,BUF,2
2018020288,2018-11-16,20182019,2,CHI,1,LAK,2
2018020289,2018-11-16,20182019,2,COL,2,WSH,3
2018020290,2018-11-16,20182019,2,VGK,1,STL,4
2018020291,2018-11-16,20182019,2,ANA,1,TOR,2
2018020292,2018-11-17,20182019,2,NJD,2,DET,3
2018020293,2018-11-17,20182019,2,PHI,5,TBL,6
2018020294,2018-11-17,20182019,2,MIN,2,BUF,3
2018020295,2018-11-17,20182019,2,OTT,6,PIT,4
2018020296,2018-11-17,20182019,2,NYR,4,FLA,2
2018020297,2018-11-17,20182019,2,CAR,1,CBJ,4
2018020298,2018-11-17,20182019,2,VAN,2,MTL,3
2018020299,2018-11-17,20182019,2,NSH,5,LAK,3
2018020300,2018-11-17,20182019,2,ARI,1,BOS,2
2018020301,2018-11-17,20182019,2,CGY,4,EDM,2
2018020302,2018-11-17,20182019,2,SJS,4,STL,0
2018020303,2018-11-18,20182019,2,NYI,2,DAL,6
2018020304,2018-11-18,20182019,2,CAR,2,NJD,1
2018020305,2018-11-18,20182019,2,CHI,3,MIN,1
2018020306,2018-11-18,20182019,2,EDM,3,VGK,6
2018020307,2018-11-18,20182019,2,ANA,3,COL,4
2018020308,2018-11-19,20182019,2,TOR,4,CBJ,2
2018020309,2018-11-19,20182019,2,NYR,2,DAL,1
2018020310,2018-11-19,20182019,2,PIT,4,BUF,5
2018020311,2018-11-19,20182019,2,MTL,4,WSH,5
2018020312,2018-11-19,20182019,2,OTT,5,FLA,7
2018020313,2018-11-19,20182019,2,STL,0,LAK,2
2018020314,2018-11-19,20182019,2,NSH,3,TBL,2
2018020315,2018-11-19,20182019,2,CGY,7,VGK,2
2018020316,2018-11-19,20182019,2,VAN,3,WPG,6
2018020317,2018-11-20,20182019,2,SJS,3,EDM,4
2018020318,2018-11-21,20182019,2,BUF,5,PHI,2
2018020319,2018-11-21,20182019,2,NJD,5,MTL,2
2018020320,2018-11-21,20182019,2,NYR,5,NYI,0
2018020321,2018-11-21,20182019,2,PIT,5,DAL,1
2018020322,2018-11-21,20182019,2,WSH,4,CHI,2
2018020323,2018-11-21,20182019,2,CAR,5,TOR,2
2018020324,2018-11-21,20182019,2,DET,3,BOS,2
2018020325,2018-11-21,20182019,2,TBL,7,FLA,3
2018020326,2018-11-21,20182019,2,NSH,4,STL,1
2018020327,2018-11-21,20182019,2,MIN,6,OTT,4
2018020328,2018-11-21,20182019,2,ARI,2,VGK,3
2018020329,2018-11-21,20182019,2,CGY,6,WPG,3
2018020330,2018-11-21,20182019,2,ANA,4,VAN,3
2018020331,2018-11-21,20182019,2,LAK,3,COL,7
2018020332,2018-11-23,20182019,2,PHI,4,NYR,0
2018020333,2018-11-23,20182019,2,BUF,3,MTL,2
2018020334,2018-11-23,20182019,2,NJD,3,NYI,4
2018020335,2018-11-23,20182019,2,WSH,3,DET,1
2018020336,2018-11-23,20182019,2,MIN,4,WPG,2
2018020337,2018-11-23,20182019,2,ANA,2,EDM,1
2018020338,2018-11-23,20182019,2,VGK,2,CGY,0
2018020339,2018-11-23,20182019,2,CBJ,4,TOR,2
2018020340,2018-11-23,20182019,2,BOS,2,PIT,1
2018020341,2018-11-23,20182019,2,TBL,4,CHI,2
2018020342,2018-11-23,20182019,2,CAR,4,FLA,1
2018020343,2018-11-23,20182019,2,STL,6,NSH,2
2018020344,2018-11-23,20182019,2,DAL,6,OTT,4
2018020345,2018-11-23,20182019,2,ARI,1,COL,5
2018020346,2018-11-23,20182019,2,SJS,4,VAN,0
2018020347,2018-11-24,20182019,2,NYR,3,WSH,5
2018020348,2018-11-24,20182019,2,TOR,6,PHI,0
2018020349,2018-11-24,20182019,2,MTL,2,BOS,3
2018020350,2018-11-24,20182019,2,DET,2,BUF,3
2018020351,2018-11-24,20182019,2,FLA,4,CHI,5
2018020352,2018-11-24,20182019,2,NYI,4,CAR,1
2018020353,2018-11-24,20182019,2,PIT,4,CBJ,2
2018020354,2018-11-24,20182019,2,STL,4,WPG,8
2018020355,2018-11-24,20182019,2,COL,3,DAL,2
2018020356,2018-11-24,20182019,2,VGK,6,SJS,0
2018020357,2018-11-24,20182019,2,LAK,2,VAN,4
2018020358,2018-11-25,20182019,2,ARI,1,CGY,6
2018020359,2018-11-25,20182019,2,TBL,5,NJD,2
2018020360,2018-11-25,20182019,2,NSH,5,ANA,2
2018020361,2018-11-25,20182019,2,LAK,5,EDM,2
2018020362,2018-11-26,20182019,2,TOR,4,BOS,2
2018020363,2018-11-26,20182019,2,FLA,4,NJD,3
2018020364,2018-11-26,20182019,2,NYI,1,WSH,4
2018020365,2018-11-26,20182019,2,NYR,4,OTT,2
2018020366,2018-11-26,20182019,2,DET,5,CBJ,7
2018020367,2018-11-27,20182019,2,BUF,3,SJS,2
2018020368,2018-11-27,20182019,2,PHI,3,OTT,4
2018020369,2018-11-27,20182019,2,MTL,1,CAR,2
2018020370,2018-11-27,20182019,2,TBL,1,ANA,3
2018020371,2018-11-27,20182019,2,NSH,2,COL,3
2018020372,2018-11-27,20182019,2,MIN,3,ARI,4
2018020373,2018-11-27,20182019,2,WPG,3,PIT,4
2018020374,2018-11-27,20182019,2,CHI,3,VGK,8
2018020375,2018-11-27,20182019,2,EDM,1,DAL,0
2018020376,2018-11-27,20182019,2,VAN,1,LAK,2
2018020377,2018-11-28,20182019,2,DET,4,STL,3
2018020378,2018-11-28,20182019,2,FLA,2,ANA,3
2018020379,2018-11-28,20182019,2,TOR,5,SJS,3
2018020380,2018-11-28,20182019,2,CGY,3,DAL,4
2018020381,2018-11-28,20182019,2,COL,6,PIT,3
2018020382,2018-11-29,20182019,2,BOS,2,NYI,1
2018020383,2018-11-29,20182019,2,CBJ,4,MIN,2
2018020384,2018-11-29,20182019,2,OTT,3,NYR,0
2018020385,2018-11-29,20182019,2,TBL,5,BUF,4
2018020386,2018-11-29,20182019,2,NSH,0,ARI,3
2018020387,2018-11-29,20182019,2,WPG,6,CHI,5
2018020388,2018-11-29,20182019,2,EDM,3,LAK,2
2018020389,2018-11-29,20182019,2,VAN,3,VGK,4
2018020390,2018-11-30,20182019,2,FLA,3,BUF,2
2018020391,2018-11-30,20182019,2,WSH,6,NJD,3
2018020392,2018-11-30,20182019,2,CAR,1,ANA,2
2018020393,2018-11-30,20182019,2,COL,2,STL,3
2018020394,2018-11-30,20182019,2,CGY,4,LAK,1
2018020395,2018-12-01,20182019,2,OTT,6,SJS,2
2018020396,2018-12-01,20182019,2,VAN,1,DAL,2
2018020397,2018-12-01,20182019,2,BOS,2,DET,4
2018020398,2018-12-01,20182019,2,MTL,5,NYR,2
2018020399,2018-12-01,20182019,2,FLA,4,TBL,5
2018020400,2018-12-01,20182019,2,NJD,3,WPG,4
2018020401,2018-12-01,20182019,2,NYI,3,CBJ,2
2018020402,2018-12-01,20182019,2,PIT,2,PHI,4
2018020403,2018-12-01,20182019,2,MIN,3,TOR,5
2018020404,2018-12-01,20182019,2,NSH,5,CHI,2
2018020405,2018-12-01,20182019,2,ARI,6,STL,1
2018020406,2018-12-01,20182019,2,EDM,2,VGK,1
2018020407,2018-12-02,20182019,2,WSH,5,ANA,6
2018020408,2018-12-02,20182019,2,NYR,3,WPG,4
2018020409,2018-12-02,20182019,2,MTL,1,SJS,3
2018020410,2018-12-02,20182019,2,DET,0,COL,2
2018020411,2018-12-02,20182019,2,CHI,2,CGY,3
2018020412,2018-12-02,20182019,2,LAK,2,CAR,0
2018020413,2018-12-03,20182019,2,NJD,1,TBL,5
2018020414,2018-12-03,20182019,2,NSH,2,BUF,1
2018020415,2018-12-03,20182019,2,DAL,4,EDM,1
2018020416,2018-12-04,20182019,2,BUF,3,TOR,4
2018020417,2018-12-04,20182019,2,FLA,5,BOS,0
2018020418,2018-12-04,20182019,2,NYI,1,WPG,3
2018020419,2018-12-04,20182019,2,PIT,6,COL,3
2018020420,2018-12-04,20182019,2,CBJ,6,CGY,9
2018020421,2018-12-04,20182019,2,MTL,5,OTT,2
2018020422,2018-12-04,20182019,2,DET,5,TBL,6
2018020423,2018-12-04,20182019,2,VAN,2,MIN,3
2018020424,2018-12-04,20182019,2,VGK,5,WSH,3
2018020425,2018-12-04,20182019,2,LAK,1,ARI,2
2018020426,2018-12-05,20182019,2,STL,2,EDM,3
2018020427,2018-12-05,20182019,2,ANA,4,CHI,2
2018020428,2018-12-05,20182019,2,SJS,5,CAR,1
2018020429,2018-12-06,20182019,2,TOR,4,DET,5
2018020430,2018-12-06,20182019,2,FLA,2,COL,5
2018020431,2018-12-06,20182019,2,PHI,3,CBJ,4
2018020432,2018-12-06,20182019,2,PIT,6,NYI,2
2018020433,2018-12-06,20182019,2,OTT,2,MTL,5
2018020434,2018-12-06,20182019,2,TBL,3,BOS,2
2018020435,2018-12-06,20182019,2,CGY,2,MIN,0
2018020436,2018-12-06,20182019,2,ARI,2,WSH,4
2018020437,2018-12-06,20182019,2,VAN,5,NSH,3
2018020438,2018-12-06,20182019,2,VGK,4,CHI,3
2018020439,2018-12-06,20182019,2,LAK,3,NJD,6
2018020440,2018-12-07,20182019,2,DAL,3,SJS,2
2018020441,2018-12-07,20182019,2,WPG,0,STL,1
2018020442,2018-12-07,20182019,2,EDM,7,MIN,2
2018020443,2018-12-07,20182019,2,ANA,1,CAR,4
2018020444,2018-12-08,20182019,2,BUF,2,PHI,6
2018020445,2018-12-08,20182019,2,LAK,5,VGK,1
2018020446,2018-12-08,20182019,2,BOS,6,TOR,3
2018020447,2018-12-08,20182019,2,OTT,2,PIT,1
2018020448,2018-12-08,20182019,2,DET,2,NYI,3
2018020449,2018-12-08,20182019,2,TBL,7,COL,1
2018020450,2018-12-08,20182019,2,FLA,4,NYR,5
2018020451,2018-12-08,20182019,2,CBJ,0,WSH,4
2018020452,2018-12-08,20182019,2,ARI,3,SJS,5
2018020453,2018-12-08,20182019,2,CGY,5,NSH,2
2018020454,2018-12-09,20182019,2,STL,1,VAN,6
2018020455,2018-12-09,20182019,2,WPG,7,PHI,1
2018020456,2018-12-09,20182019,2,OTT,1,BOS,2
2018020457,2018-12-09,20182019,2,CHI,2,MTL,3
2018020458,2018-12-09,20182019,2,ANA,6,NJD,5
2018020459,2018-12-09,20182019,2,EDM,1,CGY,0
2018020460,2018-12-09,20182019,2,VGK,4,DAL,2
2018020461,2018-12-10,20182019,2,NYI,1,PIT,2
2018020462,2018-12-10,20182019,2,DET,3,LAK,1
2018020463,2018-12-10,20182019,2,TBL,6,NYR,3
2018020464,2018-12-10,20182019,2,SJS,5,NJD,2
2018020465,2018-12-11,20182019,2,BOS,4,ARI,3
2018020466,2018-12-11,20182019,2,BUF,4,LAK,3
2018020467,2018-12-11,20182019,2,WSH,6,DET,2
2018020468,2018-12-11,20182019,2,CAR,1,TOR,4
2018020469,2018-12-11,20182019,2,CBJ,2,VAN,3
2018020470,2018-12-11,20182019,2,STL,4,FLA,3
2018020471,2018-12-11,20182019,2,NSH,3,OTT,1
2018020472,2018-12-11,20182019,2,MIN,7,MTL,1
2018020473,2018-12-11,20182019,2,WPG,6,CHI,3
2018020474,2018-12-11,20182019,2,COL,4,EDM,6
2018020475,2018-12-12,20182019,2,NYI,2,VGK,3
2018020476,2018-12-12,20182019,2,CHI,6,PIT,3
2018020477,2018-12-12,20182019,2,CGY,6,PHI,5
2018020478,2018-12-12,20182019,2,ANA,6,DAL,3
2018020479,2018-12-13,20182019,2,BUF,3,ARI,1
2018020480,2018-12-13,20182019,2,CBJ,4,LAK,1
2018020481,2018-12-13,20182019,2,MTL,6,CAR,4
2018020482,2018-12-13,20182019,2,TBL,4,TOR,1
2018020483,2018-12-13,20182019,2,NSH,4,VAN,3
2018020484,2018-12-13,20182019,2,MIN,5,FLA,1
2018020485,2018-12-13,20182019,2,WPG,5,EDM,4
2018020486,2018-12-13,20182019,2,SJS,3,DAL,2
2018020487,2018-12-14,20182019,2,NJD,5,VGK,4
2018020488,2018-12-14,20182019,2,NYR,3,ARI,4
2018020489,2018-12-14,20182019,2,PIT,5,BOS,3
2018020490,2018-12-14,20182019,2,DET,2,OTT,4
2018020491,2018-12-14,20182019,2,CAR,5,WSH,6
2018020492,2018-12-14,20182019,2,STL,4,COL,3
2018020493,2018-12-14,20182019,2,CHI,3,WPG,4
2018020494,2018-12-14,20182019,2,EDM,4,PHI,1
2018020495,2018-12-15,20182019,2,MIN,1,CGY,2
2018020496,2018-12-15,20182019,2,MTL,5,OTT,2
2018020497,2018-12-15,20182019,2,FLA,4,TOR,3
2018020498,2018-12-15,20182019,2,NYI,4,DET,3
2018020499,2018-12-15,20182019,2,PIT,4,LAK,3
2018020500,2018-12-15,20182019,2,WSH,4,BUF,3
2018020501,2018-12-15,20182019,2,CBJ,1,ANA,2
2018020502,2018-12-15,20182019,2,NSH,2,NJD,1
2018020503,2018-12-15,20182019,2,COL,6,DAL,4
2018020504,2018-12-15,20182019,2,VAN,5,PHI,1
2018020505,2018-12-16,20182019,2,NYR,3,VGK,4
2018020506,2018-12-16,20182019,2,CAR,3,ARI,0
2018020507,2018-12-16,20182019,2,STL,2,CGY,7
2018020508,2018-12-16,20182019,2,BOS,2,BUF,4
2018020509,2018-12-16,20182019,2,CHI,3,SJS,7
2018020510,2018-12-16,20182019,2,WPG,5,TBL,4
2018020511,2018-12-16,20182019,2,VAN,4,EDM,2
2018020512,2018-12-17,20182019,2,PIT,2,ANA,4
2018020513,2018-12-17,20182019,2,CBJ,1,VGK,0
2018020514,2018-12-17,20182019,2,MTL,0,BOS,4
2018020515,2018-12-17,20182019,2,OTT,4,NSH,3
2018020516,2018-12-17,20182019,2,COL,1,NYI,4
2018020517,2018-12-18,20182019,2,BUF,2,FLA,5
2018020518,2018-12-18,20182019,2,NJD,2,TOR,7
2018020519,2018-12-18,20182019,2,NYR,3,ANA,1
2018020520,2018-12-18,20182019,2,PHI,3,DET,2
2018020521,2018-12-18,20182019,2,MIN,0,SJS,4
2018020522,2018-12-18,20182019,2,CHI,2,NSH,1
2018020523,2018-12-18,20182019,2,DAL,2,CGY,0
2018020524,2018-12-18,20182019,2,EDM,1,STL,4
2018020525,2018-12-18,20182019,2,ARI,1,NYI,3
2018020526,2018-12-18,20182019,2,VAN,2,TBL,5
2018020527,2018-12-18,20182019,2,LAK,4,WPG,1
2018020528,2018-12-19,20182019,2,WSH,1,PIT,2
2018020529,2018-12-19,20182019,2,COL,2,MTL,1
2018020530,2018-12-20,20182019,2,BOS,3,ANA,1
2018020531,2018-12-20,20182019,2,TOR,6,FLA,1
2018020532,2018-12-20,20182019,2,PHI,2,NSH,1
2018020533,2018-12-20,20182019,2,PIT,2,MIN,1
2018020534,2018-12-20,20182019,2,CAR,1,DET,4
2018020535,2018-12-20,20182019,2,CBJ,2,NJD,1
2018020536,2018-12-20,20182019,2,DAL,2,CHI,5
2018020537,2018-12-20,20182019,2,CGY,4,TBL,5
2018020538,2018-12-20,20182019,2,ARI,1,MTL,2
2018020539,2018-12-20,20182019,2,VAN,5,STL,1
2018020540,2018-12-20,20182019,2,VGK,4,NYI,2
2018020541,2018-12-20,20182019,2,SJS,3,WPG,5
2018020542,2018-12-21,20182019,2,NJD,5,OTT,2
2018020543,2018-12-21,20182019,2,WSH,2,BUF,1
2018020544,2018-12-21,20182019,2,COL,1,CHI,2
2018020545,2018-12-22,20182019,2,BOS,5,NSH,2
2018020546,2018-12-22,20182019,2,PHI,3,CBJ,4
2018020547,2018-12-22,20182019,2,DET,1,FLA,2
2018020548,2018-12-22,20182019,2,CGY,1,STL,3
2018020549,2018-12-22,20182019,2,VGK,3,MTL,4
2018020550,2018-12-22,20182019,2,SJS,2,LAK,3
2018020551,2018-12-22,20182019,2,BUF,3,ANA,0
2018020552,2018-12-22,20182019,2,TOR,5,NYR,3
2018020553,2018-12-22,20182019,2,OTT,0,WSH,4
2018020554,2018-12-22,20182019,2,CAR,0,PIT,3
2018020555,2018-12-22,20182019,2,ARI,6,COL,4
2018020556,2018-12-22,20182019,2,MIN,1,DAL,2
2018020557,2018-12-22,20182019,2,EDM,3,TBL,6
2018020558,2018-12-22,20182019,2,VAN,0,WPG,1
2018020559,2018-12-23,20182019,2,NJD,0,CBJ,3
2018020560,2018-12-23,20182019,2,CAR,5,BOS,3
2018020561,2018-12-23,20182019,2,NYR,2,PHI,3
2018020562,2018-12-23,20182019,2,CHI,3,FLA,6
2018020563,2018-12-23,20182019,2,TOR,5,DET,4
2018020564,2018-12-23,20182019,2,DAL,1,NYI,3
2018020565,2018-12-23,20182019,2,VGK,3,LAK,4
2018020566,2018-12-23,20182019,2,SJS,3,ARI,4
2018020567,2018-12-27,20182019,2,BOS,2,NJD,5
2018020568,2018-12-27,20182019,2,NYR,3,CBJ,4
2018020569,2018-12-27,20182019,2,PIT,5,DET,2
2018020570,2018-12-27,20182019,2,WSH,3,CAR,1
2018020571,2018-12-27,20182019,2,TBL,6,PHI,5
2018020572,2018-12-27,20182019,2,STL,4,BUF,1
2018020573,2018-12-27,20182019,2,NSH,0,DAL,2
2018020574,2018-12-27,20182019,2,WPG,1,CGY,4
2018020575,2018-12-27,20182019,2,CHI,5,MIN,2
2018020576,2018-12-27,20182019,2,EDM,2,VAN,4
2018020577,2018-12-27,20182019,2,VGK,2,COL,1
2018020578,2018-12-27,20182019,2,LAK,2,ARI,1
2018020579,2018-12-27,20182019,2,SJS,4,ANA,2
2018020580,2018-12-28,20182019,2,FLA,3,MTL,5
2018020581,2018-12-28,20182019,2,NYI,6,OTT,3
2018020582,2018-12-28,20182019,2,CBJ,2,TOR,4
2018020583,2018-12-29,20182019,2,NJD,2,CAR,0
2018020584,2018-12-29,20182019,2,WPG,1,MIN,3
2018020585,2018-12-29,20182019,2,EDM,4,SJS,7
2018020586,2018-12-29,20182019,2,LAK,1,VGK,4
2018020587,2018-12-29,20182019,2,BUF,2,BOS,3
2018020588,2018-12-29,20182019,2,TOR,0,NYI,4
2018020589,2018-12-29,20182019,2,OTT,2,WSH,3
2018020590,2018-12-29,20182019,2,TBL,6,MTL,5
2018020591,2018-12-29,20182019,2,FLA,2,PHI,1
2018020592,2018-12-29,20182019,2,STL,1,PIT,6
2018020593,2018-12-29,20182019,2,NSH,3,NYR,4
2018020594,2018-12-29,20182019,2,DAL,5,DET,1
2018020595,2018-12-29,20182019,2,COL,2,CHI,3
2018020596,2018-12-29,20182019,2,CGY,2,VAN,3
2018020597,2018-12-29,20182019,2,ANA,4,ARI,5
2018020598,2018-12-30,20182019,2,ARI,1,VGK,5
2018020599,2018-12-31,20182019,2,WSH,3,NSH,6
2018020600,2018-12-31,20182019,2,NJD,4,VAN,0
2018020601,2018-12-31,20182019,2,BUF,1,NYI,3
2018020602,2018-12-31,20182019,2,CAR,3,PHI,1
2018020603,2018-12-31,20182019,2,MIN,2,PIT,3
2018020604,2018-12-31,20182019,2,CBJ,6,OTT,3
2018020605,2018-12-31,20182019,2,STL,1,NYR,2
2018020606,2018-12-31,20182019,2,DET,3,FLA,4
2018020607,2018-12-31,20182019,2,COL,2,LAK,3
2018020608,2018-12-31,20182019,2,DAL,2,MTL,3
2018020609,2018-12-31,20182019,2,CGY,8,SJS,5
2018020610,2018-12-31,20182019,2,EDM,3,WPG,4
2018020611,2018-12-31,20182019,2,ANA,1,TBL,2
2018020612,2019-01-01,20182019,2,CHI,2,BOS,4
2018020613,2019-01-01,20182019,2,NSH,4,PHI,0
2018020614,2019-01-01,20182019,2,VGK,2,LAK,0
2018020615,2019-01-02,20182019,2,OTT,3,VAN,4
2018020616,2019-01-02,20182019,2,DET,3,CGY,5
2018020617,2019-01-02,20182019,2,NYR,2,PIT,7
2018020618,2019-01-02,20182019,2,DAL,5,NJD,4
2018020619,2019-01-02,20182019,2,COL,4,SJS,5
2018020620,2019-01-02,20182019,2,ARI,1,EDM,3
2018020621,2019-01-03,20182019,2,TOR,3,MIN,4
2018020622,2019-01-03,20182019,2,BOS,6,CGY,4
2018020623,2019-01-03,20182019,2,BUF,4,FLA,3
2018020624,2019-01-03,20182019,2,NYI,3,CHI,2
2018020625,2019-01-03,20182019,2,PHI,3,CAR,5
2018020626,2019-01-03,20182019,2,MTL,2,VAN,0
2018020627,2019-01-03,20182019,2,STL,5,WSH,2
2018020628,2019-01-03,20182019,2,LAK,2,TBL,6
2018020629,2019-01-04,20182019,2,PIT,4,WPG,0
2018020630,2019-01-04,20182019,2,DET,4,NSH,3
2018020631,2019-01-04,20182019,2,CAR,4,CBJ,2
2018020632,2019-01-04,20182019,2,DAL,2,WSH,1
2018020633,2019-01-04,20182019,2,COL,6,NYR,1
2018020634,2019-01-04,20182019,2,ARI,2,NJD,3
2018020635,2019-01-04,20182019,2,ANA,2,VGK,3
2018020636,2019-01-05,20182019,2,PHI,2,CGY,3
2018020637,2019-01-05,20182019,2,OTT,3,MIN,4
2018020638,2019-01-05,20182019,2,BOS,2,BUF,1
2018020639,2019-01-05,20182019,2,TOR,5,VAN,0
2018020640,2019-01-05,20182019,2,MTL,1,NSH,4
2018020641,2019-01-05,20182019,2,FLA,3,CBJ,4
2018020642,2019-01-05,20182019,2,STL,3,NYI,4
2018020643,2019-01-05,20182019,2,LAK,4,EDM,0
2018020644,2019-01-05,20182019,2,SJS,5,TBL,2
2018020645,2019-01-06,20182019,2,ARI,5,NYR,0
2018020646,2019-01-06,20182019,2,VGK,3,NJD,2
2018020647,2019-01-06,20182019,2,OTT,4,CAR,5
2018020648,2019-01-06,20182019,2,DET,2,WSH,3
2018020649,2019-01-06,20182019,2,WPG,5,DAL,1
2018020650,2019-01-06,20182019,2,PIT,3,CHI,5
2018020651,2019-01-06,20182019,2,ANA,0,EDM,4
2018020652,2019-01-07,20182019,2,TOR,0,NSH,4
2018020653,2019-01-07,20182019,2,PHI,0,STL,3
2018020654,2019-01-07,20182019,2,MTL,0,MIN,1
2018020655,2019-01-07,20182019,2,CHI,3,CGY,4
2018020656,2019-01-07,20182019,2,SJS,3,LAK,1
2018020657,2019-01-08,20182019,2,BOS,4,MIN,0
2018020658,2019-01-08,20182019,2,BUF,5,NJD,1
2018020659,2019-01-08,20182019,2,NYI,3,CAR,4
2018020660,2019-01-08,20182019,2,PIT,5,FLA,1
2018020661,2019-01-08,20182019,2,WSH,5,PHI,3
2018020662,2019-01-08,20182019,2,DET,2,MTL,3
2018020663,2019-01-08,20182019,2,TBL,4,CBJ,0
2018020664,2019-01-08,20182019,2,STL,1,DAL,3
2018020665,2019-01-08,20182019,2,WPG,7,COL,4
2018020666,2019-01-08,20182019,2,VGK,4,NYR,2
2018020667,2019-01-08,20182019,2,SJS,7,EDM,2
2018020668,2019-01-09,20182019,2,CHI,3,NSH,4
2018020669,2019-01-09,20182019,2,CGY,5,COL,3
2018020670,2019-01-09,20182019,2,ANA,1,OTT,2
2018020671,2019-01-10,20182019,2,BOS,2,WSH,4
2018020672,2019-01-10,20182019,2,NJD,2,TOR,4
2018020673,2019-01-10,20182019,2,NYR,3,NYI,4
2018020674,2019-01-10,20182019,2,PHI,2,DAL,1
2018020675,2019-01-10,20182019,2,CBJ,4,NSH,3
2018020676,2019-01-10,20182019,2,TBL,3,CAR,1
2018020677,2019-01-10,20182019,2,STL,4,MTL,1
2018020678,2019-01-10,20182019,2,MIN,3,WPG,2
2018020679,2019-01-10,20182019,2,EDM,4,FLA,3
2018020680,2019-01-10,20182019,2,VAN,3,ARI,4
2018020681,2019-01-10,20182019,2,VGK,2,SJS,3
2018020682,2019-01-10,20182019,2,LAK,1,OTT,4
2018020683,2019-01-11,20182019,2,CAR,4,BUF,3
2018020684,2019-01-11,20182019,2,WPG,4,DET,2
2018020685,2019-01-11,20182019,2,CGY,4,FLA,3
2018020686,2019-01-11,20182019,2,ANA,4,PIT,7
2018020687,2019-01-12,20182019,2,NJD,3,PHI,2
2018020688,2019-01-12,20182019,2,NYI,1,NYR,2
2018020689,2019-01-12,20182019,2,BUF,3,TBL,5
2018020690,2019-01-12,20182019,2,TOR,2,BOS,3
2018020691,2019-01-12,20182019,2,MTL,3,COL,0
2018020692,2019-01-12,20182019,2,WSH,1,CBJ,2
2018020693,2019-01-12,20182019,2,MIN,2,DET,5
2018020694,2019-01-12,20182019,2,CHI,3,VGK,4
2018020695,2019-01-12,20182019,2,DAL,1,STL,3
2018020696,2019-01-12,20182019,2,EDM,2,ARI,3
2018020697,2019-01-12,20182019,2,SJS,4,OTT,1
2018020698,2019-01-12,20182019,2,LAK,5,PIT,2
2018020699,2019-01-13,20182019,2,CAR,6,NSH,3
2018020700,2019-01-13,20182019,2,CBJ,7,NYR,5
2018020701,2019-01-13,20182019,2,WPG,4,ANA,3
2018020702,2019-01-13,20182019,2,NYI,5,TBL,1
2018020703,2019-01-13,20182019,2,VAN,5,FLA,1
2018020704,2019-01-13,20182019,2,CGY,7,ARI,1
2018020705,2019-01-14,20182019,2,BOS,2,MTL,3
2018020706,2019-01-14,20182019,2,TOR,3,COL,6
2018020707,2019-01-14,20182019,2,NJD,8,CHI,5
2018020708,2019-01-14,20182019,2,PHI,7,MIN,4
2018020709,2019-01-14,20182019,2,WSH,1,STL,4
2018020710,2019-01-14,20182019,2,EDM,7,BUF,2
2018020711,2019-01-15,20182019,2,NYI,2,STL,1
2018020712,2019-01-15,20182019,2,NYR,6,CAR,2
2018020713,2019-01-15,20182019,2,CBJ,4,NJD,1
2018020714,2019-01-15,20182019,2,MTL,5,FLA,1
2018020715,2019-01-15,20182019,2,DET,3,ANA,1
2018020716,2019-01-15,20182019,2,NSH,7,WSH,2
2018020717,2019-01-15,20182019,2,MIN,3,LAK,2
2018020718,2019-01-15,20182019,2,WPG,4,VGK,1
2018020719,2019-01-15,20182019,2,DAL,0,TBL,2
2018020720,2019-01-15,20182019,2,SJS,5,PIT,2
2018020721,2019-01-16,20182019,2,OTT,5,COL,2
2018020722,2019-01-16,20182019,2,PHI,4,BOS,3
2018020723,2019-01-16,20182019,2,CGY,3,BUF,4
2018020724,2019-01-16,20182019,2,VAN,2,EDM,3
2018020725,2019-01-16,20182019,2,ARI,6,SJS,3
2018020726,2019-01-17,20182019,2,BOS,5,STL,2
2018020727,2019-01-17,20182019,2,NYI,4,NJD,1
2018020728,2019-01-17,20182019,2,NYR,4,CHI,3
2018020729,2019-01-17,20182019,2,TBL,2,TOR,4
2018020730,2019-01-17,20182019,2,NSH,1,WPG,5
2018020731,2019-01-17,20182019,2,MIN,0,ANA,3
2018020732,2019-01-17,20182019,2,DAL,1,LAK,2
2018020733,2019-01-18,20182019,2,FLA,3,TOR,1
2018020734,2019-01-18,20182019,2,CBJ,1,MTL,4
2018020735,2019-01-18,20182019,2,WSH,0,NYI,2
2018020736,2019-01-18,20182019,2,CAR,1,OTT,4
2018020737,2019-01-18,20182019,2,CGY,6,DET,4
2018020738,2019-01-18,20182019,2,ARI,2,PIT,3
2018020739,2019-01-18,20182019,2,VAN,4,BUF,3
2018020740,2019-01-19,20182019,2,NJD,2,ANA,3
2018020741,2019-01-19,20182019,2,COL,7,LAK,1
2018020742,2019-01-19,20182019,2,BOS,2,NYR,3
2018020743,2019-01-19,20182019,2,MTL,2,PHI,5
2018020744,2019-01-19,20182019,2,TBL,6,SJS,3
2018020745,2019-01-19,20182019,2,STL,3,OTT,2
2018020746,2019-01-19,20182019,2,DAL,4,WPG,2
2018020747,2019-01-19,20182019,2,NSH,2,FLA,4
2018020748,2019-01-19,20182019,2,MIN,2,CBJ,1
2018020749,2019-01-19,20182019,2,EDM,2,CGY,5
2018020750,2019-01-19,20182019,2,VGK,7,PIT,3
2018020751,2019-01-20,20182019,2,CHI,8,WSH,5
2018020752,2019-01-20,20182019,2,NYI,3,ANA,0
2018020753,2019-01-20,20182019,2,VAN,3,DET,2
2018020754,2019-01-20,20182019,2,TOR,2,ARI,4
2018020755,2019-01-20,20182019,2,EDM,4,CAR,7
2018020756,2019-01-21,20182019,2,COL,1,NSH,4
2018020757,2019-01-21,20182019,2,VGK,2,MIN,4
2018020758,2019-01-21,20182019,2,FLA,6,SJS,2
2018020759,2019-01-21,20182019,2,LAK,4,STL,3
2018020760,2019-01-22,20182019,2,WSH,6,SJS,7
2018020761,2019-01-22,20182019,2,OTT,2,ARI,3
2018020762,2019-01-22,20182019,2,CHI,3,NYI,2
2018020763,2019-01-22,20182019,2,CGY,3,CAR,2
2018020764,2019-01-22,20182019,2,EDM,2,DET,3
2018020765,2019-01-23,20182019,2,TOR,6,WSH,3
2018020766,2019-01-23,20182019,2,MTL,2,ARI,1
2018020767,2019-01-23,20182019,2,COL,2,MIN,5
2018020768,2019-01-23,20182019,2,VGK,1,NSH,2
2018020769,2019-01-23,20182019,2,ANA,1,STL,5
2018020770,2019-01-23,20182019,2,VAN,2,CAR,5
2018020771,2019-01-28,20182019,2,PHI,3,WPG,1
2018020772,2019-01-28,20182019,2,PIT,3,NJD,6
2018020773,2019-01-29,20182019,2,BOS,3,WPG,4
2018020774,2019-01-29,20182019,2,NYR,0,PHI,1
2018020775,2019-01-29,20182019,2,CBJ,4,BUF,5
2018020776,2019-01-30,20182019,2,PIT,4,TBL,2
2018020777,2019-01-30,20182019,2,DAL,1,BUF,0
2018020778,2019-01-31,20182019,2,BOS,2,PHI,3
2018020779,2019-01-31,20182019,2,NJD,3,NYR,4
2018020780,2019-01-31,20182019,2,WPG,4,CBJ,3
2018020781,2019-02-01,20182019,2,BUF,3,CHI,7
2018020782,2019-02-01,20182019,2,FLA,1,NSH,4
2018020783,2019-02-01,20182019,2,NYI,0,TBL,1
2018020784,2019-02-01,20182019,2,PIT,5,OTT,3
2018020785,2019-02-01,20182019,2,WSH,4,CGY,3
2018020786,2019-02-01,20182019,2,DET,3,TOR,2
2018020787,2019-02-01,20182019,2,CAR,5,VGK,2
2018020788,2019-02-01,20182019,2,DAL,3,MIN,1
2018020789,2019-02-02,20182019,2,PHI,5,EDM,4
2018020790,2019-02-02,20182019,2,MTL,2,NJD,3
2018020791,2019-02-02,20182019,2,TOR,3,PIT,2
2018020792,2019-02-02,20182019,2,OTT,0,DET,2
2018020793,2019-02-02,20182019,2,FLA,3,VGK,1
2018020794,2019-02-02,20182019,2,NYI,4,LAK,2
2018020795,2019-02-02,20182019,2,NYR,2,TBL,3
2018020796,2019-02-02,20182019,2,CBJ,2,STL,4
2018020797,2019-02-02,20182019,2,WPG,9,ANA,3
2018020798,2019-02-02,20182019,2,NSH,1,DAL,3
2018020799,2019-02-02,20182019,2,MIN,3,CHI,4
2018020800,2019-02-02,20182019,2,COL,1,VAN,5
2018020801,2019-02-02,20182019,2,SJS,3,ARI,2
2018020802,2019-02-03,20182019,2,WSH,0,BOS,1
2018020803,2019-02-03,20182019,2,MTL,4,EDM,3
2018020804,2019-02-03,20182019,2,CAR,3,CGY,4
2018020805,2019-02-04,20182019,2,TOR,6,ANA,1
2018020806,2019-02-04,20182019,2,NYR,3,LAK,4
2018020807,2019-02-04,20182019,2,PHI,2,VAN,1
2018020808,2019-02-04,20182019,2,DAL,5,ARI,4
2018020809,2019-02-05,20182019,2,BOS,3,NYI,1
2018020810,2019-02-05,20182019,2,BUF,5,MIN,4
2018020811,2019-02-05,20182019,2,FLA,2,STL,3
2018020812,2019-02-05,20182019,2,NJD,1,LAK,5
2018020813,2019-02-05,20182019,2,PIT,0,CAR,4
2018020814,2019-02-05,20182019,2,WSH,3,VAN,2
2018020815,2019-02-05,20182019,2,MTL,4,ANA,1
2018020816,2019-02-05,20182019,2,TBL,2,VGK,3
2018020817,2019-02-05,20182019,2,NSH,5,ARI,2
2018020818,2019-02-05,20182019,2,WPG,2,SJS,3
2018020819,2019-02-05,20182019,2,COL,3,CBJ,6
2018020820,2019-02-05,20182019,2,EDM,2,CHI,6
2018020821,2019-02-06,20182019,2,TOR,5,OTT,4
2018020822,2019-02-06,20182019,2,NYR,4,BOS,3
2018020823,2019-02-07,20182019,2,BUF,5,CAR,6
2018020824,2019-02-07,20182019,2,FLA,3,PIT,2
2018020825,2019-02-07,20182019,2,NJD,1,NYI,2
2018020826,2019-02-07,20182019,2,PHI,2,LAK,3
2018020827,2019-02-07,20182019,2,WSH,4,COL,3
2018020828,2019-02-07,20182019,2,MTL,5,WPG,2
2018020829,2019-02-07,20182019,2,OTT,4,ANA,0
2018020830,2019-02-07,20182019,2,DET,3,VGK,4
2018020831,2019-02-07,20182019,2,TBL,0,STL,1
2018020832,2019-02-07,20182019,2,NSH,3,DAL,2
2018020833,2019-02-07,20182019,2,MIN,1,EDM,4
2018020834,2019-02-07,20182019,2,CHI,4,VAN,3
2018020835,2019-02-07,20182019,2,CGY,2,SJS,5
2018020836,2019-02-07,20182019,2,ARI,2,CBJ,4
2018020837,2019-02-08,20182019,2,NYR,0,CAR,3
2018020838,2019-02-09,20182019,2,BOS,5,LAK,4
2018020839,2019-02-09,20182019,2,BUF,3,DET,1
2018020840,2019-02-09,20182019,2,NJD,2,MIN,4
2018020841,2019-02-09,20182019,2,NYI,4,COL,3
2018020842,2019-02-09,20182019,2,PHI,6,ANA,2
2018020843,2019-02-09,20182019,2,OTT,5,WPG,2
2018020844,2019-02-09,20182019,2,STL,3,NSH,2
2018020845,2019-02-09,20182019,2,ARI,3,DAL,2
2018020846,2019-02-09,20182019,2,MTL,3,TOR,4
2018020847,2019-02-09,20182019,2,TBL,5,PIT,4
2018020848,2019-02-09,20182019,2,WSH,4,FLA,5
2018020849,2019-02-09,20182019,2,EDM,2,SJS,5
2018020850,2019-02-09,20182019,2,VAN,4,CGY,3
2018020851,2019-02-09,20182019,2,VGK,3,CBJ,4
2018020852,2019-02-10,20182019,2,NSH,4,STL,5
2018020853,2019-02-10,20182019,2,BOS,2,COL,1
2018020854,2019-02-10,20182019,2,BUF,1,WPG,3
2018020855,2019-02-10,20182019,2,NJD,3,CAR,2
2018020856,2019-02-10,20182019,2,NYI,2,MIN,1
2018020857,2019-02-10,20182019,2,CHI,5,DET,2
2018020858,2019-02-10,20182019,2,FLA,2,TBL,5
2018020859,2019-02-10,20182019,2,NYR,4,TOR,1
2018020860,2019-02-11,20182019,2,PHI,1,PIT,4
2018020861,2019-02-11,20182019,2,WSH,6,LAK,4
2018020862,2019-02-11,20182019,2,VAN,2,SJS,7
2018020863,2019-02-12,20182019,2,BOS,6,CHI,3
2018020864,2019-02-12,20182019,2,BUF,3,NYI,1
2018020865,2019-02-12,20182019,2,FLA,0,DAL,3
2018020866,2019-02-12,20182019,2,CBJ,3,WSH,0
2018020867,2019-02-12,20182019,2,OTT,1,CAR,4
2018020868,2019-02-12,20182019,2,TBL,6,CGY,3
2018020869,2019-02-12,20182019,2,STL,8,NJD,3
2018020870,2019-02-12,20182019,2,NSH,2,DET,3
2018020871,2019-02-12,20182019,2,MIN,4,PHI,5
2018020872,2019-02-12,20182019,2,WPG,4,NYR,3
2018020873,2019-02-12,20182019,2,COL,2,TOR,5
2018020874,2019-02-12,20182019,2,VGK,2,ARI,5
2018020875,2019-02-13,20182019,2,PIT,3,EDM,1
2018020876,2019-02-13,20182019,2,ANA,1,VAN,0
2018020877,2019-02-14,20182019,2,FLA,3,CGY,2
2018020878,2019-02-14,20182019,2,CBJ,0,NYI,3
2018020879,2019-02-14,20182019,2,DET,3,OTT,2
2018020880,2019-02-14,20182019,2,TBL,6,DAL,0
2018020881,2019-02-14,20182019,2,NSH,3,MTL,1
2018020882,2019-02-14,20182019,2,WPG,1,COL,4
2018020883,2019-02-14,20182019,2,CHI,5,NJD,2
2018020884,2019-02-14,20182019,2,ARI,0,STL,4
2018020885,2019-02-14,20182019,2,VGK,3,TOR,6
2018020886,2019-02-14,20182019,2,LAK,3,VAN,4
2018020887,2019-02-14,20182019,2,SJS,1,WSH,5
2018020888,2019-02-15,20182019,2,BUF,2,NYR,6
2018020889,2019-02-15,20182019,2,CAR,3,EDM,1
2018020890,2019-02-15,20182019,2,MIN,4,NJD,5
2018020891,2019-02-15,20182019,2,ANA,0,BOS,3
2018020892,2019-02-16,20182019,2,PHI,6,DET,5
2018020893,2019-02-16,20182019,2,PIT,4,CGY,5
2018020894,2019-02-16,20182019,2,COL,0,STL,3
2018020895,2019-02-16,20182019,2,TBL,3,MTL,0
2018020896,2019-02-16,20182019,2,NYI,5,EDM,2
2018020897,2019-02-16,20182019,2,WPG,3,OTT,4
2018020898,2019-02-16,20182019,2,ARI,2,TOR,0
2018020899,2019-02-16,20182019,2,CAR,3,DAL,0
2018020900,2019-02-16,20182019,2,CHI,2,CBJ,5
2018020901,2019-02-16,20182019,2,VGK,5,NSH,1
2018020902,2019-02-16,20182019,2,SJS,3,VAN,2
2018020903,2019-02-16,20182019,2,LAK,2,BOS,4
2018020904,2019-02-17,20182019,2,PIT,6,NYR,5
2018020905,2019-02-17,20182019,2,MIN,0,STL,4
2018020906,2019-02-17,20182019,2,NJD,4,BUF,1
2018020907,2019-02-17,20182019,2,DET,1,PHI,3
2018020908,2019-02-17,20182019,2,FLA,6,MTL,3
2018020909,2019-02-17,20182019,2,ANA,5,WSH,2
2018020910,2019-02-18,20182019,2,CGY,5,ARI,2
2018020911,2019-02-18,20182019,2,CBJ,1,TBL,5
2018020912,2019-02-18,20182019,2,CHI,8,OTT,7
2018020913,2019-02-18,20182019,2,COL,3,VGK,0
2018020914,2019-02-18,20182019,2,LAK,2,WSH,3
2018020915,2019-02-18,20182019,2,SJS,5,BOS,6
2018020916,2019-02-19,20182019,2,FLA,4,BUF,2
2018020917,2019-02-19,20182019,2,NJD,3,PIT,4
2018020918,2019-02-19,20182019,2,PHI,2,TBL,5
2018020919,2019-02-19,20182019,2,CAR,1,NYR,2
2018020920,2019-02-19,20182019,2,MTL,3,CBJ,2
2018020921,2019-02-19,20182019,2,STL,3,TOR,2
2018020922,2019-02-19,20182019,2,MIN,0,ANA,4
2018020923,2019-02-19,20182019,2,DAL,3,NSH,5
2018020924,2019-02-19,20182019,2,EDM,2,ARI,3
2018020925,2019-02-20,20182019,2,DET,4,CHI,5
2018020926,2019-02-20,20182019,2,COL,7,WPG,1
2018020927,2019-02-20,20182019,2,CGY,4,NYI,2
2018020928,2019-02-20,20182019,2,VGK,2,BOS,3
2018020929,2019-02-21,20182019,2,TOR,2,WSH,3
2018020930,2019-02-21,20182019,2,FLA,3,CAR,4
2018020931,2019-02-21,20182019,2,NJD,4,OTT,0
2018020932,2019-02-21,20182019,2,NYR,1,MIN,4
2018020933,2019-02-21,20182019,2,PIT,0,SJS,4
2018020934,2019-02-21,20182019,2,MTL,5,PHI,1
2018020935,2019-02-21,20182019,2,TBL,2,BUF,1
2018020936,2019-02-21,20182019,2,NSH,2,LAK,1
2018020937,2019-02-21,20182019,2,DAL,5,STL,2
2018020938,2019-02-21,20182019,2,EDM,4,NYI,3
2018020939,2019-02-21,20182019,2,VAN,2,ARI,3
2018020940,2019-02-22,20182019,2,OTT,0,CBJ,3
2018020941,2019-02-22,20182019,2,DET,2,MIN,3
2018020942,2019-02-22,20182019,2,CHI,3,COL,5
2018020943,2019-02-22,20182019,2,CGY,2,ANA,1
2018020944,2019-02-22,20182019,2,VGK,3,WPG,6
2018020945,2019-02-23,20182019,2,BUF,5,WSH,2
2018020946,2019-02-23,20182019,2,NYR,5,NJD,2
2018020947,2019-02-23,20182019,2,STL,2,BOS,1
2018020948,2019-02-23,20182019,2,FLA,6,LAK,1
2018020949,2019-02-23,20182019,2,CBJ,4,SJS,0
2018020950,2019-02-23,20182019,2,DAL,0,CAR,3
2018020951,2019-02-23,20182019,2,NSH,0,COL,5
2018020952,2019-02-23,20182019,2,TOR,6,MTL,3
2018020953,2019-02-23,20182019,2,PHI,4,PIT,3
2018020954,2019-02-23,20182019,2,EDM,2,ANA,1
2018020955,2019-02-23,20182019,2,VAN,0,NYI,4
2018020956,2019-02-24,20182019,2,WSH,6,NYR,5
2018020957,2019-02-24,20182019,2,DET,3,SJS,5
2018020958,2019-02-24,20182019,2,CHI,3,DAL,4
2018020959,2019-02-24,20182019,2,OTT,1,CGY,2
2018020960,2019-02-24,20182019,2,MIN,2,STL,1
2018020961,2019-02-24,20182019,2,ARI,4,WPG,1
2018020962,2019-02-25,20182019,2,TOR,5,BUF,3
2018020963,2019-02-25,20182019,2,NJD,2,MTL,1
2018020964,2019-02-25,20182019,2,TBL,4,LAK,3
2018020965,2019-02-25,20182019,2,NSH,3,EDM,2
2018020966,2019-02-25,20182019,2,COL,3,FLA,4
2018020967,2019-02-25,20182019,2,VAN,4,ANA,0
2018020968,2019-02-26,20182019,2,BOS,4,SJS,1
2018020969,2019-02-26,20182019,2,NYI,1,CGY,3
2018020970,2019-02-26,20182019,2,PHI,5,BUF,2
2018020971,2019-02-26,20182019,2,WSH,7,OTT,2
2018020972,2019-02-26,20182019,2,CAR,6,LAK,1
2018020973,2019-02-26,20182019,2,CBJ,2,PIT,5
2018020974,2019-02-26,20182019,2,DET,1,MTL,8
2018020975,2019-02-26,20182019,2,STL,2,NSH,0
2018020976,2019-02-26,20182019,2,WPG,2,MIN,3
2018020977,2019-02-26,20182019,2,ARI,4,FLA,3
2018020978,2019-02-26,20182019,2,VGK,4,DAL,1
2018020979,2019-02-27,20182019,2,TOR,6,EDM,2
2018020980,2019-02-27,20182019,2,NJD,1,CGY,2
2018020981,2019-02-27,20182019,2,NYR,3,TBL,4
2018020982,2019-02-27,20182019,2,COL,3,VAN,2
2018020983,2019-02-27,20182019,2,ANA,3,CHI,4
2018020984,2019-02-28,20182019,2,BOS,4,TBL,1
2018020985,2019-02-28,20182019,2,NYI,6,TOR,1
2018020986,2019-02-28,20182019,2,CBJ,4,PHI,3
2018020987,2019-02-28,20182019,2,OTT,2,EDM,4
2018020988,2019-02-28,20182019,2,ARI,5,VAN,2
2018020989,2019-02-28,20182019,2,VGK,6,FLA,5
2018020990,2019-02-28,20182019,2,LAK,3,DAL,4
2018020991,2019-03-01,20182019,2,BUF,4,PIT,3
2018020992,2019-03-01,20182019,2,NJD,3,PHI,6
2018020993,2019-03-01,20182019,2,NYI,1,WSH,3
2018020994,2019-03-01,20182019,2,NYR,2,MTL,4
2018020995,2019-03-01,20182019,2,CAR,5,STL,2
2018020996,2019-03-01,20182019,2,WPG,5,NSH,3
2018020997,2019-03-01,20182019,2,ANA,0,VGK,3
2018020998,2019-03-01,20182019,2,SJS,4,COL,3
2018020999,2019-03-02,20182019,2,CBJ,0,EDM,4
2018021000,2019-03-02,20182019,2,LAK,6,CHI,3
2018021001,2019-03-02,20182019,2,BOS,1,NJD,0
2018021002,2019-03-02,20182019,2,TOR,5,BUF,2
2018021003,2019-03-02,20182019,2,MTL,1,PIT,5
2018021004,2019-03-02,20182019,2,TBL,5,OTT,1
2018021005,2019-03-02,20182019,2,FLA,3,CAR,4
2018021006,2019-03-02,20182019,2,STL,1,DAL,4
2018021007,2019-03-02,20182019,2,ARI,3,DET,1
2018021008,2019-03-02,20182019,2,CGY,2,MIN,4
2018021009,2019-03-03,20182019,2,NYR,2,WSH,3
2018021010,2019-03-03,20182019,2,NYI,1,PHI,4
2018021011,2019-03-03,20182019,2,VGK,3,VAN,0
2018021012,2019-03-03,20182019,2,ANA,2,COL,1
2018021013,2019-03-03,20182019,2,FLA,2,OTT,3
2018021014,2019-03-03,20182019,2,CBJ,2,WPG,5
2018021015,2019-03-03,20182019,2,MIN,2,NSH,3
2018021016,2019-03-03,20182019,2,SJS,5,CHI,2
2018021017,2019-03-04,20182019,2,BUF,3,EDM,4
2018021018,2019-03-04,20182019,2,CGY,2,TOR,6
2018021019,2019-03-05,20182019,2,BOS,4,CAR,3
2018021020,2019-03-05,20182019,2,NJD,1,CBJ,2
2018021021,2019-03-05,20182019,2,NYI,5,OTT,4
2018021022,2019-03-05,20182019,2,PIT,3,FLA,2
2018021023,2019-03-05,20182019,2,TBL,5,WPG,2
2018021024,2019-03-05,20182019,2,NSH,5,MIN,4
2018021025,2019-03-05,20182019,2,DAL,1,NYR,0
2018021026,2019-03-05,20182019,2,COL,4,DET,3
2018021027,2019-03-05,20182019,2,ARI,1,ANA,3
2018021028,2019-03-05,20182019,2,LAK,1,MTL,3
2018021029,2019-03-06,20182019,2,PHI,3,WSH,5
2018021030,2019-03-06,20182019,2,VAN,3,TOR,2
2018021031,2019-03-06,20182019,2,ANA,4,STL,5
2018021032,2019-03-06,20182019,2,VGK,2,CGY,1
2018021033,2019-03-07,20182019,2,BOS,4,FLA,3
2018021034,2019-03-07,20182019,2,PIT,3,CBJ,0
2018021035,2019-03-07,20182019,2,OTT,2,NYI,4
2018021036,2019-03-07,20182019,2,DET,3,NYR,2
2018021037,2019-03-07,20182019,2,TBL,0,MIN,3
2018021038,2019-03-07,20182019,2,CHI,5,BUF,4
2018021039,2019-03-07,20182019,2,DAL,4,COL,0
2018021040,2019-03-07,20182019,2,EDM,3,VAN,2
2018021041,2019-03-07,20182019,2,ARI,2,CGY,0
2018021042,2019-03-07,20182019,2,LAK,0,STL,4
2018021043,2019-03-07,20182019,2,SJS,5,MTL,2
2018021044,2019-03-08,20182019,2,FLA,6,MIN,2
2018021045,2019-03-08,20182019,2,WSH,3,NJD,0
2018021046,2019-03-08,20182019,2,CAR,1,WPG,8
2018021047,2019-03-08,20182019,2,ANA,8,MTL,2
2018021048,2019-03-09,20182019,2,COL,3,BUF,0
2018021049,2019-03-09,20182019,2,SJS,3,STL,2
2018021050,2019-03-09,20182019,2,BOS,3,OTT,2
2018021051,2019-03-09,20182019,2,TBL,3,DET,2
2018021052,2019-03-09,20182019,2,NYI,2,PHI,5
2018021053,2019-03-09,20182019,2,NYR,4,NJD,2
2018021054,2019-03-09,20182019,2,CBJ,4,PIT,1
2018021055,2019-03-09,20182019,2,EDM,2,TOR,3
2018021056,2019-03-09,20182019,2,NSH,3,CAR,5
2018021057,2019-03-09,20182019,2,DAL,1,CHI,2
2018021058,2019-03-09,20182019,2,ARI,4,LAK,2
2018021059,2019-03-09,20182019,2,VAN,2,VGK,6
2018021060,2019-03-10,20182019,2,FLA,6,DET,1
2018021061,2019-03-10,20182019,2,WSH,3,WPG,1
2018021062,2019-03-10,20182019,2,PIT,4,BOS,2
2018021063,2019-03-10,20182019,2,CGY,6,VGK,3
2018021064,2019-03-10,20182019,2,ANA,2,LAK,3
2018021065,2019-03-11,20182019,2,TOR,2,TBL,6
2018021066,2019-03-11,20182019,2,NYI,2,CBJ,0
2018021067,2019-03-11,20182019,2,PHI,3,OTT,2
2018021068,2019-03-11,20182019,2,MIN,0,SJS,3
2018021069,2019-03-11,20182019,2,CHI,7,ARI,1
2018021070,2019-03-11,20182019,2,COL,0,CAR,3
2018021071,2019-03-11,20182019,2,EDM,3,NYR,2
2018021072,2019-03-12,20182019,2,BUF,0,DAL,2
2018021073,2019-03-12,20182019,2,PIT,5,WSH,3
2018021074,2019-03-12,20182019,2,CBJ,7,BOS,4
2018021075,2019-03-12,20182019,2,MTL,3,DET,1
2018021076,2019-03-12,20182019,2,STL,1,ARI,3
2018021077,2019-03-12,20182019,2,WPG,4,SJS,5
2018021078,2019-03-12,20182019,2,CGY,9,NJD,4
2018021079,2019-03-12,20182019,2,ANA,3,NSH,2
2018021080,2019-03-13,20182019,2,TOR,4,CHI,5
2018021081,2019-03-13,20182019,2,EDM,3,NJD,6
2018021082,2019-03-13,20182019,2,VAN,4,NYR,1
2018021083,2019-03-14,20182019,2,BUF,0,PIT,5
2018021084,2019-03-14,20182019,2,NYI,2,MTL,1
2018021085,2019-03-14,20182019,2,PHI,2,WSH,5
2018021086,2019-03-14,20182019,2,OTT,2,STL,0
2018021087,2019-03-14,20182019,2,DET,4,TBL,5
2018021088,2019-03-14,20182019,2,MIN,1,DAL,4
2018021089,2019-03-14,20182019,2,WPG,4,BOS,3
2018021090,2019-03-14,20182019,2,ARI,6,ANA,1
2018021091,2019-03-14,20182019,2,LAK,1,NSH,3
2018021092,2019-03-14,20182019,2,SJS,2,FLA,4
2018021093,2019-03-15,20182019,2,TOR,7,PHI,6
2018021094,2019-03-15,20182019,2,CBJ,3,CAR,0
2018021095,2019-03-15,20182019,2,DAL,1,VGK,2
2018021096,2019-03-15,20182019,2,COL,3,ANA,5
2018021097,2019-03-15,20182019,2,CGY,5,NYR,1
2018021098,2019-03-15,20182019,2,VAN,2,NJD,3
2018021099,2019-03-16,20182019,2,PIT,1,STL,5
2018021100,2019-03-16,20182019,2,DET,2,NYI,1
2018021101,2019-03-16,20182019,2,LAK,3,FLA,4
2018021102,2019-03-16,20182019,2,BOS,2,CBJ,1
2018021103,2019-03-16,20182019,2,MTL,0,CHI,2
2018021104,2019-03-16,20182019,2,OTT,6,TOR,2
2018021105,2019-03-16,20182019,2,TBL,6,WSH,3
2018021106,2019-03-16,20182019,2,CAR,4,BUF,2
2018021107,2019-03-16,20182019,2,WPG,2,CGY,1
2018021108,2019-03-16,20182019,2,MIN,5,NYR,2
2018021109,2019-03-16,20182019,2,ARI,2,EDM,3
2018021110,2019-03-16,20182019,2,SJS,2,NSH,4
2018021111,2019-03-17,20182019,2,COL,3,NJD,0
2018021112,2019-03-17,20182019,2,BUF,4,STL,3
2018021113,2019-03-17,20182019,2,MIN,2,NYI,3
2018021114,2019-03-17,20182019,2,DAL,2,VAN,3
2018021115,2019-03-17,20182019,2,PIT,1,PHI,2
2018021116,2019-03-17,20182019,2,ANA,3,FLA,2
2018021117,2019-03-17,20182019,2,VGK,6,EDM,3
2018021118,2019-03-18,20182019,2,TBL,4,ARI,1
2018021119,2019-03-18,20182019,2,CHI,2,VAN,3
2018021120,2019-03-18,20182019,2,LAK,2,WPG,3
2018021121,2019-03-18,20182019,2,SJS,3,VGK,7
2018021122,2019-03-19,20182019,2,NJD,1,WSH,4
2018021123,2019-03-19,20182019,2,NYI,0,BOS,5
2018021124,2019-03-19,20182019,2,NYR,2,DET,3
2018021125,2019-03-19,20182019,2,PHI,1,MTL,3
2018021126,2019-03-19,20182019,2,CAR,3,PIT,2
2018021127,2019-03-19,20182019,2,STL,7,EDM,2
2018021128,2019-03-19,20182019,2,NSH,3,TOR,0
2018021129,2019-03-19,20182019,2,MIN,1,COL,3
2018021130,2019-03-19,20182019,2,DAL,4,FLA,2
2018021131,2019-03-19,20182019,2,CGY,4,CBJ,2
2018021132,2019-03-20,20182019,2,BUF,2,TOR,4
2018021133,2019-03-20,20182019,2,WSH,4,TBL,5
2018021134,2019-03-20,20182019,2,VAN,7,OTT,4
2018021135,2019-03-20,20182019,2,ANA,0,WPG,3
2018021136,2019-03-21,20182019,2,FLA,4,ARI,2
2018021137,2019-03-21,20182019,2,NJD,1,BOS,5
2018021138,2019-03-21,20182019,2,CAR,3,TBL,6
2018021139,2019-03-21,20182019,2,MTL,4,NYI,0
2018021140,2019-03-21,20182019,2,STL,5,DET,2
2018021141,2019-03-21,20182019,2,NSH,1,PIT,2
2018021142,2019-03-21,20182019,2,CHI,1,PHI,3
2018021143,2019-03-21,20182019,2,DAL,1,COL,3
2018021144,2019-03-21,20182019,2,CGY,5,OTT,1
2018021145,2019-03-21,20182019,2,EDM,4,CBJ,1
2018021146,2019-03-21,20182019,2,VGK,5,WPG,0
2018021147,2019-03-21,20182019,2,LAK,4,SJS,2
2018021148,2019-03-22,20182019,2,WSH,1,MIN,2
2018021149,2019-03-22,20182019,2,ANA,4,SJS,3
2018021150,2019-03-23,20182019,2,NJD,2,ARI,1
2018021151,2019-03-23,20182019,2,PHI,2,NYI,4
2018021152,2019-03-23,20182019,2,COL,4,CHI,2
2018021153,2019-03-23,20182019,2,EDM,3,OTT,4
2018021154,2019-03-23,20182019,2,TOR,1,NYR,2
2018021155,2019-03-23,20182019,2,MTL,7,BUF,4
2018021156,2019-03-23,20182019,2,FLA,3,BOS,7
2018021157,2019-03-23,20182019,2,CAR,5,MIN,1
2018021158,2019-03-23,20182019,2,WPG,5,NSH,0
2018021159,2019-03-23,20182019,2,STL,4,TBL,3
2018021160,2019-03-23,20182019,2,DAL,2,PIT,3
2018021161,2019-03-23,20182019,2,VAN,1,CGY,3
2018021162,2019-03-23,20182019,2,VGK,2,DET,3
2018021163,2019-03-23,20182019,2,LAK,4,ANA,3
2018021164,2019-03-24,20182019,2,WSH,3,PHI,1
2018021165,2019-03-24,20182019,2,NYI,2,ARI,0
2018021166,2019-03-24,20182019,2,CAR,2,MTL,1
2018021167,2019-03-24,20182019,2,CHI,2,COL,1
2018021168,2019-03-24,20182019,2,VAN,0,CBJ,5
2018021169,2019-03-25,20182019,2,TOR,7,FLA,5
2018021170,2019-03-25,20182019,2,NJD,3,BUF,1
2018021171,2019-03-25,20182019,2,NYR,2,PIT,5
2018021172,2019-03-25,20182019,2,TBL,5,BOS,4
2018021173,2019-03-25,20182019,2,STL,3,VGK,1
2018021174,2019-03-25,20182019,2,MIN,0,NSH,1
2018021175,2019-03-25,20182019,2,WPG,2,DAL,5
2018021176,2019-03-25,20182019,2,CGY,0,LAK,3
2018021177,2019-03-25,20182019,2,SJS,2,DET,3
2018021178,2019-03-26,20182019,2,WSH,4,CAR,1
2018021179,2019-03-26,20182019,2,CBJ,4,NYI,0
2018021180,2019-03-26,20182019,2,MTL,6,FLA,1
2018021181,2019-03-26,20182019,2,OTT,4,BUF,0
2018021182,2019-03-26,20182019,2,EDM,8,LAK,4
2018021183,2019-03-26,20182019,2,VAN,4,ANA,5
2018021184,2019-03-26,20182019,2,ARI,1,CHI,0
2018021185,2019-03-27,20182019,2,PHI,5,TOR,4
2018021186,2019-03-27,20182019,2,BOS,6,NYR,3
2018021187,2019-03-27,20182019,2,CGY,1,DAL,2
2018021188,2019-03-27,20182019,2,COL,4,VGK,3
2018021189,2019-03-28,20182019,2,BUF,4,DET,5
2018021190,2019-03-28,20182019,2,CAR,2,WSH,3
2018021191,2019-03-28,20182019,2,CBJ,6,MTL,2
2018021192,2019-03-28,20182019,2,OTT,2,FLA,5
2018021193,2019-03-28,20182019,2,WPG,4,NYI,5
2018021194,2019-03-28,20182019,2,EDM,2,DAL,3
2018021195,2019-03-28,20182019,2,VAN,3,LAK,2
2018021196,2019-03-28,20182019,2,SJS,4,CHI,5
2018021197,2019-03-29,20182019,2,NYR,4,STL,2
2018021198,2019-03-29,20182019,2,PIT,1,NSH,3
2018021199,2019-03-29,20182019,2,DET,4,NJD,0
2018021200,2019-03-29,20182019,2,COL,3,ARI,2
2018021201,2019-03-29,20182019,2,CGY,6,ANA,1
2018021202,2019-03-29,20182019,2,VGK,2,MIN,3
2018021203,2019-03-30,20182019,2,CAR,5,PHI,2
2018021204,2019-03-30,20182019,2,BOS,1,FLA,4
2018021205,2019-03-30,20182019,2,OTT,4,TOR,2
2018021206,2019-03-30,20182019,2,TBL,3,WSH,6
2018021207,2019-03-30,20182019,2,NJD,2,STL,3
2018021208,2019-03-30,20182019,2,NYI,5,BUF,1
2018021209,2019-03-30,20182019,2,WPG,1,MTL,3
2018021210,2019-03-30,20182019,2,NSH,2,CBJ,5
2018021211,2019-03-30,20182019,2,SJS,4,VGK,3
2018021212,2019-03-30,20182019,2,EDM,1,ANA,5
2018021213,2019-03-30,20182019,2,VAN,3,DAL,2
2018021214,2019-03-30,20182019,2,LAK,3,CHI,2
2018021215,2019-03-31,20182019,2,PHI,0,NYR,3
2018021216,2019-03-31,20182019,2,PIT,3,CAR,1
2018021217,2019-03-31,20182019,2,ARI,4,MIN,0
2018021218,2019-03-31,20182019,2,BUF,0,CBJ,4
2018021219,2019-03-31,20182019,2,DET,6,BOS,3
2018021220,2019-03-31,20182019,2,SJS,3,CGY,5
2018021221,2019-04-01,20182019,2,FLA,5,WSH,3
2018021222,2019-04-01,20182019,2,NJD,4,NYR,2
2018021223,2019-04-01,20182019,2,NYI,1,TOR,2
2018021224,2019-04-01,20182019,2,OTT,2,TBL,5
2018021225,2019-04-01,20182019,2,STL,3,COL,2
2018021226,2019-04-01,20182019,2,CHI,3,WPG,4
2018021227,2019-04-01,20182019,2,VGK,3,EDM,1
2018021228,2019-04-01,20182019,2,LAK,2,CGY,7
2018021229,2019-04-02,20182019,2,BUF,2,NSH,3
2018021230,2019-04-02,20182019,2,CBJ,2,BOS,6
2018021231,2019-04-02,20182019,2,TOR,1,CAR,4
2018021232,2019-04-02,20182019,2,MTL,4,TBL,2
2018021233,2019-04-02,20182019,2,DET,4,PIT,1
2018021234,2019-04-02,20182019,2,MIN,5,WPG,1
2018021235,2019-04-02,20182019,2,DAL,6,PHI,2
2018021236,2019-04-02,20182019,2,COL,6,EDM,2
2018021237,2019-04-02,20182019,2,VAN,4,SJS,2
2018021238,2019-04-02,20182019,2,ARI,1,LAK,3
2018021239,2019-04-03,20182019,2,NYR,1,OTT,4
2018021240,2019-04-03,20182019,2,CHI,4,STL,3
2018021241,2019-04-03,20182019,2,ANA,3,CGY,1
2018021242,2019-04-04,20182019,2,BUF,5,OTT,2
2018021243,2019-04-04,20182019,2,TOR,1,TBL,3
2018021244,2019-04-04,20182019,2,FLA,1,NYI,2
2018021245,2019-04-04,20182019,2,PIT,4,DET,1
2018021246,2019-04-04,20182019,2,WSH,2,MTL,1
2018021247,2019-04-04,20182019,2,CAR,3,NJD,1
2018021248,2019-04-04,20182019,2,STL,7,PHI,3
2018021249,2019-04-04,20182019,2,NSH,3,VAN,2
2018021250,2019-04-04,20182019,2,MIN,0,BOS,3
2018021251,2019-04-04,20182019,2,COL,3,WPG,2
2018021252,2019-04-04,20182019,2,EDM,2,SJS,3
2018021253,2019-04-04,20182019,2,VGK,1,ARI,4
2018021254,2019-04-05,20182019,2,NYR,2,CBJ,3
2018021255,2019-04-05,20182019,2,CHI,6,DAL,1
2018021256,2019-04-05,20182019,2,ANA,5,LAK,2
2018021257,2019-04-06,20182019,2,BOS,3,TBL,6
2018021258,2019-04-06,20182019,2,STL,3,VAN,2
2018021259,2019-04-06,20182019,2,MTL,6,TOR,5
2018021260,2019-04-06,20182019,2,OTT,2,CBJ,6
2018021261,2019-04-06,20182019,2,DET,1,BUF,7
2018021262,2019-04-06,20182019,2,FLA,3,NJD,4
2018021263,2019-04-06,20182019,2,PHI,3,CAR,4
2018021264,2019-04-06,20182019,2,PIT,3,NYR,4
2018021265,2019-04-06,20182019,2,WSH,0,NYI,3
2018021266,2019-04-06,20182019,2,NSH,5,CHI,2
2018021267,2019-04-06,20182019,2,DAL,3,MIN,0
2018021268,2019-04-06,20182019,2,CGY,1,EDM,3
2018021269,2019-04-06,20182019,2,ARI,2,WPG,4
2018021270,2019-04-06,20182019,2,LAK,5,VGK,2
2018021271,2019-04-06,20182019,2,SJS,5,COL,2
2018030111,2019-04-10,20182019,3,TBL,3,CBJ,4
2018030141,2019-04-10,20182019,3,NYI,4,PIT,3
2018030151,2019-04-10,20182019,3,NSH,2,DAL,3
2018030161,2019-04-10,20182019,3,WPG,1,STL,2
2018030181,2019-04-10,20182019,3,SJS,5,VGK,2
2018030121,2019-04-11,20182019,3,BOS,1,TOR,4
2018030131,2019-04-11,20182019,3,WSH,4,CAR,2
2018030171,2019-04-11,20182019,3,CGY,4,COL,0
2018030112,2019-04-12,20182019,3,TBL,1,CBJ,5
2018030142,2019-04-12,20182019,3,NYI,3,PIT,1
2018030162,2019-04-12,20182019,3,WPG,3,STL,4
2018030182,2019-04-12,20182019,3,SJS,3,VGK,5
2018030122,2019-04-13,20182019,3,BOS,4,TOR,1
2018030132,2019-04-13,20182019,3,WSH,4,CAR,3
2018030152,2019-04-13,20182019,3,NSH,2,DAL,1
2018030172,2019-04-13,20182019,3,CGY,2,COL,3
2018030113,2019-04-14,20182019,3,CBJ,3,TBL,1
2018030143,2019-04-14,20182019,3,PIT,1,NYI,4
2018030163,2019-04-14,20182019,3,STL,3,WPG,6
2018030183,2019-04-14,20182019,3,VGK,6,SJS,3
2018030123,2019-04-15,20182019,3,TOR,3,BOS,2
2018030133,2019-04-15,20182019,3,CAR,5,WSH,0
2018030153,2019-04-15,20182019,3,DAL,2,NSH,3
2018030173,2019-04-15,20182019,3,COL,6,CGY,2
2018030114,2019-04-16,20182019,3,CBJ,7,TBL,3
2018030144,2019-04-16,20182019,3,PIT,1,NYI,3
2018030164,2019-04-16,20182019,3,STL,1,WPG,2
2018030184,2019-04-16,20182019,3,VGK,5,SJS,0
2018030124,2019-04-17,20182019,3,TOR,4,BOS,6
2018030154,2019-04-17,20182019,3,DAL,5,NSH,1
2018030174,2019-04-17,20182019,3,COL,3,CGY,2
2018030134,2019-04-18,20182019,3,CAR,2,WSH,1
2018030165,2019-04-18,20182019,3,WPG,2,STL,3
2018030185,2019-04-18,20182019,3,SJS,5,VGK,2
2018030125,2019-04-19,20182019,3,BOS,1,TOR,2
2018030175,2019-04-19,20182019,3,CGY,1,COL,5
2018030135,2019-04-20,20182019,3,WSH,6,CAR,0
2018030155,2019-04-20,20182019,3,NSH,3,DAL,5
2018030166,2019-04-20,20182019,3,STL,3,WPG,2
2018030126,2019-04-21,20182019,3,TOR,2,BOS,4
2018030186,2019-04-21,20182019,3,VGK,1,SJS,2
2018030136,2019-04-22,20182019,3,CAR,5,WSH,2
2018030156,2019-04-22,20182019,3,DAL,2,NSH,1
2018030127,2019-04-23,20182019,3,BOS,5,TOR,1
2018030187,2019-04-23,20182019,3,SJS,5,VGK,4
2018030137,2019-04-24,20182019,3,WSH,3,CAR,4
2018030211,2019-04-25,20182019,3,BOS,3,CBJ,2
2018030231,2019-04-25,20182019,3,STL,3,DAL,2
2018030221,2019-04-26,20182019,3,NYI,0,CAR,1
2018030241,2019-04-26,20182019,3,SJS,5,COL,2
2018030212,2019-04-27,20182019,3,BOS,2,CBJ,3
2018030232,2019-04-27,20182019,3,STL,2,DAL,4
2018030222,2019-04-28,20182019,3,NYI,1,CAR,2
2018030242,2019-04-28,20182019,3,SJS,3,COL,4
2018030233,2019-04-29,20182019,3,DAL,3,STL,4
2018030213,2019-04-30,20182019,3,CBJ,2,BOS,1
2018030243,2019-04-30,20182019,3,COL,2,SJS,4
2018030223,2019-05-01,20182019,3,CAR,5,NYI,2
2018030234,2019-05-01,20182019,3,DAL,4,STL,2
2018030214,2019-05-02,20182019,3,CBJ,1,BOS,4
2018030244,2019-05-02,20182019,3,COL,3,SJS,0
2018030224,2019-05-03,20182019,3,CAR,5,NYI,2
2018030235,2019-05-03,20182019,3,STL,1,DAL,2
2018030215,2019-05-04,20182019,3,BOS,4,CBJ,3
2018030245,2019-05-04,20182019,3,SJS,2,COL,1
2018030236,2019-05-05,20182019,3,DAL,1,STL,4
2018030216,2019-05-06,20182019,3,CBJ,0,BOS,3
2018030246,2019-05-06,20182019,3,COL,4,SJS,3
2018030237,2019-05-07,20182019,3,STL,2,DAL,1
2018030247,2019-05-08,20182019,3,SJS,3,COL,2
2018030311,2019-05-09,20182019,3,BOS,5,CAR,2
2018030321,2019-05-11,20182019,3,SJS,6,STL,3
2018030312,2019-05-12,20182019,3,BOS,6,CAR,2
2018030322,2019-05-13,20182019,3,SJS,2,STL,4
2018030313,2019-05-14,20182019,3,CAR,1,BOS,2
2018030323,2019-05-15,20182019,3,STL,4,SJS,5
2018030314,2019-05-16,20182019,3,CAR,0,BOS,4
2018030324,2019-05-17,20182019,3,STL,2,SJS,1
2018030325,2019-05-19,20182019,3,SJS,0,STL,5
2018030326,2019-05-21,20182019,3,STL,5,SJS,1
2018030411,2019-05-27,20182019,3,BOS,4,STL,2
2018030412,2019-05-29,20182019,3,BOS,2,STL,3
2018030413,2019-06-01,20182019,3,STL,2,BOS,7
2018030414,2019-06-03,20182019,3,STL,4,BOS,2
2018030415,2019-06-06,20182019,3,BOS,1,STL,2
2018030416,2019-06-09,20182019,3,STL,1,BOS,5
2018030417,2019-06-12,20182019,3,BOS,1,STL,4
2019020001,2019-10-02,20192020,2,TOR,5,OTT,3
2019020002,2019-10-02,20192020,2,STL,2,WSH,3
2019020003,2019-10-02,20192020,2,EDM,3,VAN,2
2019020004,2019-10-02,20192020,2,VGK,4,SJS,1
2019020005,2019-10-03,20192020,2,TBL,5,FLA,2
2019020006,2019-10-03,20192020,2,NYR,6,WPG,4
2019020007,2019-10-03,20192020,2,PIT,1,BUF,3
2019020008,2019-10-03,20192020,2,CAR,4,MTL,3
2019020009,2019-10-03,20192020,2,NSH,5,MIN,2
2019020010,2019-10-03,20192020,2,DAL,1,BOS,2
2019020011,2019-10-03,20192020,2,COL,5,CGY,3
2019020012,2019-10-03,20192020,2,ANA,2,ARI,1
2019020013,2019-10-04,20192020,2,NJD,4,WPG,5
2019020014,2019-10-04,20192020,2,NYI,1,WSH,2
2019020015,2019-10-04,20192020,2,CBJ,1,TOR,4
2019020016,2019-10-04,20192020,2,PHI,4,CHI,3
2019020017,2019-10-04,20192020,2,SJS,1,VGK,5
2019020018,2019-10-05,20192020,2,BUF,7,NJD,2
2019020019,2019-10-05,20192020,2,TOR,5,MTL,6
2019020020,2019-10-05,20192020,2,OTT,1,NYR,4
2019020021,2019-10-05,20192020,2,FLA,4,TBL,3
2019020022,2019-10-05,20192020,2,PIT,7,CBJ,2
2019020023,2019-10-05,20192020,2,WSH,2,CAR,3
2019020024,2019-10-05,20192020,2,STL,3,DAL,2
2019020025,2019-10-05,20192020,2,NSH,3,DET,5
2019020026,2019-10-05,20192020,2,COL,4,MIN,2
2019020027,2019-10-05,20192020,2,ARI,0,BOS,1
2019020028,2019-10-05,20192020,2,CGY,3,VAN,0
2019020029,2019-10-05,20192020,2,EDM,6,LAK,5
2019020030,2019-10-05,20192020,2,ANA,3,SJS,1
2019020031,2019-10-06,20192020,2,CAR,4,TBL,3
2019020032,2019-10-06,20192020,2,DET,4,DAL,3
2019020033,2019-10-06,20192020,2,NYI,4,WPG,1
2019020034,2019-10-07,20192020,2,TOR,2,STL,3
2019020035,2019-10-07,20192020,2,CBJ,4,BUF,3
2019020036,2019-10-08,20192020,2,FLA,3,CAR,6
2019020037,2019-10-08,20192020,2,NYI,2,EDM,5
2019020038,2019-10-08,20192020,2,PIT,1,WPG,4
2019020039,2019-10-08,20192020,2,WSH,3,DAL,4
2019020040,2019-10-08,20192020,2,DET,1,ANA,3
2019020041,2019-10-08,20192020,2,NSH,5,SJS,2
2019020042,2019-10-08,20192020,2,CGY,3,LAK,4
2019020043,2019-10-08,20192020,2,VGK,3,BOS,4
2019020044,2019-10-09,20192020,2,BUF,5,MTL,4
2019020045,2019-10-09,20192020,2,PHI,4,NJD,0
2019020046,2019-10-09,20192020,2,VAN,8,LAK,2
2019020047,2019-10-10,20192020,2,TOR,3,TBL,7
2019020048,2019-10-10,20192020,2,MTL,2,DET,4
2019020049,2019-10-10,20192020,2,NJD,3,EDM,4
2019020050,2019-10-10,20192020,2,PIT,2,ANA,1
2019020051,2019-10-10,20192020,2,OTT,4,STL,6
2019020052,2019-10-10,20192020,2,NSH,6,WSH,5
2019020053,2019-10-10,20192020,2,WPG,5,MIN,2
2019020054,2019-10-10,20192020,2,CHI,4,SJS,5
2019020055,2019-10-10,20192020,2,DAL,2,CGY,3
2019020056,2019-10-10,20192020,2,COL,4,BOS,2
2019020057,2019-10-10,20192020,2,ARI,4,VGK,1
2019020058,2019-10-11,20192020,2,BUF,3,FLA,2
2019020059,2019-10-11,20192020,2,CBJ,1,ANA,2
2019020060,2019-10-11,20192020,2,CAR,5,NYI,2
2019020061,2019-10-12,20192020,2,NYR,1,EDM,4
2019020062,2019-10-12,20192020,2,OTT,4,TBL,2
2019020063,2019-10-12,20192020,2,LAK,7,NSH,4
2019020064,2019-10-12,20192020,2,BOS,3,NJD,0
2019020065,2019-10-12,20192020,2,MTL,6,STL,3
2019020066,2019-10-12,20192020,2,DET,2,TOR,5
2019020067,2019-10-12,20192020,2,NYI,3,FLA,2
2019020068,2019-10-12,20192020,2,CAR,2,CBJ,3
2019020069,2019-10-12,20192020,2,CHI,2,WPG,3
2019020070,2019-10-12,20192020,2,DAL,1,WSH,4
2019020071,2019-10-12,20192020,2,MIN,4,PIT,7
2019020072,2019-10-12,20192020,2,COL,3,ARI,2
2019020073,2019-10-12,20192020,2,VAN,3,PHI,2
2019020074,2019-10-12,20192020,2,VGK,6,CGY,2
2019020075,2019-10-13,20192020,2,WPG,2,PIT,7
2019020076,2019-10-13,20192020,2,LAK,2,VGK,5
2019020077,2019-10-13,20192020,2,SJS,3,CGY,1
2019020078,2019-10-14,20192020,2,BOS,4,ANA,2
2019020079,2019-10-14,20192020,2,OTT,0,MIN,2
2019020080,2019-10-14,20192020,2,NJD,4,FLA,6
2019020081,2019-10-14,20192020,2,NYI,3,STL,2
2019020082,2019-10-14,20192020,2,BUF,4,DAL,0
2019020083,2019-10-14,20192020,2,WSH,3,COL,6
2019020084,2019-10-14,20192020,2,CHI,3,EDM,1
2019020085,2019-10-15,20192020,2,TOR,4,MIN,2
2019020086,2019-10-15,20192020,2,MTL,1,TBL,3
2019020087,2019-10-15,20192020,2,WPG,2,ARI,4
2019020088,2019-10-15,20192020,2,CGY,3,PHI,1
2019020089,2019-10-15,20192020,2,VAN,5,DET,1
2019020090,2019-10-15,20192020,2,VGK,2,NSH,5
2019020091,2019-10-15,20192020,2,LAK,0,CAR,2
2019020092,2019-10-16,20192020,2,PIT,3,COL,2
2019020093,2019-10-16,20192020,2,WSH,4,TOR,3
2019020094,2019-10-16,20192020,2,CBJ,3,DAL,2
2019020095,2019-10-16,20192020,2,EDM,6,PHI,3
2019020096,2019-10-16,20192020,2,ANA,5,BUF,2
2019020097,2019-10-16,20192020,2,SJS,5,CAR,2
2019020098,2019-10-17,20192020,2,BOS,3,TBL,4
2019020099,2019-10-17,20192020,2,MTL,4,MIN,0
2019020100,2019-10-17,20192020,2,NJD,5,NYR,2
2019020101,2019-10-17,20192020,2,STL,3,VAN,4
2019020102,2019-10-17,20192020,2,WPG,1,NYI,3
2019020103,2019-10-17,20192020,2,CGY,5,DET,1
2019020104,2019-10-17,20192020,2,ARI,5,NSH,2
2019020105,2019-10-17,20192020,2,VGK,3,OTT,2
2019020106,2019-10-17,20192020,2,LAK,0,BUF,3
2019020107,2019-10-18,20192020,2,FLA,4,COL,5
2019020108,2019-10-18,20192020,2,PIT,4,DAL,2
2019020109,2019-10-18,20192020,2,WSH,5,NYR,2
2019020110,2019-10-18,20192020,2,CHI,3,CBJ,2
2019020111,2019-10-18,20192020,2,EDM,2,DET,1
2019020112,2019-10-18,20192020,2,ANA,4,CAR,2
2019020113,2019-10-19,20192020,2,NJD,1,VAN,0
2019020114,2019-10-19,20192020,2,STL,2,MTL,5
2019020115,2019-10-19,20192020,2,TOR,4,BOS,3
2019020116,2019-10-19,20192020,2,TBL,2,COL,6
2019020117,2019-10-19,20192020,2,PHI,1,DAL,4
2019020118,2019-10-19,20192020,2,PIT,0,VGK,3
2019020119,2019-10-19,20192020,2,CBJ,2,NYI,3
2019020120,2019-10-19,20192020,2,ARI,5,OTT,2
2019020121,2019-10-19,20192020,2,NSH,2,FLA,3
2019020122,2019-10-19,20192020,2,LAK,4,CGY,1
2019020123,2019-10-19,20192020,2,SJS,3,BUF,4
2019020124,2019-10-20,20192020,2,NYR,2,VAN,3
2019020125,2019-10-20,20192020,2,MIN,4,MTL,3
2019020126,2019-10-20,20192020,2,CHI,3,WSH,5
2019020127,2019-10-20,20192020,2,WPG,1,EDM,0
2019020128,2019-10-20,20192020,2,ANA,1,CGY,2
2019020129,2019-10-21,20192020,2,TOR,3,CBJ,4
2019020130,2019-10-21,20192020,2,PHI,6,VGK,2
2019020131,2019-10-21,20192020,2,STL,3,COL,1
2019020132,2019-10-21,20192020,2,DAL,2,OTT,1
2019020133,2019-10-22,20192020,2,BOS,4,TOR,2
2019020134,2019-10-22,20192020,2,BUF,4,SJS,3
2019020135,2019-10-22,20192020,2,FLA,4,PIT,2
2019020136,2019-10-22,20192020,2,NYR,2,ARI,3
2019020137,2019-10-22,20192020,2,DET,2,VAN,5
2019020138,2019-10-22,20192020,2,NSH,6,ANA,1
2019020139,2019-10-22,20192020,2,MIN,3,EDM,0
2019020140,2019-10-22,20192020,2,WPG,2,LAK,3
2019020141,2019-10-22,20192020,2,CHI,1,VGK,2
2019020142,2019-10-22,20192020,2,CGY,3,WSH,5
2019020143,2019-10-23,20192020,2,OTT,5,DET,2
2019020144,2019-10-23,20192020,2,TBL,3,PIT,2
2019020145,2019-10-24,20192020,2,MTL,2,SJS,4
2019020146,2019-10-24,20192020,2,NYI,4,ARI,2
2019020147,2019-10-24,20192020,2,NYR,6,BUF,2
2019020148,2019-10-24,20192020,2,CBJ,4,CAR,3
2019020149,2019-10-24,20192020,2,STL,5,LAK,2
2019020150,2019-10-24,20192020,2,NSH,4,MIN,0
2019020151,2019-10-24,20192020,2,CHI,1,PHI,4
2019020152,2019-10-24,20192020,2,DAL,2,ANA,1
2019020153,2019-10-24,20192020,2,CGY,6,FLA,5
2019020154,2019-10-24,20192020,2,EDM,4,WSH,3
2019020155,2019-10-25,20192020,2,VGK,1,COL,6
2019020156,2019-10-25,20192020,2,TOR,4,SJS,1
2019020157,2019-10-25,20192020,2,NJD,3,ARI,5
2019020158,2019-10-25,20192020,2,OTT,2,NYI,4
2019020159,2019-10-25,20192020,2,DET,0,BUF,2
2019020160,2019-10-25,20192020,2,VAN,5,WSH,6
2019020161,2019-10-26,20192020,2,CAR,4,CHI,0
2019020162,2019-10-26,20192020,2,BOS,3,STL,0
2019020163,2019-10-26,20192020,2,MTL,5,TOR,2
2019020164,2019-10-26,20192020,2,TBL,2,NSH,3
2019020165,2019-10-26,20192020,2,PHI,7,CBJ,4
2019020166,2019-10-26,20192020,2,DAL,0,PIT,3
2019020167,2019-10-26,20192020,2,MIN,5,LAK,1
2019020168,2019-10-26,20192020,2,WPG,2,CGY,1
2019020169,2019-10-26,20192020,2,COL,2,ANA,5
2019020170,2019-10-27,20192020,2,EDM,2,FLA,6
2019020171,2019-10-27,20192020,2,DET,4,STL,5
2019020172,2019-10-27,20192020,2,OTT,5,SJS,2
2019020173,2019-10-27,20192020,2,NYI,5,PHI,3
2019020174,2019-10-27,20192020,2,NYR,4,BOS,7
2019020175,2019-10-27,20192020,2,CHI,5,LAK,1
2019020176,2019-10-27,20192020,2,VGK,5,ANA,2
2019020177,2019-10-28,20192020,2,BUF,2,ARI,3
2019020178,2019-10-28,20192020,2,VAN,7,FLA,2
2019020179,2019-10-29,20192020,2,BOS,5,SJS,1
2019020180,2019-10-29,20192020,2,TOR,3,WSH,4
2019020181,2019-10-29,20192020,2,NYR,4,TBL,1
2019020182,2019-10-29,20192020,2,PIT,7,PHI,1
2019020183,2019-10-29,20192020,2,CAR,2,CGY,1
2019020184,2019-10-29,20192020,2,DET,3,EDM,1
2019020185,2019-10-29,20192020,2,NSH,3,CHI,0
2019020186,2019-10-29,20192020,2,DAL,6,MIN,3
2019020187,2019-10-29,20192020,2,ANA,7,WPG,4
2019020188,2019-10-30,20192020,2,NJD,6,TBL,7
2019020189,2019-10-30,20192020,2,CBJ,1,EDM,4
2019020190,2019-10-30,20192020,2,STL,2,MIN,1
2019020191,2019-10-30,20192020,2,COL,3,FLA,4
2019020192,2019-10-30,20192020,2,ARI,1,MTL,4
2019020193,2019-10-30,20192020,2,LAK,3,VAN,5
2019020194,2019-10-31,20192020,2,NSH,5,CGY,6
2019020195,2019-10-31,20192020,2,VGK,4,MTL,5
2019020196,2019-11-01,20192020,2,NJD,3,PHI,4
2019020197,2019-11-01,20192020,2,NYI,5,TBL,2
2019020198,2019-11-01,20192020,2,WSH,6,BUF,1
2019020199,2019-11-01,20192020,2,CAR,7,DET,3
2019020200,2019-11-01,20192020,2,STL,4,CBJ,3
2019020201,2019-11-01,20192020,2,COL,1,DAL,2
2019020202,2019-11-01,20192020,2,ANA,2,VAN,1
2019020203,2019-11-01,20192020,2,SJS,2,WPG,3
2019020204,2019-11-02,20192020,2,PIT,1,EDM,2
2019020205,2019-11-02,20192020,2,NSH,1,NYR,2
2019020206,2019-11-02,20192020,2,BOS,5,OTT,2
2019020207,2019-11-02,20192020,2,BUF,0,NYI,1
2019020208,2019-11-02,20192020,2,FLA,4,DET,0
2019020209,2019-11-02,20192020,2,PHI,3,TOR,4
2019020210,2019-11-02,20192020,2,CAR,3,NJD,5
2019020211,2019-11-02,20192020,2,CBJ,0,CGY,3
2019020212,2019-11-02,20192020,2,DAL,4,MTL,1
2019020213,2019-11-02,20192020,2,MIN,3,STL,4
2019020214,2019-11-02,20192020,2,ARI,3,COL,0
2019020215,2019-11-02,20192020,2,VGK,3,WPG,4
2019020216,2019-11-02,20192020,2,SJS,2,VAN,5
2019020217,2019-11-02,20192020,2,LAK,4,CHI,3
2019020218,2019-11-03,20192020,2,WSH,4,CGY,2
2019020219,2019-11-03,20192020,2,ANA,2,CHI,3
2019020220,2019-11-04,20192020,2,BOS,6,PIT,4
2019020221,2019-11-04,20192020,2,NYR,2,OTT,6
2019020222,2019-11-04,20192020,2,DET,1,NSH,6
2019020223,2019-11-04,20192020,2,EDM,2,ARI,3
2019020224,2019-11-05,20192020,2,MTL,5,BOS,4
2019020225,2019-11-05,20192020,2,NYI,4,OTT,1
2019020226,2019-11-05,20192020,2,PHI,4,CAR,1
2019020227,2019-11-05,20192020,2,CBJ,1,VGK,2
2019020228,2019-11-05,20192020,2,TOR,3,LAK,1
2019020229,2019-11-05,20192020,2,WPG,1,NJD,2
2019020230,2019-11-05,20192020,2,DAL,4,COL,1
2019020231,2019-11-05,20192020,2,CGY,4,ARI,3
2019020232,2019-11-05,20192020,2,VAN,1,STL,2
2019020233,2019-11-05,20192020,2,ANA,2,MIN,4
2019020234,2019-11-05,20192020,2,SJS,4,CHI,2
2019020235,2019-11-06,20192020,2,NYR,5,DET,1
2019020236,2019-11-06,20192020,2,EDM,2,STL,5
2019020237,2019-11-07,20192020,2,TOR,2,VGK,1
2019020238,2019-11-07,20192020,2,FLA,4,WSH,5
2019020239,2019-11-07,20192020,2,NYI,3,PIT,4
2019020240,2019-11-07,20192020,2,PHI,3,MTL,2
2019020241,2019-11-07,20192020,2,CAR,2,NYR,4
2019020242,2019-11-07,20192020,2,OTT,3,LAK,2
2019020243,2019-11-07,20192020,2,CHI,5,VAN,2
2019020244,2019-11-07,20192020,2,COL,9,NSH,4
2019020245,2019-11-07,20192020,2,CGY,5,NJD,2
2019020246,2019-11-07,20192020,2,ARI,2,CBJ,3
2019020247,2019-11-07,20192020,2,SJS,6,MIN,5
2019020248,2019-11-08,20192020,2,DET,4,BOS,2
2019020249,2019-11-08,20192020,2,BUF,2,TBL,3
2019020250,2019-11-08,20192020,2,WPG,4,VAN,1
2019020251,2019-11-08,20192020,2,EDM,4,NJD,0
2019020252,2019-11-09,20192020,2,NYI,2,FLA,1
2019020253,2019-11-09,20192020,2,TOR,2,PHI,3
2019020254,2019-11-09,20192020,2,MTL,3,LAK,2
2019020255,2019-11-09,20192020,2,OTT,4,CAR,1
2019020256,2019-11-09,20192020,2,TBL,5,BUF,3
2019020257,2019-11-09,20192020,2,PIT,3,CHI,2
2019020258,2019-11-09,20192020,2,WSH,5,VGK,2
2019020259,2019-11-09,20192020,2,ARI,3,MIN,4
2019020260,2019-11-09,20192020,2,COL,4,CBJ,2
2019020261,2019-11-09,20192020,2,CGY,2,STL,3
2019020262,2019-11-09,20192020,2,SJS,2,NSH,1
2019020263,2019-11-10,20192020,2,NYR,5,FLA,6
2019020264,2019-11-10,20192020,2,WPG,3,DAL,2
2019020265,2019-11-10,20192020,2,VAN,1,NJD,2
2019020266,2019-11-10,20192020,2,DET,3,VGK,2
2019020267,2019-11-10,20192020,2,BOS,2,PHI,3
2019020268,2019-11-10,20192020,2,CHI,5,TOR,4
2019020269,2019-11-10,20192020,2,ANA,2,EDM,6
2019020270,2019-11-11,20192020,2,WSH,3,ARI,4
2019020271,2019-11-11,20192020,2,CAR,8,OTT,2
2019020272,2019-11-12,20192020,2,BOS,4,FLA,5
2019020273,2019-11-12,20192020,2,MTL,3,CBJ,2
2019020274,2019-11-12,20192020,2,NYR,3,PIT,2
2019020275,2019-11-12,20192020,2,STL,2,ARI,3
2019020276,2019-11-12,20192020,2,WPG,0,COL,4
2019020277,2019-11-12,20192020,2,VAN,5,NSH,3
2019020278,2019-11-12,20192020,2,ANA,3,DET,4
2019020279,2019-11-12,20192020,2,LAK,3,MIN,1
2019020280,2019-11-12,20192020,2,SJS,6,EDM,3
2019020281,2019-11-13,20192020,2,NJD,2,OTT,4
2019020282,2019-11-13,20192020,2,NYI,5,TOR,4
2019020283,2019-11-13,20192020,2,PHI,1,WSH,2
2019020284,2019-11-13,20192020,2,CGY,1,DAL,3
2019020285,2019-11-13,20192020,2,VGK,3,CHI,5
2019020286,2019-11-14,20192020,2,BUF,4,CAR,5
2019020287,2019-11-14,20192020,2,TBL,9,NYR,3
2019020288,2019-11-14,20192020,2,FLA,3,WPG,4
2019020289,2019-11-14,20192020,2,MIN,3,ARI,2
2019020290,2019-11-14,20192020,2,EDM,6,COL,2
2019020291,2019-11-14,20192020,2,VAN,2,DAL,4
2019020292,2019-11-14,20192020,2,ANA,3,SJS,5
2019020293,2019-11-14,20192020,2,LAK,3,DET,2
2019020294,2019-11-15,20192020,2,TOR,2,BOS,4
2019020295,2019-11-15,20192020,2,NJD,2,PIT,1
2019020296,2019-11-15,20192020,2,WSH,2,MTL,5
2019020297,2019-11-15,20192020,2,CBJ,3,STL,2
2019020298,2019-11-15,20192020,2,OTT,2,PHI,1
2019020299,2019-11-16,20192020,2,MIN,3,CAR,4
2019020300,2019-11-16,20192020,2,TBL,3,WPG,4
2019020301,2019-11-16,20192020,2,EDM,4,DAL,5
2019020302,2019-11-16,20192020,2,ARI,3,CGY,0
2019020303,2019-11-16,20192020,2,BOS,2,WSH,3
2019020304,2019-11-16,20192020,2,BUF,4,OTT,2
2019020305,2019-11-16,20192020,2,MTL,3,NJD,4
2019020306,2019-11-16,20192020,2,FLA,4,NYR,3
2019020307,2019-11-16,20192020,2,PHI,3,NYI,4
2019020308,2019-11-16,20192020,2,PIT,6,TOR,1
2019020309,2019-11-16,20192020,2,STL,1,ANA,4
2019020310,2019-11-16,20192020,2,NSH,2,CHI,7
2019020311,2019-11-16,20192020,2,VAN,4,COL,5
2019020312,2019-11-16,20192020,2,LAK,4,VGK,3
2019020313,2019-11-16,20192020,2,SJS,4,DET,3
2019020314,2019-11-17,20192020,2,CHI,4,BUF,1
2019020315,2019-11-17,20192020,2,VGK,6,CGY,0
2019020316,2019-11-18,20192020,2,WSH,5,ANA,2
2019020317,2019-11-18,20192020,2,ARI,3,LAK,0
2019020318,2019-11-19,20192020,2,BUF,1,MIN,4
2019020319,2019-11-19,20192020,2,FLA,5,PHI,2
2019020320,2019-11-19,20192020,2,NJD,1,BOS,5
2019020321,2019-11-19,20192020,2,PIT,4,NYI,5
2019020322,2019-11-19,20192020,2,CBJ,5,MTL,2
2019020323,2019-11-19,20192020,2,DET,3,OTT,4
2019020324,2019-11-19,20192020,2,STL,3,TBL,1
2019020325,2019-11-19,20192020,2,NSH,1,WPG,2
2019020326,2019-11-19,20192020,2,CHI,2,CAR,4
2019020327,2019-11-19,20192020,2,DAL,6,VAN,1
2019020328,2019-11-19,20192020,2,CGY,2,COL,3
2019020329,2019-11-19,20192020,2,VGK,4,TOR,2
2019020330,2019-11-19,20192020,2,SJS,2,EDM,5
2019020331,2019-11-20,20192020,2,MTL,1,OTT,2
2019020332,2019-11-20,20192020,2,NYR,4,WSH,1
2019020333,2019-11-21,20192020,2,BOS,3,BUF,2
2019020334,2019-11-21,20192020,2,FLA,5,ANA,4
2019020335,2019-11-21,20192020,2,NYI,4,PIT,3
2019020336,2019-11-21,20192020,2,CAR,3,PHI,5
2019020337,2019-11-21,20192020,2,CBJ,5,DET,4
2019020338,2019-11-21,20192020,2,STL,5,CGY,0
2019020339,2019-11-21,20192020,2,NSH,3,VAN,6
2019020340,2019-11-21,20192020,2,MIN,3,COL,2
2019020341,2019-11-21,20192020,2,CHI,2,TBL,4
2019020342,2019-11-21,20192020,2,DAL,5,WPG,3
2019020343,2019-11-21,20192020,2,ARI,1,TOR,3
2019020344,2019-11-21,20192020,2,VGK,1,SJS,2
2019020345,2019-11-21,20192020,2,LAK,5,EDM,1
2019020346,2019-11-22,20192020,2,PIT,4,NJD,1
2019020347,2019-11-22,20192020,2,OTT,4,NYR,1
2019020348,2019-11-23,20192020,2,WSH,1,VAN,2
2019020349,2019-11-23,20192020,2,PHI,2,CGY,3
2019020350,2019-11-23,20192020,2,LAK,2,ARI,3
2019020351,2019-11-23,20192020,2,BOS,5,MIN,4
2019020352,2019-11-23,20192020,2,MTL,5,NYR,6
2019020353,2019-11-23,20192020,2,TBL,6,ANA,2
2019020354,2019-11-23,20192020,2,NJD,5,DET,1
2019020355,2019-11-23,20192020,2,CAR,4,FLA,2
2019020356,2019-11-23,20192020,2,WPG,4,CBJ,3
2019020357,2019-11-23,20192020,2,COL,3,TOR,5
2019020358,2019-11-23,20192020,2,STL,2,NSH,4
2019020359,2019-11-23,20192020,2,DAL,2,CHI,1
2019020360,2019-11-23,20192020,2,VGK,2,EDM,4
2019020361,2019-11-23,20192020,2,SJS,2,NYI,1
2019020362,2019-11-24,20192020,2,FLA,2,BUF,5
2019020363,2019-11-24,20192020,2,DET,0,CAR,2
2019020364,2019-11-24,20192020,2,ARI,3,EDM,4
2019020365,2019-11-25,20192020,2,TBL,5,BUF,2
2019020366,2019-11-25,20192020,2,NYR,3,MIN,2
2019020367,2019-11-25,20192020,2,PHI,2,VAN,1
2019020368,2019-11-25,20192020,2,PIT,3,CGY,2
2019020369,2019-11-25,20192020,2,CBJ,1,OTT,0
2019020370,2019-11-25,20192020,2,NSH,3,STL,2
2019020371,2019-11-25,20192020,2,DAL,4,VGK,2
2019020372,2019-11-25,20192020,2,ANA,3,NYI,0
2019020373,2019-11-25,20192020,2,LAK,3,SJS,4
2019020374,2019-11-26,20192020,2,MTL,1,BOS,8
2019020375,2019-11-26,20192020,2,NJD,2,MIN,3
2019020376,2019-11-26,20192020,2,CHI,3,DAL,0
2019020377,2019-11-27,20192020,2,BUF,2,CGY,3
2019020378,2019-11-27,20192020,2,OTT,1,BOS,2
2019020379,2019-11-27,20192020,2,DET,0,TOR,6
2019020380,2019-11-27,20192020,2,TBL,3,STL,4
2019020381,2019-11-27,20192020,2,NYR,3,CAR,2
2019020382,2019-11-27,20192020,2,PIT,8,VAN,6
2019020383,2019-11-27,20192020,2,WSH,4,FLA,3
2019020384,2019-11-27,20192020,2,CBJ,2,PHI,3
2019020385,2019-11-27,20192020,2,NSH,3,VGK,4
2019020386,2019-11-27,20192020,2,ARI,4,ANA,3
2019020387,2019-11-27,20192020,2,COL,4,EDM,1
2019020388,2019-11-27,20192020,2,LAK,4,NYI,1
2019020389,2019-11-27,20192020,2,SJS,1,WPG,5
2019020390,2019-11-28,20192020,2,MTL,4,NJD,6
2019020391,2019-11-29,20192020,2,BOS,3,NYR,2
2019020392,2019-11-29,20192020,2,BUF,6,TOR,4
2019020393,2019-11-29,20192020,2,PHI,6,DET,1
2019020394,2019-11-29,20192020,2,CHI,2,COL,5
2019020395,2019-11-29,20192020,2,MIN,7,OTT,2
2019020396,2019-11-29,20192020,2,ANA,0,WPG,3
2019020397,2019-11-29,20192020,2,SJS,4,LAK,1
2019020398,2019-11-29,20192020,2,WSH,4,TBL,3
2019020399,2019-11-29,20192020,2,VGK,2,ARI,1
2019020400,2019-11-29,20192020,2,CBJ,5,PIT,2
2019020401,2019-11-29,20192020,2,CAR,0,NSH,3
2019020402,2019-11-29,20192020,2,DAL,1,STL,3
2019020403,2019-11-30,20192020,2,NJD,0,NYR,4
2019020404,2019-11-30,20192020,2,MTL,3,PHI,4
2019020405,2019-11-30,20192020,2,TOR,2,BUF,1
2019020406,2019-11-30,20192020,2,DET,2,WSH,5
2019020407,2019-11-30,20192020,2,TBL,2,CAR,3
2019020408,2019-11-30,20192020,2,FLA,3,NSH,0
2019020409,2019-11-30,20192020,2,NYI,2,CBJ,0
2019020410,2019-11-30,20192020,2,CGY,3,OTT,1
2019020411,2019-11-30,20192020,2,STL,5,PIT,2
2019020412,2019-11-30,20192020,2,ARI,2,SJS,4
2019020413,2019-11-30,20192020,2,COL,7,CHI,3
2019020414,2019-11-30,20192020,2,EDM,2,VAN,5
2019020415,2019-11-30,20192020,2,LAK,2,WPG,1
2019020416,2019-12-01,20192020,2,MIN,3,DAL,2
2019020417,2019-12-01,20192020,2,BOS,3,MTL,1
2019020418,2019-12-01,20192020,2,VAN,2,EDM,3
2019020419,2019-12-02,20192020,2,BUF,7,NJD,1
2019020420,2019-12-02,20192020,2,NYR,1,VGK,4
2019020421,2019-12-02,20192020,2,DET,1,NYI,4
2019020422,2019-12-02,20192020,2,CHI,0,STL,4
2019020423,2019-12-02,20192020,2,ANA,4,LAK,2
2019020424,2019-12-03,20192020,2,BOS,2,CAR,0
2019020425,2019-12-03,20192020,2,MTL,4,NYI,2
2019020426,2019-12-03,20192020,2,FLA,2,MIN,4
2019020427,2019-12-03,20192020,2,NJD,3,VGK,4
2019020428,2019-12-03,20192020,2,PHI,6,TOR,1
2019020429,2019-12-03,20192020,2,CBJ,2,ARI,4
2019020430,2019-12-03,20192020,2,NSH,2,TBL,3
2019020431,2019-12-03,20192020,2,WPG,5,DAL,1
2019020432,2019-12-03,20192020,2,VAN,5,OTT,2
2019020433,2019-12-03,20192020,2,SJS,2,WSH,5
2019020434,2019-12-04,20192020,2,TOR,1,COL,3
2019020435,2019-12-04,20192020,2,PIT,3,STL,0
2019020436,2019-12-04,20192020,2,EDM,2,OTT,5
2019020437,2019-12-04,20192020,2,LAK,1,WSH,3
2019020438,2019-12-05,20192020,2,BOS,3,CHI,4
2019020439,2019-12-05,20192020,2,MTL,2,COL,3
2019020440,2019-12-05,20192020,2,TBL,4,MIN,5
2019020441,2019-12-05,20192020,2,NYI,3,VGK,2
2019020442,2019-12-05,20192020,2,PHI,1,ARI,3
2019020443,2019-12-05,20192020,2,CAR,3,SJS,2
2019020444,2019-12-05,20192020,2,CBJ,2,NYR,3
2019020445,2019-12-05,20192020,2,DAL,3,WPG,2
2019020446,2019-12-05,20192020,2,CGY,4,BUF,3
2019020447,2019-12-06,20192020,2,NJD,1,CHI,2
2019020448,2019-12-06,20192020,2,NYR,1,MTL,2
2019020449,2019-12-06,20192020,2,PIT,2,ARI,0
2019020450,2019-12-06,20192020,2,EDM,2,LAK,1
2019020451,2019-12-06,20192020,2,ANA,2,WSH,3
2019020452,2019-12-07,20192020,2,PHI,4,OTT,3
2019020453,2019-12-07,20192020,2,VAN,6,BUF,5
2019020454,2019-12-07,20192020,2,BOS,1,COL,4
2019020455,2019-12-07,20192020,2,DET,3,PIT,5
2019020456,2019-12-07,20192020,2,TBL,7,SJS,1
2019020457,2019-12-07,20192020,2,FLA,4,CBJ,1
2019020458,2019-12-07,20192020,2,CAR,6,MIN,2
2019020459,2019-12-07,20192020,2,STL,2,TOR,5
2019020460,2019-12-07,20192020,2,NSH,6,NJD,4
2019020461,2019-12-07,20192020,2,DAL,3,NYI,1
2019020462,2019-12-07,20192020,2,CGY,4,LAK,3
2019020463,2019-12-08,20192020,2,WPG,3,ANA,2
2019020464,2019-12-08,20192020,2,FLA,5,SJS,1
2019020465,2019-12-08,20192020,2,CHI,3,ARI,4
2019020466,2019-12-08,20192020,2,VGK,0,NYR,5
2019020467,2019-12-08,20192020,2,EDM,2,BUF,3
2019020468,2019-12-09,20192020,2,TBL,1,NYI,5
2019020469,2019-12-09,20192020,2,WSH,2,CBJ,5
2019020470,2019-12-09,20192020,2,OTT,5,BOS,2
2019020471,2019-12-09,20192020,2,COL,4,CGY,5
2019020472,2019-12-10,20192020,2,BUF,5,STL,2
2019020473,2019-12-10,20192020,2,FLA,1,TBL,2
2019020474,2019-12-10,20192020,2,PIT,1,MTL,4
2019020475,2019-12-10,20192020,2,NSH,3,SJS,1
2019020476,2019-12-10,20192020,2,MIN,2,ANA,3
2019020477,2019-12-10,20192020,2,WPG,5,DET,1
2019020478,2019-12-10,20192020,2,DAL,2,NJD,0
2019020479,2019-12-10,20192020,2,EDM,3,CAR,6
2019020480,2019-12-10,20192020,2,ARI,2,CGY,5
2019020481,2019-12-10,20192020,2,VAN,1,TOR,4
2019020482,2019-12-10,20192020,2,VGK,5,CHI,1
2019020483,2019-12-10,20192020,2,LAK,3,NYR,1
2019020484,2019-12-11,20192020,2,WSH,3,BOS,2
2019020485,2019-12-11,20192020,2,MTL,3,OTT,2
2019020486,2019-12-11,20192020,2,COL,3,PHI,1
2019020487,2019-12-12,20192020,2,BUF,4,NSH,3
2019020488,2019-12-12,20192020,2,TBL,3,BOS,2
2019020489,2019-12-12,20192020,2,FLA,1,NYI,3
2019020490,2019-12-12,20192020,2,PIT,1,CBJ,0
2019020491,2019-12-12,20192020,2,DET,5,WPG,2
2019020492,2019-12-12,20192020,2,STL,4,VGK,2
2019020493,2019-12-12,20192020,2,MIN,6,EDM,5
2019020494,2019-12-12,20192020,2,CGY,4,TOR,2
2019020495,2019-12-12,20192020,2,ARI,5,CHI,2
2019020496,2019-12-12,20192020,2,VAN,1,CAR,0
2019020497,2019-12-12,20192020,2,ANA,1,LAK,2
2019020498,2019-12-12,20192020,2,SJS,3,NYR,6
2019020499,2019-12-13,20192020,2,DAL,2,VGK,3
2019020500,2019-12-13,20192020,2,COL,3,NJD,1
2019020501,2019-12-14,20192020,2,OTT,4,CBJ,3
2019020502,2019-12-14,20192020,2,NYI,3,BUF,2
2019020503,2019-12-14,20192020,2,CGY,0,CAR,4
2019020504,2019-12-14,20192020,2,ANA,4,NYR,3
2019020505,2019-12-14,20192020,2,NSH,1,DAL,4
2019020506,2019-12-14,20192020,2,MTL,1,DET,2
2019020507,2019-12-14,20192020,2,TBL,2,WSH,5
2019020508,2019-12-14,20192020,2,FLA,2,BOS,4
2019020509,2019-12-14,20192020,2,PIT,5,LAK,4
2019020510,2019-12-14,20192020,2,MIN,4,PHI,1
2019020511,2019-12-14,20192020,2,EDM,1,TOR,4
2019020512,2019-12-14,20192020,2,STL,4,CHI,3
2019020513,2019-12-14,20192020,2,ARI,1,NJD,2
2019020514,2019-12-14,20192020,2,SJS,4,VAN,2
2019020515,2019-12-15,20192020,2,WPG,7,PHI,3
2019020516,2019-12-15,20192020,2,DET,2,LAK,4
2019020517,2019-12-15,20192020,2,CHI,5,MIN,3
2019020518,2019-12-15,20192020,2,VGK,6,VAN,3
2019020519,2019-12-16,20192020,2,FLA,6,OTT,1
2019020520,2019-12-16,20192020,2,NYR,2,NSH,5
2019020521,2019-12-16,20192020,2,CBJ,3,WSH,0
2019020522,2019-12-16,20192020,2,STL,5,COL,2
2019020523,2019-12-16,20192020,2,DAL,1,EDM,2
2019020524,2019-12-17,20192020,2,BOS,3,LAK,4
2019020525,2019-12-17,20192020,2,TOR,5,BUF,3
2019020526,2019-12-17,20192020,2,TBL,4,OTT,3
2019020527,2019-12-17,20192020,2,NYI,3,NSH,8
2019020528,2019-12-17,20192020,2,PHI,4,ANA,1
2019020529,2019-12-17,20192020,2,DET,3,CBJ,5
2019020530,2019-12-17,20192020,2,WPG,3,CAR,6
2019020531,2019-12-17,20192020,2,CGY,1,PIT,4
2019020532,2019-12-17,20192020,2,VAN,1,MTL,3
2019020533,2019-12-17,20192020,2,VGK,3,MIN,2
2019020534,2019-12-17,20192020,2,SJS,2,ARI,3
2019020535,2019-12-18,20192020,2,NJD,3,ANA,1
2019020536,2019-12-18,20192020,2,CHI,1,COL,4
2019020537,2019-12-18,20192020,2,STL,2,EDM,1
2019020538,2019-12-19,20192020,2,BOS,2,NYI,3
2019020539,2019-12-19,20192020,2,TBL,3,DAL,4
2019020540,2019-12-19,20192020,2,PHI,6,BUF,1
2019020541,2019-12-19,20192020,2,CBJ,3,LAK,2
2019020542,2019-12-19,20192020,2,OTT,5,NSH,4
2019020543,2019-12-19,20192020,2,WPG,1,CHI,4
2019020544,2019-12-19,20192020,2,COL,1,CAR,3
2019020545,2019-12-19,20192020,2,CGY,3,MTL,4
2019020546,2019-12-19,20192020,2,ARI,5,MIN,8
2019020547,2019-12-19,20192020,2,VAN,5,VGK,4
2019020548,2019-12-20,20192020,2,FLA,7,DAL,4
2019020549,2019-12-20,20192020,2,NJD,3,WSH,6
2019020550,2019-12-20,20192020,2,NYR,3,TOR,6
2019020551,2019-12-20,20192020,2,EDM,2,PIT,5
2019020552,2019-12-21,20192020,2,BUF,3,LAK,2
2019020553,2019-12-21,20192020,2,NYI,5,ANA,6
2019020554,2019-12-21,20192020,2,MIN,0,WPG,6
2019020555,2019-12-21,20192020,2,BOS,3,NSH,4
2019020556,2019-12-21,20192020,2,TOR,4,DET,1
2019020557,2019-12-21,20192020,2,OTT,4,PHI,5
2019020558,2019-12-21,20192020,2,WSH,3,TBL,1
2019020559,2019-12-21,20192020,2,CAR,2,FLA,4
2019020560,2019-12-21,20192020,2,CBJ,5,NJD,1
2019020561,2019-12-21,20192020,2,EDM,4,MTL,3
2019020562,2019-12-21,20192020,2,COL,3,CHI,5
2019020563,2019-12-21,20192020,2,VAN,4,PIT,1
2019020564,2019-12-21,20192020,2,SJS,2,STL,5
2019020565,2019-12-22,20192020,2,NYR,5,ANA,1
2019020566,2019-12-22,20192020,2,DET,2,ARI,5
2019020567,2019-12-22,20192020,2,DAL,1,CGY,5
2019020568,2019-12-22,20192020,2,SJS,1,VGK,3
2019020569,2019-12-23,20192020,2,TOR,8,CAR,6
2019020570,2019-12-23,20192020,2,MIN,3,CGY,0
2019020571,2019-12-23,20192020,2,BOS,7,WSH,3
2019020572,2019-12-23,20192020,2,TBL,6,FLA,1
2019020573,2019-12-23,20192020,2,NYI,2,CBJ,3
2019020574,2019-12-23,20192020,2,PHI,5,NYR,1
2019020575,2019-12-23,20192020,2,OTT,3,BUF,1
2019020576,2019-12-23,20192020,2,NSH,3,ARI,2
2019020577,2019-12-23,20192020,2,WPG,2,MTL,6
2019020578,2019-12-23,20192020,2,CHI,1,NJD,7
2019020579,2019-12-23,20192020,2,VAN,4,EDM,2
2019020580,2019-12-23,20192020,2,VGK,3,COL,7
2019020581,2019-12-23,20192020,2,LAK,1,STL,4
2019020582,2019-12-27,20192020,2,BUF,0,BOS,3
2019020583,2019-12-27,20192020,2,NJD,4,TOR,5
2019020584,2019-12-27,20192020,2,NYR,5,CAR,3
2019020585,2019-12-27,20192020,2,WSH,2,CBJ,1
2019020586,2019-12-27,20192020,2,NSH,2,PIT,5
2019020587,2019-12-27,20192020,2,WPG,4,STL,5
2019020588,2019-12-27,20192020,2,COL,4,MIN,6
2019020589,2019-12-27,20192020,2,CHI,5,NYI,2
2019020590,2019-12-27,20192020,2,EDM,1,CGY,5
2019020591,2019-12-27,20192020,2,ANA,4,VGK,3
2019020592,2019-12-27,20192020,2,SJS,2,LAK,3
2019020593,2019-12-28,20192020,2,TOR,4,NYR,5
2019020594,2019-12-28,20192020,2,TBL,5,MTL,4
2019020595,2019-12-28,20192020,2,FLA,5,DET,4
2019020596,2019-12-28,20192020,2,PIT,6,NSH,4
2019020597,2019-12-28,20192020,2,CAR,6,WSH,4
2019020598,2019-12-28,20192020,2,DAL,3,COL,2
2019020599,2019-12-28,20192020,2,VAN,3,LAK,2
2019020600,2019-12-28,20192020,2,VGK,4,ARI,1
2019020601,2019-12-28,20192020,2,SJS,6,PHI,1
2019020602,2019-12-29,20192020,2,STL,4,WPG,1
2019020603,2019-12-29,20192020,2,OTT,3,NJD,4
2019020604,2019-12-29,20192020,2,CBJ,2,CHI,3
2019020605,2019-12-29,20192020,2,MIN,1,NYI,3
2019020606,2019-12-29,20192020,2,BOS,3,BUF,2
2019020607,2019-12-29,20192020,2,TBL,2,DET,1
2019020608,2019-12-29,20192020,2,FLA,6,MTL,5
2019020609,2019-12-29,20192020,2,ARI,2,DAL,4
2019020610,2019-12-29,20192020,2,ANA,1,PHI,2
2019020611,2019-12-29,20192020,2,CGY,2,VAN,5
2019020612,2019-12-30,20192020,2,PIT,5,OTT,2
2019020613,2019-12-31,20192020,2,NJD,3,BOS,2
2019020614,2019-12-31,20192020,2,WSH,3,NYI,4
2019020615,2019-12-31,20192020,2,VGK,5,ANA,2
2019020616,2019-12-31,20192020,2,MIN,1,TOR,4
2019020617,2019-12-31,20192020,2,BUF,4,TBL,6
2019020618,2019-12-31,20192020,2,CAR,3,MTL,1
2019020619,2019-12-31,20192020,2,CBJ,4,FLA,1
2019020620,2019-12-31,20192020,2,DET,2,SJS,0
2019020621,2019-12-31,20192020,2,COL,4,WPG,7
2019020622,2019-12-31,20192020,2,CGY,3,CHI,5
2019020623,2019-12-31,20192020,2,EDM,7,NYR,5
2019020624,2019-12-31,20192020,2,ARI,3,STL,1
2019020625,2019-12-31,20192020,2,LAK,5,PHI,3
2019020626,2020-01-01,20192020,2,DAL,4,NSH,2
2019020627,2020-01-02,20192020,2,BOS,1,CBJ,2
2019020628,2020-01-02,20192020,2,BUF,3,EDM,2
2019020629,2020-01-02,20192020,2,MTL,1,TBL,2
2019020630,2020-01-02,20192020,2,NYI,1,NJD,2
2019020631,2020-01-02,20192020,2,PIT,2,SJS,3
2019020632,2020-01-02,20192020,2,OTT,3,FLA,6
2019020633,2020-01-02,20192020,2,WPG,3,TOR,6
2019020634,2020-01-02,20192020,2,COL,7,STL,3
2019020635,2020-01-02,20192020,2,CGY,4,NYR,3
2019020636,2020-01-02,20192020,2,ARI,4,ANA,2
2019020637,2020-01-02,20192020,2,VAN,7,CHI,5
2019020638,2020-01-02,20192020,2,VGK,5,PHI,4
2019020639,2020-01-03,20192020,2,CAR,3,WSH,4
2019020640,2020-01-03,20192020,2,DAL,4,DET,1
2019020641,2020-01-04,20192020,2,BOS,1,EDM,4
2019020642,2020-01-04,20192020,2,CBJ,2,SJS,3
2019020643,2020-01-04,20192020,2,MIN,3,WPG,2
2019020644,2020-01-04,20192020,2,VGK,5,STL,4
2019020645,2020-01-04,20192020,2,BUF,3,FLA,2
2019020646,2020-01-04,20192020,2,TOR,3,NYI,0
2019020647,2020-01-04,20192020,2,MTL,2,PIT,3
2019020648,2020-01-04,20192020,2,OTT,3,TBL,5
2019020649,2020-01-04,20192020,2,NJD,2,COL,5
2019020650,2020-01-04,20192020,2,ARI,6,PHI,2
2019020651,2020-01-04,20192020,2,VAN,2,NYR,1
2019020652,2020-01-04,20192020,2,LAK,1,NSH,4
2019020653,2020-01-05,20192020,2,WSH,5,SJS,4
2019020654,2020-01-05,20192020,2,PIT,1,FLA,4
2019020655,2020-01-05,20192020,2,CAR,1,TBL,3
2019020656,2020-01-05,20192020,2,MIN,4,CGY,5
2019020657,2020-01-05,20192020,2,CHI,4,DET,2
2019020658,2020-01-05,20192020,2,ANA,5,NSH,4
2019020659,2020-01-06,20192020,2,TOR,4,EDM,6
2019020660,2020-01-06,20192020,2,MTL,2,WPG,3
2019020661,2020-01-06,20192020,2,NYI,1,COL,0
2019020662,2020-01-06,20192020,2,LAK,2,CBJ,4
2019020663,2020-01-07,20192020,2,TBL,9,VAN,2
2019020664,2020-01-07,20192020,2,FLA,2,ARI,5
2019020665,2020-01-07,20192020,2,NJD,3,NYI,4
2019020666,2020-01-07,20192020,2,NYR,5,COL,3
2019020667,2020-01-07,20192020,2,WSH,6,OTT,1
2019020668,2020-01-07,20192020,2,CAR,5,PHI,4
2019020669,2020-01-07,20192020,2,DET,4,MTL,3
2019020670,2020-01-07,20192020,2,STL,3,SJS,2
2019020671,2020-01-07,20192020,2,NSH,2,BOS,6
2019020672,2020-01-07,20192020,2,CHI,1,CGY,2
2019020673,2020-01-07,20192020,2,VGK,3,PIT,4
2019020674,2020-01-07,20192020,2,ANA,3,CBJ,4
2019020675,2020-01-08,20192020,2,TOR,3,WPG,4
2019020676,2020-01-08,20192020,2,PHI,3,WSH,2
2019020677,2020-01-08,20192020,2,LAK,1,DAL,2
2019020678,2020-01-09,20192020,2,BOS,5,WPG,4
2019020679,2020-01-09,20192020,2,MTL,2,EDM,4
2019020680,2020-01-09,20192020,2,TBL,4,ARI,0
2019020681,2020-01-09,20192020,2,FLA,5,VAN,2
2019020682,2020-01-09,20192020,2,NYR,6,NJD,3
2019020683,2020-01-09,20192020,2,STL,5,BUF,1
2019020684,2020-01-09,20192020,2,CHI,2,NSH,5
2019020685,2020-01-09,20192020,2,CGY,2,MIN,1
2019020686,2020-01-09,20192020,2,VGK,2,LAK,5
2019020687,2020-01-09,20192020,2,ANA,0,DAL,3
2019020688,2020-01-09,20192020,2,SJS,3,CBJ,1
2019020689,2020-01-10,20192020,2,DET,3,OTT,2
2019020690,2020-01-10,20192020,2,CAR,3,ARI,0
2019020691,2020-01-10,20192020,2,COL,3,PIT,4
2019020692,2020-01-11,20192020,2,BUF,3,VAN,6
2019020693,2020-01-11,20192020,2,OTT,1,MTL,2
2019020694,2020-01-11,20192020,2,NYI,2,BOS,3
2019020695,2020-01-11,20192020,2,PHI,0,TBL,1
2019020696,2020-01-11,20192020,2,WSH,1,NJD,5
2019020697,2020-01-11,20192020,2,CAR,2,LAK,0
2019020698,2020-01-11,20192020,2,STL,5,NYR,2
2019020699,2020-01-11,20192020,2,CHI,4,ANA,2
2019020700,2020-01-11,20192020,2,CGY,4,EDM,3
2019020701,2020-01-11,20192020,2,VGK,0,CBJ,3
2019020702,2020-01-11,20192020,2,SJS,2,DAL,1
2019020703,2020-01-12,20192020,2,WPG,0,NSH,1
2019020704,2020-01-12,20192020,2,MIN,1,VAN,4
2019020705,2020-01-12,20192020,2,DET,1,BUF,5
2019020706,2020-01-12,20192020,2,ARI,3,PIT,4
2019020707,2020-01-12,20192020,2,FLA,8,TOR,4
2019020708,2020-01-12,20192020,2,NJD,3,TBL,1
2019020709,2020-01-13,20192020,2,MTL,2,CGY,0
2019020710,2020-01-13,20192020,2,NYR,6,NYI,2
2019020711,2020-01-13,20192020,2,PHI,6,BOS,5
2019020712,2020-01-13,20192020,2,WSH,2,CAR,0
2019020713,2020-01-13,20192020,2,STL,4,ANA,1
2019020714,2020-01-14,20192020,2,BUF,4,VGK,2
2019020715,2020-01-14,20192020,2,TOR,7,NJD,4
2019020716,2020-01-14,20192020,2,TBL,4,LAK,3
2019020717,2020-01-14,20192020,2,NYI,8,DET,2
2019020718,2020-01-14,20192020,2,PIT,7,MIN,3
2019020719,2020-01-14,20192020,2,CBJ,3,BOS,0
2019020720,2020-01-14,20192020,2,OTT,2,CHI,3
2019020721,2020-01-14,20192020,2,WPG,4,VAN,0
2019020722,2020-01-14,20192020,2,COL,2,DAL,3
2019020723,2020-01-14,20192020,2,EDM,4,NSH,2
2019020724,2020-01-14,20192020,2,ARI,6,SJS,3
2019020725,2020-01-15,20192020,2,MTL,1,CHI,4
2019020726,2020-01-15,20192020,2,STL,3,PHI,4
2019020727,2020-01-16,20192020,2,BOS,4,PIT,1
2019020728,2020-01-16,20192020,2,TOR,1,CGY,2
2019020729,2020-01-16,20192020,2,FLA,4,LAK,3
2019020730,2020-01-16,20192020,2,NYI,2,NYR,3
2019020731,2020-01-16,20192020,2,PHI,1,MTL,4
2019020732,2020-01-16,20192020,2,WSH,5,NJD,2
2019020733,2020-01-16,20192020,2,CBJ,3,CAR,2
2019020734,2020-01-16,20192020,2,OTT,2,VGK,4
2019020735,2020-01-16,20192020,2,NSH,2,ANA,4
2019020736,2020-01-16,20192020,2,MIN,3,TBL,2
2019020737,2020-01-16,20192020,2,DAL,1,BUF,4
2019020738,2020-01-16,20192020,2,COL,4,SJS,0
2019020739,2020-01-16,20192020,2,VAN,3,ARI,1
2019020740,2020-01-17,20192020,2,DET,1,PIT,2
2019020741,2020-01-17,20192020,2,CAR,1,ANA,2
2019020742,2020-01-17,20192020,2,WPG,1,TBL,7
2019020743,2020-01-18,20192020,2,NYI,4,WSH,6
2019020744,2020-01-18,20192020,2,COL,5,STL,3
2019020745,2020-01-18,20192020,2,EDM,7,ARI,3
2019020746,2020-01-18,20192020,2,OTT,5,CGY,2
2019020747,2020-01-18,20192020,2,TOR,2,CHI,6
2019020748,2020-01-18,20192020,2,MTL,5,VGK,4
2019020749,2020-01-18,20192020,2,DET,1,FLA,4
2019020750,2020-01-18,20192020,2,PHI,4,LAK,1
2019020751,2020-01-18,20192020,2,CBJ,5,NJD,0
2019020752,2020-01-18,20192020,2,NSH,2,BUF,1
2019020753,2020-01-18,20192020,2,MIN,7,DAL,0
2019020754,2020-01-18,20192020,2,VAN,4,SJS,1
2019020755,2020-01-19,20192020,2,PIT,4,BOS,3
2019020756,2020-01-19,20192020,2,CAR,2,NYI,1
2019020757,2020-01-19,20192020,2,NYR,1,CBJ,2
2019020758,2020-01-19,20192020,2,CHI,5,WPG,2
2019020759,2020-01-20,20192020,2,COL,6,DET,3
2019020760,2020-01-20,20192020,2,MIN,4,FLA,5
2019020761,2020-01-21,20192020,2,BOS,3,VGK,2
2019020762,2020-01-21,20192020,2,NYR,2,NYI,4
2019020763,2020-01-21,20192020,2,PHI,3,PIT,0
2019020764,2020-01-21,20192020,2,CAR,4,WPG,1
2019020765,2020-01-21,20192020,2,CHI,3,FLA,4
2019020766,2020-01-22,20192020,2,CBJ,4,WPG,3
2019020767,2020-01-22,20192020,2,MIN,4,DET,2
2019020768,2020-01-27,20192020,2,MTL,2,WSH,4
2019020769,2020-01-27,20192020,2,OTT,3,NJD,4
2019020770,2020-01-27,20192020,2,NSH,2,TOR,5
2019020771,2020-01-27,20192020,2,DAL,3,TBL,2
2019020772,2020-01-27,20192020,2,VAN,3,STL,1
2019020773,2020-01-27,20192020,2,SJS,4,ANA,2
2019020774,2020-01-28,20192020,2,BUF,2,OTT,5
2019020775,2020-01-28,20192020,2,CGY,4,STL,5
2019020776,2020-01-29,20192020,2,WSH,4,NSH,5
2019020777,2020-01-29,20192020,2,DAL,3,TOR,5
2019020778,2020-01-29,20192020,2,EDM,3,CGY,4
2019020779,2020-01-29,20192020,2,ANA,4,ARI,2
2019020780,2020-01-29,20192020,2,LAK,2,TBL,4
2019020781,2020-01-29,20192020,2,SJS,2,VAN,5
2019020782,2020-01-30,20192020,2,BUF,1,MTL,3
2019020783,2020-01-30,20192020,2,NJD,5,NSH,6
2019020784,2020-01-30,20192020,2,ARI,2,LAK,3
2019020785,2020-01-31,20192020,2,NYR,4,DET,2
2019020786,2020-01-31,20192020,2,PIT,4,PHI,3
2019020787,2020-01-31,20192020,2,OTT,3,WSH,5
2019020788,2020-01-31,20192020,2,CAR,3,VGK,4
2019020789,2020-01-31,20192020,2,WPG,1,BOS,2
2019020790,2020-01-31,20192020,2,EDM,4,STL,2
2019020791,2020-01-31,20192020,2,ANA,3,TBL,4
2019020792,2020-02-01,20192020,2,BUF,2,CBJ,1
2019020793,2020-02-01,20192020,2,NYI,3,VAN,4
2019020794,2020-02-01,20192020,2,MTL,4,FLA,0
2019020795,2020-02-01,20192020,2,TOR,2,OTT,1
2019020796,2020-02-01,20192020,2,DET,0,NYR,1
2019020797,2020-02-01,20192020,2,NJD,2,DAL,3
2019020798,2020-02-01,20192020,2,PHI,6,COL,3
2019020799,2020-02-01,20192020,2,WPG,5,STL,2
2019020800,2020-02-01,20192020,2,NSH,0,VGK,3
2019020801,2020-02-01,20192020,2,MIN,1,BOS,6
2019020802,2020-02-01,20192020,2,ARI,2,CHI,3
2019020803,2020-02-01,20192020,2,CGY,3,EDM,8
2019020804,2020-02-01,20192020,2,LAK,1,ANA,3
2019020805,2020-02-01,20192020,2,SJS,0,TBL,3
2019020806,2020-02-02,20192020,2,WSH,3,PIT,4
2019020807,2020-02-02,20192020,2,MTL,3,CBJ,4
2019020808,2020-02-02,20192020,2,CAR,4,VAN,3
2019020809,2020-02-03,20192020,2,TOR,3,FLA,5
2019020810,2020-02-03,20192020,2,NYR,3,DAL,5
2019020811,2020-02-03,20192020,2,DET,0,PHI,3
2019020812,2020-02-04,20192020,2,BOS,4,VAN,0
2019020813,2020-02-04,20192020,2,BUF,1,COL,6
2019020814,2020-02-04,20192020,2,TBL,4,VGK,2
2019020815,2020-02-04,20192020,2,NJD,4,MTL,5
2019020816,2020-02-04,20192020,2,NYI,4,DAL,3
2019020817,2020-02-04,20192020,2,WSH,4,LAK,2
2019020818,2020-02-04,20192020,2,CBJ,1,FLA,0
2019020819,2020-02-04,20192020,2,OTT,2,ANA,3
2019020820,2020-02-04,20192020,2,STL,6,CAR,3
2019020821,2020-02-04,20192020,2,MIN,3,CHI,2
2019020822,2020-02-04,20192020,2,WPG,1,NSH,2
2019020823,2020-02-04,20192020,2,CGY,1,SJS,3
2019020824,2020-02-04,20192020,2,ARI,3,EDM,0
2019020825,2020-02-05,20192020,2,NYR,5,TOR,3
2019020826,2020-02-05,20192020,2,CHI,1,BOS,2
2019020827,2020-02-06,20192020,2,BUF,3,DET,4
2019020828,2020-02-06,20192020,2,MTL,3,ANA,2
2019020829,2020-02-06,20192020,2,TBL,4,PIT,2
2019020830,2020-02-06,20192020,2,FLA,2,VGK,7
2019020831,2020-02-06,20192020,2,NYI,5,LAK,3
2019020832,2020-02-06,20192020,2,PHI,0,NJD,5
2019020833,2020-02-06,20192020,2,OTT,1,COL,4
2019020834,2020-02-06,20192020,2,STL,2,WPG,4
2019020835,2020-02-06,20192020,2,MIN,4,VAN,2
2019020836,2020-02-06,20192020,2,CGY,2,NSH,3
2019020837,2020-02-06,20192020,2,EDM,3,SJS,6
2019020838,2020-02-06,20192020,2,ARI,3,CAR,5
2019020839,2020-02-07,20192020,2,TOR,5,ANA,4
2019020840,2020-02-07,20192020,2,NYR,2,BUF,3
2019020841,2020-02-07,20192020,2,CBJ,2,DET,0
2019020842,2020-02-07,20192020,2,DAL,2,MIN,3
2019020843,2020-02-08,20192020,2,WPG,5,OTT,2
2019020844,2020-02-08,20192020,2,BOS,4,ARI,2
2019020845,2020-02-08,20192020,2,MTL,2,TOR,1
2019020846,2020-02-08,20192020,2,TBL,3,NYI,1
2019020847,2020-02-08,20192020,2,FLA,2,PIT,3
2019020848,2020-02-08,20192020,2,NJD,3,LAK,0
2019020849,2020-02-08,20192020,2,WSH,2,PHI,7
2019020850,2020-02-08,20192020,2,CBJ,1,COL,2
2019020851,2020-02-08,20192020,2,EDM,3,NSH,2
2019020852,2020-02-08,20192020,2,STL,2,DAL,3
2019020853,2020-02-08,20192020,2,VAN,2,CGY,6
2019020854,2020-02-08,20192020,2,VGK,5,CAR,6
2019020855,2020-02-09,20192020,2,DET,3,BOS,1
2019020856,2020-02-09,20192020,2,BUF,2,ANA,3
2019020857,2020-02-09,20192020,2,NYR,4,LAK,1
2019020858,2020-02-09,20192020,2,WPG,5,CHI,2
2019020859,2020-02-09,20192020,2,MIN,2,COL,3
2019020860,2020-02-10,20192020,2,MTL,2,ARI,3
2019020861,2020-02-10,20192020,2,PHI,4,FLA,1
2019020862,2020-02-10,20192020,2,WSH,3,NYI,5
2019020863,2020-02-10,20192020,2,CBJ,1,TBL,2
2019020864,2020-02-10,20192020,2,VAN,6,NSH,2
2019020865,2020-02-10,20192020,2,SJS,2,CGY,6
2019020866,2020-02-11,20192020,2,BUF,3,DET,2
2019020867,2020-02-11,20192020,2,TOR,3,ARI,2
2019020868,2020-02-11,20192020,2,NJD,3,FLA,5
2019020869,2020-02-11,20192020,2,NYI,5,PHI,3
2019020870,2020-02-11,20192020,2,PIT,1,TBL,2
2019020871,2020-02-11,20192020,2,MIN,4,VGK,0
2019020872,2020-02-11,20192020,2,WPG,1,NYR,4
2019020873,2020-02-11,20192020,2,DAL,4,CAR,1
2019020874,2020-02-11,20192020,2,COL,3,OTT,0
2019020875,2020-02-11,20192020,2,EDM,5,CHI,3
2019020877,2020-02-12,20192020,2,BOS,4,MTL,1
2019020878,2020-02-12,20192020,2,LAK,5,CGY,3
2019020879,2020-02-12,20192020,2,VAN,3,CHI,0
2019020880,2020-02-13,20192020,2,BUF,4,CBJ,3
2019020881,2020-02-13,20192020,2,TOR,2,DAL,3
2019020882,2020-02-13,20192020,2,TBL,3,EDM,1
2019020883,2020-02-13,20192020,2,FLA,2,PHI,6
2019020884,2020-02-13,20192020,2,NJD,4,DET,1
2019020885,2020-02-13,20192020,2,OTT,3,ARI,2
2019020886,2020-02-13,20192020,2,NSH,5,NYI,0
2019020887,2020-02-13,20192020,2,MIN,3,NYR,4
2019020888,2020-02-13,20192020,2,COL,2,WSH,3
2019020889,2020-02-13,20192020,2,VGK,6,STL,5
2019020890,2020-02-13,20192020,2,ANA,0,CGY,6
2019020891,2020-02-14,20192020,2,PIT,4,MTL,1
2019020892,2020-02-14,20192020,2,CBJ,1,NYR,3
2019020893,2020-02-14,20192020,2,WPG,2,SJS,3
2019020894,2020-02-14,20192020,2,CAR,5,NJD,2
2019020895,2020-02-15,20192020,2,BOS,4,DET,1
2019020896,2020-02-15,20192020,2,STL,3,NSH,4
2019020897,2020-02-15,20192020,2,TBL,5,PHI,3
2019020898,2020-02-15,20192020,2,FLA,1,EDM,4
2019020899,2020-02-15,20192020,2,MIN,0,SJS,2
2019020900,2020-02-15,20192020,2,MTL,3,DAL,4
2019020901,2020-02-15,20192020,2,OTT,2,TOR,4
2019020902,2020-02-15,20192020,2,COL,1,LAK,3
2019020903,2020-02-15,20192020,2,CGY,4,CHI,8
2019020904,2020-02-15,20192020,2,ARI,3,WSH,1
2019020905,2020-02-15,20192020,2,VGK,1,NYI,0
2019020906,2020-02-16,20192020,2,PIT,5,DET,1
2019020907,2020-02-16,20192020,2,NYR,1,BOS,3
2019020908,2020-02-16,20192020,2,CAR,3,EDM,4
2019020909,2020-02-16,20192020,2,VAN,1,ANA,5
2019020910,2020-02-16,20192020,2,OTT,4,DAL,3
2019020911,2020-02-16,20192020,2,NJD,4,CBJ,3
2019020912,2020-02-16,20192020,2,NSH,2,STL,1
2019020913,2020-02-16,20192020,2,BUF,5,TOR,2
2019020914,2020-02-16,20192020,2,WPG,3,CHI,2
2019020915,2020-02-17,20192020,2,CGY,6,ANA,4
2019020916,2020-02-17,20192020,2,ARI,2,NYI,1
2019020917,2020-02-17,20192020,2,SJS,3,FLA,5
2019020918,2020-02-17,20192020,2,VGK,3,WSH,2
2019020919,2020-02-17,20192020,2,COL,3,TBL,4
2019020920,2020-02-18,20192020,2,PHI,5,CBJ,1
2019020921,2020-02-18,20192020,2,PIT,5,TOR,2
2019020922,2020-02-18,20192020,2,OTT,7,BUF,4
2019020923,2020-02-18,20192020,2,DET,4,MTL,3
2019020924,2020-02-18,20192020,2,STL,3,NJD,0
2019020925,2020-02-18,20192020,2,NSH,1,CAR,4
2019020926,2020-02-18,20192020,2,WPG,6,LAK,3
2019020927,2020-02-19,20192020,2,CHI,3,NYR,6
2019020928,2020-02-19,20192020,2,DAL,3,ARI,2
2019020929,2020-02-19,20192020,2,EDM,1,BOS,2
2019020930,2020-02-19,20192020,2,COL,3,NYI,1
2019020931,2020-02-19,20192020,2,ANA,1,FLA,4
2019020932,2020-02-19,20192020,2,VAN,3,MIN,4
2019020933,2020-02-20,20192020,2,TOR,4,PIT,0
2019020934,2020-02-20,20192020,2,NJD,2,SJS,1
2019020935,2020-02-20,20192020,2,WSH,3,MTL,4
2019020936,2020-02-20,20192020,2,CBJ,3,PHI,4
2019020937,2020-02-20,20192020,2,OTT,1,WPG,5
2019020938,2020-02-20,20192020,2,STL,1,ARI,0
2019020939,2020-02-20,20192020,2,VGK,5,TBL,3
2019020940,2020-02-20,20192020,2,LAK,5,FLA,4
2019020941,2020-02-21,20192020,2,NYI,4,DET,1
2019020942,2020-02-21,20192020,2,CAR,2,NYR,5
2019020943,2020-02-21,20192020,2,CHI,2,NSH,1
2019020944,2020-02-21,20192020,2,DAL,1,STL,5
2019020945,2020-02-21,20192020,2,CGY,3,BOS,4
2019020946,2020-02-21,20192020,2,EDM,3,MIN,5
2019020947,2020-02-21,20192020,2,ANA,0,COL,1
2019020948,2020-02-22,20192020,2,NJD,3,WSH,2
2019020949,2020-02-22,20192020,2,PHI,4,WPG,2
2019020950,2020-02-22,20192020,2,PIT,2,BUF,5
2019020951,2020-02-22,20192020,2,TOR,3,CAR,6
2019020952,2020-02-22,20192020,2,OTT,0,MTL,3
2019020953,2020-02-22,20192020,2,NYR,3,SJS,2
2019020954,2020-02-22,20192020,2,NSH,4,CBJ,3
2019020955,2020-02-22,20192020,2,ARI,7,TBL,3
2019020956,2020-02-22,20192020,2,VAN,9,BOS,3
2019020957,2020-02-22,20192020,2,VGK,5,FLA,3
2019020958,2020-02-22,20192020,2,LAK,1,COL,2
2019020959,2020-02-23,20192020,2,WSH,5,PIT,3
2019020960,2020-02-23,20192020,2,BUF,2,WPG,1
2019020961,2020-02-23,20192020,2,DAL,2,CHI,1
2019020962,2020-02-23,20192020,2,NYI,4,SJS,1
2019020963,2020-02-23,20192020,2,DET,2,CGY,4
2019020964,2020-02-23,20192020,2,MIN,1,STL,4
2019020965,2020-02-23,20192020,2,ANA,5,VGK,6
2019020966,2020-02-23,20192020,2,LAK,2,EDM,4
2019020967,2020-02-24,20192020,2,CBJ,4,OTT,3
2019020968,2020-02-25,20192020,2,BOS,2,CGY,5
2019020969,2020-02-25,20192020,2,MTL,3,VAN,4
2019020970,2020-02-25,20192020,2,TBL,3,TOR,4
2019020971,2020-02-25,20192020,2,NYI,3,NYR,4
2019020972,2020-02-25,20192020,2,PHI,4,SJS,2
2019020973,2020-02-25,20192020,2,WSH,4,WPG,3
2019020974,2020-02-25,20192020,2,CAR,1,DAL,4
2019020975,2020-02-25,20192020,2,DET,1,NJD,4
2019020976,2020-02-25,20192020,2,STL,6,CHI,5
2019020977,2020-02-25,20192020,2,NSH,3,OTT,2
2019020978,2020-02-25,20192020,2,MIN,5,CBJ,4
2019020979,2020-02-25,20192020,2,ARI,1,FLA,2
2019020980,2020-02-25,20192020,2,ANA,4,EDM,3
2019020981,2020-02-26,20192020,2,COL,3,BUF,2
2019020982,2020-02-26,20192020,2,VGK,3,EDM,0
2019020983,2020-02-26,20192020,2,LAK,2,PIT,1
2019020984,2020-02-27,20192020,2,BOS,4,DAL,3
2019020985,2020-02-27,20192020,2,MTL,2,NYR,5
2019020986,2020-02-27,20192020,2,TBL,2,CHI,5
2019020987,2020-02-27,20192020,2,FLA,3,TOR,5
2019020988,2020-02-27,20192020,2,OTT,5,VAN,2
2019020989,2020-02-27,20192020,2,DET,1,MIN,7
2019020990,2020-02-27,20192020,2,STL,3,NYI,2
2019020991,2020-02-27,20192020,2,NSH,4,CGY,3
2019020992,2020-02-27,20192020,2,WPG,3,WSH,0
2019020993,2020-02-27,20192020,2,SJS,3,NJD,2
2019020994,2020-02-28,20192020,2,PHI,5,NYR,2
2019020995,2020-02-28,20192020,2,CBJ,0,MIN,5
2019020996,2020-02-28,20192020,2,CAR,2,COL,3
2019020997,2020-02-28,20192020,2,VGK,4,BUF,2
2019020998,2020-02-28,20192020,2,ANA,3,PIT,2
2019020999,2020-02-29,20192020,2,NYI,0,BOS,4
2019021000,2020-02-29,20192020,2,TBL,4,CGY,3
2019021001,2020-02-29,20192020,2,LAK,2,NJD,1
2019021002,2020-02-29,20192020,2,FLA,2,CHI,3
2019021003,2020-02-29,20192020,2,TOR,4,VAN,2
2019021004,2020-02-29,20192020,2,MTL,4,CAR,3
2019021005,2020-02-29,20192020,2,OTT,4,DET,3
2019021006,2020-02-29,20192020,2,STL,4,DAL,3
2019021007,2020-02-29,20192020,2,NSH,2,COL,3
2019021008,2020-02-29,20192020,2,ARI,5,BUF,2
2019021009,2020-02-29,20192020,2,EDM,3,WPG,2
2019021010,2020-02-29,20192020,2,SJS,5,PIT,0
2019021011,2020-03-01,20192020,2,NYR,3,PHI,5
2019021012,2020-03-01,20192020,2,FLA,0,CGY,3
2019021013,2020-03-01,20192020,2,CBJ,5,VAN,3
2019021014,2020-03-01,20192020,2,MIN,3,WSH,4
2019021015,2020-03-01,20192020,2,ANA,0,NJD,3
2019021016,2020-03-01,20192020,2,VGK,1,LAK,4
2019021017,2020-03-02,20192020,2,DET,1,COL,2
2019021018,2020-03-02,20192020,2,NSH,3,EDM,8
2019021019,2020-03-03,20192020,2,TBL,1,BOS,2
2019021020,2020-03-03,20192020,2,NYI,2,MTL,6
2019021021,2020-03-03,20192020,2,NYR,1,STL,3
2019021022,2020-03-03,20192020,2,PIT,7,OTT,3
2019021023,2020-03-03,20192020,2,MIN,3,NSH,1
2019021024,2020-03-03,20192020,2,WPG,3,BUF,1
2019021025,2020-03-03,20192020,2,CHI,6,ANA,2
2019021026,2020-03-03,20192020,2,DAL,1,EDM,2
2019021027,2020-03-03,20192020,2,VGK,3,NJD,0
2019021028,2020-03-03,20192020,2,SJS,5,TOR,2
2019021029,2020-03-04,20192020,2,WSH,2,PHI,5
2019021030,2020-03-04,20192020,2,CGY,3,CBJ,2
2019021031,2020-03-04,20192020,2,COL,3,ANA,4
2019021032,2020-03-04,20192020,2,VAN,2,ARI,4
2019021033,2020-03-05,20192020,2,BUF,2,PIT,4
2019021034,2020-03-05,20192020,2,TBL,4,MTL,0
2019021035,2020-03-05,20192020,2,FLA,1,BOS,2
2019021036,2020-03-05,20192020,2,NYR,6,WSH,5
2019021037,2020-03-05,20192020,2,PHI,4,CAR,1
2019021038,2020-03-05,20192020,2,OTT,4,NYI,3
2019021039,2020-03-05,20192020,2,NSH,2,DAL,0
2019021040,2020-03-05,20192020,2,CHI,4,EDM,3
2019021041,2020-03-05,20192020,2,LAK,1,TOR,0
2019021042,2020-03-05,20192020,2,SJS,2,MIN,3
2019021043,2020-03-06,20192020,2,NJD,4,STL,2
2019021044,2020-03-06,20192020,2,DET,2,CHI,1
2019021045,2020-03-06,20192020,2,WPG,4,VGK,0
2019021046,2020-03-06,20192020,2,CGY,3,ARI,2
2019021047,2020-03-06,20192020,2,VAN,6,COL,3
2019021048,2020-03-06,20192020,2,ANA,2,TOR,1
2019021049,2020-03-07,20192020,2,NYI,2,CAR,3
2019021050,2020-03-07,20192020,2,PIT,2,WSH,5
2019021051,2020-03-07,20192020,2,DAL,0,NSH,1
2019021052,2020-03-07,20192020,2,LAK,7,MIN,3
2019021053,2020-03-07,20192020,2,BOS,3,TBL,5
2019021054,2020-03-07,20192020,2,FLA,4,MTL,1
2019021055,2020-03-07,20192020,2,NYR,4,NJD,6
2019021056,2020-03-07,20192020,2,PHI,3,BUF,1
2019021057,2020-03-07,20192020,2,SJS,1,OTT,2
2019021058,2020-03-07,20192020,2,EDM,4,CBJ,1
2019021059,2020-03-08,20192020,2,PIT,2,CAR,6
2019021060,2020-03-08,20192020,2,DET,5,TBL,4
2019021061,2020-03-08,20192020,2,CHI,0,STL,2
2019021062,2020-03-08,20192020,2,CGY,3,VGK,5
2019021063,2020-03-08,20192020,2,ANA,4,MIN,5
2019021064,2020-03-08,20192020,2,VAN,1,CBJ,2
2019021065,2020-03-08,20192020,2,SJS,3,COL,4
2019021066,2020-03-09,20192020,2,BUF,3,WSH,2
2019021067,2020-03-09,20192020,2,WPG,4,ARI,2
2019021068,2020-03-09,20192020,2,EDM,2,VGK,3
2019021069,2020-03-09,20192020,2,LAK,3,COL,1
2019021075,2020-03-09,20192020,2,STL,1,FLA,2
2019021070,2020-03-10,20192020,2,TOR,2,TBL,1
2019021071,2020-03-10,20192020,2,MTL,2,NSH,4
2019021072,2020-03-10,20192020,2,NJD,2,PIT,5
2019021073,2020-03-10,20192020,2,PHI,0,BOS,2
2019021074,2020-03-10,20192020,2,DET,2,CAR,5
2019021076,2020-03-10,20192020,2,DAL,2,NYR,4
2019021077,2020-03-10,20192020,2,VAN,5,NYI,4
2019021078,2020-03-10,20192020,2,ANA,5,OTT,2
2019020876,2020-03-11,20192020,2,ANA,2,STL,4
2019021079,2020-03-11,20192020,2,CHI,6,SJS,2
2019021080,2020-03-11,20192020,2,EDM,2,WPG,4
2019021081,2020-03-11,20192020,2,COL,3,NYR,2
2019021082,2020-03-11,20192020,2,LAK,3,OTT,2
2019030021,2020-08-01,20192020,3,PIT,2,MTL,3
2019030031,2020-08-01,20192020,3,CAR,3,NYR,2
2019030041,2020-08-01,20192020,3,NYI,2,FLA,1
2019030061,2020-08-01,20192020,3,EDM,4,CHI,6
2019030091,2020-08-01,20192020,3,CGY,4,WPG,1
2019030001,2020-08-02,20192020,3,BOS,1,PHI,4
2019030011,2020-08-02,20192020,3,COL,2,STL,1
2019030051,2020-08-02,20192020,3,TOR,0,CBJ,2
2019030071,2020-08-02,20192020,3,NSH,3,ARI,4
2019030081,2020-08-02,20192020,3,VAN,0,MIN,3
2019030002,2020-08-03,20192020,3,TBL,3,WSH,2
2019030012,2020-08-03,20192020,3,VGK,5,DAL,3
2019030022,2020-08-03,20192020,3,PIT,3,MTL,1
2019030032,2020-08-03,20192020,3,CAR,4,NYR,1
2019030062,2020-08-03,20192020,3,EDM,6,CHI,3
2019030092,2020-08-03,20192020,3,CGY,2,WPG,3
2019030033,2020-08-04,20192020,3,NYR,1,CAR,4
2019030042,2020-08-04,20192020,3,NYI,4,FLA,2
2019030052,2020-08-04,20192020,3,TOR,3,CBJ,0
2019030072,2020-08-04,20192020,3,NSH,4,ARI,2
2019030082,2020-08-04,20192020,3,VAN,4,MIN,3
2019030093,2020-08-04,20192020,3,WPG,2,CGY,6
2019030003,2020-08-05,20192020,3,BOS,2,TBL,3
2019030013,2020-08-05,20192020,3,DAL,0,COL,4
2019030023,2020-08-05,20192020,3,MTL,4,PIT,3
2019030043,2020-08-05,20192020,3,FLA,3,NYI,2
2019030063,2020-08-05,20192020,3,CHI,4,EDM,3
2019030073,2020-08-05,20192020,3,ARI,4,NSH,1
2019030004,2020-08-06,20192020,3,PHI,3,WSH,1
2019030014,2020-08-06,20192020,3,STL,4,VGK,6
2019030053,2020-08-06,20192020,3,CBJ,4,TOR,3
2019030083,2020-08-06,20192020,3,MIN,0,VAN,3
2019030094,2020-08-06,20192020,3,WPG,0,CGY,4
2019030024,2020-08-07,20192020,3,MTL,2,PIT,0
2019030044,2020-08-07,20192020,3,FLA,1,NYI,5
2019030054,2020-08-07,20192020,3,CBJ,3,TOR,4
2019030064,2020-08-07,20192020,3,CHI,3,EDM,2
2019030074,2020-08-07,20192020,3,ARI,4,NSH,3
2019030084,2020-08-07,20192020,3,MIN,4,VAN,5
2019030006,2020-08-08,20192020,3,TBL,1,PHI,4
2019030015,2020-08-08,20192020,3,COL,3,VGK,4
2019030005,2020-08-09,20192020,3,WSH,2,BOS,1
2019030016,2020-08-09,20192020,3,STL,1,DAL,2
2019030055,2020-08-09,20192020,3,TOR,0,CBJ,3
2019030121,2020-08-11,20192020,3,TBL,3,CBJ,2
2019030151,2020-08-11,20192020,3,VGK,4,CHI,1
2019030171,2020-08-11,20192020,3,DAL,2,CGY,3
2019030111,2020-08-12,20192020,3,PHI,2,MTL,1
2019030131,2020-08-12,20192020,3,WSH,2,NYI,4
2019030141,2020-08-12,20192020,3,BOS,4,CAR,3
2019030161,2020-08-12,20192020,3,COL,3,ARI,0
2019030181,2020-08-12,20192020,3,STL,2,VAN,5
2019030122,2020-08-13,20192020,3,TBL,1,CBJ,3
2019030142,2020-08-13,20192020,3,BOS,2,CAR,3
2019030152,2020-08-13,20192020,3,VGK,4,CHI,3
2019030172,2020-08-13,20192020,3,DAL,5,CGY,4
2019030112,2020-08-14,20192020,3,PHI,0,MTL,5
2019030132,2020-08-14,20192020,3,WSH,2,NYI,5
2019030162,2020-08-14,20192020,3,COL,3,ARI,2
2019030173,2020-08-14,20192020,3,CGY,2,DAL,0
2019030182,2020-08-14,20192020,3,STL,3,VAN,4
2019030123,2020-08-15,20192020,3,CBJ,2,TBL,3
2019030143,2020-08-15,20192020,3,CAR,1,BOS,3
2019030153,2020-08-15,20192020,3,CHI,1,VGK,2
2019030163,2020-08-15,20192020,3,ARI,4,COL,2
2019030113,2020-08-16,20192020,3,MTL,0,PHI,1
2019030133,2020-08-16,20192020,3,NYI,2,WSH,1
2019030154,2020-08-16,20192020,3,CHI,3,VGK,1
2019030174,2020-08-16,20192020,3,CGY,4,DAL,5
2019030183,2020-08-16,20192020,3,VAN,2,STL,3
2019030124,2020-08-17,20192020,3,CBJ,1,TBL,2
2019030144,2020-08-17,20192020,3,CAR,3,BOS,4
2019030164,2020-08-17,20192020,3,ARI,1,COL,7
2019030184,2020-08-17,20192020,3,VAN,1,STL,3
2019030114,2020-08-18,20192020,3,MTL,0,PHI,2
2019030134,2020-08-18,20192020,3,NYI,2,WSH,3
2019030155,2020-08-18,20192020,3,VGK,4,CHI,3
2019030175,2020-08-18,20192020,3,DAL,2,CGY,1
2019030115,2020-08-19,20192020,3,PHI,3,MTL,5
2019030125,2020-08-19,20192020,3,TBL,5,CBJ,4
2019030145,2020-08-19,20192020,3,BOS,2,CAR,1
2019030165,2020-08-19,20192020,3,COL,7,ARI,1
2019030185,2020-08-19,20192020,3,STL,3,VAN,4
2019030135,2020-08-20,20192020,3,WSH,0,NYI,4
2019030176,2020-08-20,20192020,3,CGY,3,DAL,7
2019030116,2020-08-21,20192020,3,MTL,2,PHI,3
2019030186,2020-08-21,20192020,3,VAN,6,STL,2
2019030241,2020-08-22,20192020,3,COL,3,DAL,5
2019030221,2020-08-23,20192020,3,TBL,2,BOS,3
2019030231,2020-08-23,20192020,3,VGK,5,VAN,0
2019030211,2020-08-24,20192020,3,PHI,0,NYI,4
2019030242,2020-08-24,20192020,3,COL,2,DAL,5
2019030222,2020-08-25,20192020,3,TBL,4,BOS,3
2019030232,2020-08-25,20192020,3,VGK,2,VAN,5
2019030212,2020-08-26,20192020,3,PHI,4,NYI,3
2019030223,2020-08-26,20192020,3,BOS,1,TBL,7
2019030243,2020-08-26,20192020,3,DAL,4,COL,6
2019030213,2020-08-29,20192020,3,NYI,3,PHI,1
2019030224,2020-08-29,20192020,3,BOS,1,TBL,3
2019030233,2020-08-29,20192020,3,VAN,0,VGK,3
2019030214,2020-08-30,20192020,3,NYI,3,PHI,2
2019030234,2020-08-30,20192020,3,VAN,3,VGK,5
2019030244,2020-08-30,20192020,3,DAL,5,COL,4
2019030225,2020-08-31,20192020,3,TBL,3,BOS,2
2019030245,2020-08-31,20192020,3,COL,6,DAL,3
2019030215,2020-09-01,20192020,3,PHI,4,NYI,3
2019030235,2020-09-01,20192020,3,VGK,1,VAN,2
2019030246,2020-09-02,20192020,3,DAL,1,COL,4
2019030216,2020-09-03,20192020,3,NYI,4,PHI,5
2019030236,2020-09-03,20192020,3,VAN,4,VGK,0
2019030237,2020-09-04,20192020,3,VGK,3,VAN,0
2019030247,2020-09-04,20192020,3,COL,4,DAL,5
2019030217,2020-09-05,20192020,3,PHI,0,NYI,4
2019030321,2020-09-06,20192020,3,VGK,0,DAL,1
2019030311,2020-09-07,20192020,3,TBL,8,NYI,2
2019030322,2020-09-08,20192020,3,VGK,3,DAL,0
2019030312,2020-09-09,20192020,3,TBL,2,NYI,1
2019030323,2020-09-10,20192020,3,DAL,3,VGK,2
2019030313,2020-09-11,20192020,3,NYI,5,TBL,3
2019030324,2020-09-12,20192020,3,DAL,2,VGK,1
2019030314,2020-09-13,20192020,3,NYI,1,TBL,4
2019030325,2020-09-14,20192020,3,VGK,2,DAL,3
2019030315,2020-09-15,20192020,3,TBL,1,NYI,2
2019030316,2020-09-17,20192020,3,NYI,1,TBL,2
2019030411,2020-09-19,20192020,3,TBL,1,DAL,4
2019030412,2020-09-21,20192020,3,TBL,3,DAL,2
2019030413,2020-09-23,20192020,3,DAL,2,TBL,5
2019030414,2020-09-25,20192020,3,DAL,4,TBL,5
2019030415,2020-09-26,20192020,3,TBL,2,DAL,3
2019030416,2020-09-28,20192020,3,DAL,0,TBL,2
2020020001,2021-01-13,20202021,2,PHI,6,PIT,3
2020020002,2021-01-13,20202021,2,TBL,5,CHI,1
2020020003,2021-01-13,20202021,2,TOR,5,MTL,4
2020020004,2021-01-13,20202021,2,EDM,3,VAN,5
2020020005,2021-01-13,20202021,2,COL,1,STL,4
2020020006,2021-01-14,20202021,2,BUF,4,WSH,6
2020020007,2021-01-14,20202021,2,NJD,2,BOS,3
2020020008,2021-01-14,20202021,2,NYR,0,NYI,4
2020020010,2021-01-14,20202021,2,DET,0,CAR,3
2020020011,2021-01-14,20202021,2,NSH,3,CBJ,1
2020020012,2021-01-14,20202021,2,WPG,4,CGY,3
2020020013,2021-01-14,20202021,2,EDM,5,VAN,2
2020020014,2021-01-14,20202021,2,ARI,3,SJS,4
2020020015,2021-01-14,20202021,2,VGK,5,ANA,2
2020020016,2021-01-14,20202021,2,LAK,3,MIN,4
2020020017,2021-01-15,20202021,2,BUF,1,WSH,2
2020020018,2021-01-15,20202021,2,PHI,5,PIT,2
2020020019,2021-01-15,20202021,2,TBL,5,CHI,2
2020020021,2021-01-15,20202021,2,OTT,5,TOR,3
2020020022,2021-01-15,20202021,2,COL,8,STL,0
2020020023,2021-01-16,20202021,2,NJD,2,BOS,1
2020020024,2021-01-16,20202021,2,NYR,5,NYI,0
2020020025,2021-01-16,20202021,2,DET,4,CAR,2
2020020026,2021-01-16,20202021,2,NSH,5,CBJ,2
2020020027,2021-01-16,20202021,2,OTT,2,TOR,3
2020020028,2021-01-16,20202021,2,CGY,3,VAN,0
2020020029,2021-01-16,20202021,2,EDM,1,MTL,5
2020020030,2021-01-16,20202021,2,ARI,5,SJS,3
2020020031,2021-01-16,20202021,2,VGK,2,ANA,1
2020020032,2021-01-16,20202021,2,LAK,3,MIN,4
2020020034,2021-01-17,20202021,2,FLA,5,CHI,2
2020020035,2021-01-17,20202021,2,PIT,4,WSH,3
2020020036,2021-01-18,20202021,2,NYI,1,BOS,0
2020020037,2021-01-18,20202021,2,PHI,1,BUF,6
2020020038,2021-01-18,20202021,2,DET,2,CBJ,3
2020020039,2021-01-18,20202021,2,STL,5,SJS,4
2020020040,2021-01-18,20202021,2,NSH,2,CAR,4
2020020041,2021-01-18,20202021,2,TOR,3,WPG,1
2020020042,2021-01-18,20202021,2,CGY,5,VAN,2
2020020043,2021-01-18,20202021,2,EDM,1,MTL,3
2020020044,2021-01-18,20202021,2,VGK,4,ARI,2
2020020045,2021-01-18,20202021,2,ANA,1,MIN,0
2020020046,2021-01-19,20202021,2,NYR,3,NJD,4
2020020047,2021-01-19,20202021,2,PHI,3,BUF,0
2020020049,2021-01-19,20202021,2,FLA,5,CHI,4
2020020050,2021-01-19,20202021,2,PIT,5,WSH,4
2020020051,2021-01-19,20202021,2,DET,3,CBJ,2
2020020053,2021-01-19,20202021,2,OTT,3,WPG,4
2020020054,2021-01-19,20202021,2,LAK,2,COL,3
2020020055,2021-01-20,20202021,2,STL,1,SJS,2
2020020056,2021-01-20,20202021,2,TOR,1,EDM,3
2020020057,2021-01-20,20202021,2,VAN,6,MTL,5
2020020058,2021-01-20,20202021,2,VGK,5,ARI,2
2020020059,2021-01-20,20202021,2,ANA,2,MIN,3
2020020060,2021-01-21,20202021,2,BOS,5,PHI,4
2020020061,2021-01-21,20202021,2,NYI,4,NJD,1
2020020063,2021-01-21,20202021,2,CBJ,2,TBL,3
2020020064,2021-01-21,20202021,2,OTT,1,WPG,4
2020020065,2021-01-21,20202021,2,VAN,3,MTL,7
2020020066,2021-01-21,20202021,2,LAK,4,COL,2
2020020067,2021-01-22,20202021,2,WSH,4,BUF,3
2020020068,2021-01-22,20202021,2,PIT,4,NYR,3
2020020069,2021-01-22,20202021,2,CHI,4,DET,1
2020020070,2021-01-22,20202021,2,TOR,4,EDM,2
2020020071,2021-01-22,20202021,2,MIN,4,SJS,1
2020020072,2021-01-22,20202021,2,DAL,7,NSH,0
2020020073,2021-01-22,20202021,2,ARI,5,VGK,2
2020020074,2021-01-22,20202021,2,ANA,2,COL,3
2020020075,2021-01-23,20202021,2,BOS,6,PHI,1
2020020077,2021-01-23,20202021,2,CBJ,5,TBL,2
2020020078,2021-01-23,20202021,2,STL,4,LAK,2
2020020079,2021-01-23,20202021,2,WPG,6,OTT,3
2020020080,2021-01-23,20202021,2,VAN,2,MTL,5
2020020081,2021-01-24,20202021,2,NJD,2,NYI,0
2020020082,2021-01-24,20202021,2,WSH,3,BUF,4
2020020083,2021-01-24,20202021,2,PIT,3,NYR,2
2020020084,2021-01-24,20202021,2,CHI,6,DET,2
2020020085,2021-01-24,20202021,2,STL,3,LAK,6
2020020086,2021-01-24,20202021,2,WPG,3,EDM,4
2020020087,2021-01-24,20202021,2,CGY,2,TOR,3
2020020088,2021-01-24,20202021,2,MIN,3,SJS,5
2020020089,2021-01-24,20202021,2,DAL,3,NSH,2
2020020090,2021-01-24,20202021,2,ARI,0,VGK,1
2020020091,2021-01-24,20202021,2,ANA,3,COL,1
2020020092,2021-01-25,20202021,2,VAN,7,OTT,1
2020020093,2021-01-26,20202021,2,BOS,3,PIT,2
2020020094,2021-01-26,20202021,2,BUF,3,NYR,2
2020020095,2021-01-26,20202021,2,NJD,3,PHI,5
2020020096,2021-01-26,20202021,2,WSH,3,NYI,2
2020020098,2021-01-26,20202021,2,CBJ,3,FLA,4
2020020099,2021-01-26,20202021,2,NSH,3,CHI,2
2020020100,2021-01-26,20202021,2,WPG,6,EDM,4
2020020101,2021-01-26,20202021,2,CGY,3,TOR,4
2020020102,2021-01-26,20202021,2,MIN,1,LAK,2
2020020103,2021-01-26,20202021,2,DAL,2,DET,1
2020020104,2021-01-26,20202021,2,COL,7,SJS,3
2020020105,2021-01-26,20202021,2,ARI,0,ANA,1
2020020106,2021-01-26,20202021,2,VGK,4,STL,5
2020020107,2021-01-27,20202021,2,NSH,2,CHI,1
2020020108,2021-01-27,20202021,2,VAN,5,OTT,1
2020020109,2021-01-28,20202021,2,BOS,4,PIT,1
2020020110,2021-01-28,20202021,2,BUF,2,NYR,3
2020020111,2021-01-28,20202021,2,NJD,1,PHI,3
2020020112,2021-01-28,20202021,2,WSH,6,NYI,3
2020020113,2021-01-28,20202021,2,CAR,1,TBL,0
2020020114,2021-01-28,20202021,2,CBJ,3,FLA,2
2020020115,2021-01-28,20202021,2,MTL,4,CGY,2
2020020116,2021-01-28,20202021,2,EDM,3,TOR,4
2020020117,2021-01-28,20202021,2,VAN,4,OTT,1
2020020118,2021-01-28,20202021,2,MIN,5,LAK,3
2020020119,2021-01-28,20202021,2,DAL,7,DET,3
2020020120,2021-01-28,20202021,2,COL,3,SJS,0
2020020121,2021-01-28,20202021,2,ARI,3,ANA,2
2020020123,2021-01-29,20202021,2,CHI,1,CBJ,2
2020020124,2021-01-30,20202021,2,BUF,4,NJD,3
2020020125,2021-01-30,20202021,2,NYR,4,PIT,5
2020020126,2021-01-30,20202021,2,PHI,3,NYI,2
2020020127,2021-01-30,20202021,2,WSH,4,BOS,3
2020020128,2021-01-30,20202021,2,CAR,4,DAL,1
2020020129,2021-01-30,20202021,2,TBL,4,NSH,3
2020020130,2021-01-30,20202021,2,DET,2,FLA,3
2020020131,2021-01-30,20202021,2,MTL,0,CGY,2
2020020132,2021-01-30,20202021,2,WPG,1,VAN,4
2020020133,2021-01-30,20202021,2,EDM,4,TOR,3
2020020134,2021-01-30,20202021,2,MIN,1,COL,5
2020020135,2021-01-30,20202021,2,ANA,1,STL,6
2020020136,2021-01-31,20202021,2,BUF,3,NJD,5
2020020137,2021-01-31,20202021,2,PHI,4,NYI,3
2020020138,2021-01-31,20202021,2,CAR,4,DAL,3
2020020139,2021-01-31,20202021,2,DET,2,FLA,3
2020020140,2021-01-31,20202021,2,CHI,3,CBJ,1
2020020141,2021-01-31,20202021,2,EDM,8,OTT,5
2020020142,2021-01-31,20202021,2,MIN,4,COL,3
2020020143,2021-01-31,20202021,2,ANA,1,STL,4
2020020144,2021-02-01,20202021,2,NYR,3,PIT,1
2020020145,2021-02-01,20202021,2,WSH,3,BOS,5
2020020146,2021-02-01,20202021,2,TBL,5,NSH,2
2020020147,2021-02-01,20202021,2,MTL,6,VAN,2
2020020148,2021-02-01,20202021,2,WPG,3,CGY,4
2020020152,2021-02-02,20202021,2,CBJ,3,DAL,6
2020020153,2021-02-02,20202021,2,CHI,3,CAR,4
2020020154,2021-02-02,20202021,2,STL,4,ARI,3
2020020155,2021-02-02,20202021,2,MTL,5,VAN,3
2020020156,2021-02-02,20202021,2,WPG,3,CGY,2
2020020157,2021-02-02,20202021,2,EDM,4,OTT,2
2020020158,2021-02-02,20202021,2,COL,2,MIN,1
2020020161,2021-02-02,20202021,2,LAK,1,ANA,3
2020020159,2021-02-03,20202021,2,PHI,3,BOS,4
2020020160,2021-02-03,20202021,2,TBL,5,DET,1
2020020164,2021-02-04,20202021,2,NYR,4,WSH,2
2020020165,2021-02-04,20202021,2,FLA,5,NSH,6
2020020167,2021-02-04,20202021,2,CBJ,4,DAL,3
2020020168,2021-02-04,20202021,2,CHI,6,CAR,4
2020020169,2021-02-04,20202021,2,STL,3,ARI,4
2020020170,2021-02-04,20202021,2,MTL,2,OTT,3
2020020171,2021-02-04,20202021,2,TOR,7,VAN,3
2020020172,2021-02-04,20202021,2,WPG,4,CGY,1
2020020174,2021-02-05,20202021,2,PHI,1,BOS,2
2020020175,2021-02-05,20202021,2,TBL,3,DET,1
2020020176,2021-02-05,20202021,2,FLA,2,NSH,1
2020020177,2021-02-05,20202021,2,VGK,5,LAK,2
2020020178,2021-02-05,20202021,2,ANA,4,SJS,5
2020020181,2021-02-06,20202021,2,NYI,4,PIT,3
2020020183,2021-02-06,20202021,2,OTT,1,MTL,2
2020020184,2021-02-06,20202021,2,TOR,5,VAN,1
2020020185,2021-02-06,20202021,2,CGY,6,EDM,4
2020020187,2021-02-06,20202021,2,ANA,2,SJS,1
2020020550,2021-02-06,20202021,2,STL,1,ARI,3
2020020188,2021-02-07,20202021,2,WSH,4,PHI,7
2020020189,2021-02-07,20202021,2,FLA,1,DET,4
2020020190,2021-02-07,20202021,2,CBJ,5,CAR,6
2020020193,2021-02-07,20202021,2,DAL,1,CHI,2
2020020194,2021-02-07,20202021,2,VGK,4,LAK,3
2020020196,2021-02-08,20202021,2,NYR,0,NYI,2
2020020197,2021-02-08,20202021,2,CBJ,3,CAR,2
2020020198,2021-02-08,20202021,2,NSH,1,TBL,4
2020020199,2021-02-08,20202021,2,OTT,1,EDM,3
2020020200,2021-02-08,20202021,2,TOR,3,VAN,1
2020020565,2021-02-08,20202021,2,STL,3,ARI,4
2020020203,2021-02-09,20202021,2,FLA,2,DET,1
2020020204,2021-02-09,20202021,2,NSH,1,TBL,6
2020020205,2021-02-09,20202021,2,OTT,2,EDM,3
2020020206,2021-02-09,20202021,2,CGY,3,WPG,2
2020020208,2021-02-09,20202021,2,DAL,1,CHI,2
2020020210,2021-02-09,20202021,2,VGK,5,ANA,4
2020020211,2021-02-09,20202021,2,LAK,3,SJS,4
2020020212,2021-02-10,20202021,2,NYR,2,BOS,3
2020020213,2021-02-10,20202021,2,MTL,2,TOR,4
2020020215,2021-02-11,20202021,2,NYI,3,PIT,4
2020020217,2021-02-11,20202021,2,FLA,5,TBL,2
2020020218,2021-02-11,20202021,2,CHI,5,CBJ,6
2020020219,2021-02-11,20202021,2,NSH,3,DET,2
2020020220,2021-02-11,20202021,2,MTL,0,EDM,3
2020020221,2021-02-11,20202021,2,WPG,5,OTT,1
2020020222,2021-02-11,20202021,2,VAN,1,CGY,3
2020020224,2021-02-11,20202021,2,DAL,3,CAR,5
2020020226,2021-02-11,20202021,2,VGK,0,ANA,1
2020020227,2021-02-11,20202021,2,LAK,6,SJS,2
2020020228,2021-02-12,20202021,2,NYR,0,BOS,1
2020020684,2021-02-12,20202021,2,ARI,1,STL,4
2020020149,2021-02-13,20202021,2,SJS,1,VGK,3
2020020230,2021-02-13,20202021,2,NYI,4,BOS,2
2020020232,2021-02-13,20202021,2,FLA,1,TBL,6
2020020233,2021-02-13,20202021,2,CHI,3,CBJ,2
2020020234,2021-02-13,20202021,2,NSH,2,DET,4
2020020235,2021-02-13,20202021,2,TOR,1,MTL,2
2020020236,2021-02-13,20202021,2,WPG,1,OTT,2
2020020237,2021-02-13,20202021,2,VAN,3,CGY,1
2020020238,2021-02-13,20202021,2,DAL,3,CAR,4
2020020239,2021-02-13,20202021,2,ARI,4,STL,5
2020020242,2021-02-14,20202021,2,PIT,6,WSH,3
2020020243,2021-02-14,20202021,2,VGK,1,COL,0
2020020245,2021-02-15,20202021,2,BUF,1,NYI,3
2020020246,2021-02-15,20202021,2,DET,2,CHI,3
2020020247,2021-02-15,20202021,2,TOR,5,OTT,6
2020020248,2021-02-15,20202021,2,EDM,5,WPG,6
2020020249,2021-02-15,20202021,2,VAN,3,CGY,4
2020020251,2021-02-15,20202021,2,ARI,1,STL,0
2020020252,2021-02-15,20202021,2,SJS,3,ANA,2
2020020255,2021-02-15,20202021,2,CAR,7,CBJ,3
2020020256,2021-02-15,20202021,2,TBL,4,FLA,6
2020020253,2021-02-16,20202021,2,BUF,0,NYI,3
2020020257,2021-02-16,20202021,2,PIT,1,WSH,3
2020020259,2021-02-16,20202021,2,VGK,2,COL,3
2020020260,2021-02-16,20202021,2,LAK,4,MIN,0
2020020364,2021-02-16,20202021,2,NYR,2,NJD,5
2020020062,2021-02-17,20202021,2,CAR,3,FLA,4
2020020261,2021-02-17,20202021,2,DET,0,CHI,2
2020020262,2021-02-17,20202021,2,TOR,2,OTT,1
2020020263,2021-02-17,20202021,2,CGY,1,VAN,5
2020020264,2021-02-17,20202021,2,EDM,3,WPG,2
2020020265,2021-02-18,20202021,2,BOS,2,NJD,3
2020020266,2021-02-18,20202021,2,PHI,2,NYR,3
2020020267,2021-02-18,20202021,2,PIT,4,NYI,1
2020020268,2021-02-18,20202021,2,CBJ,3,NSH,0
2020020269,2021-02-18,20202021,2,STL,3,SJS,2
2020020270,2021-02-18,20202021,2,TOR,7,OTT,3
2020020272,2021-02-18,20202021,2,ARI,2,LAK,3
2020020273,2021-02-18,20202021,2,ANA,1,MIN,3
2020020667,2021-02-18,20202021,2,WSH,3,BUF,1
2020020274,2021-02-19,20202021,2,CAR,5,CHI,3
2020020275,2021-02-19,20202021,2,DET,2,FLA,7
2020020276,2021-02-19,20202021,2,CGY,1,EDM,2
2020020277,2021-02-19,20202021,2,VAN,0,WPG,2
2020020278,2021-02-20,20202021,2,NJD,2,BUF,3
2020020279,2021-02-20,20202021,2,WSH,1,NYR,4
2020020281,2021-02-20,20202021,2,PIT,3,NYI,2
2020020282,2021-02-20,20202021,2,CBJ,2,NSH,4
2020020283,2021-02-20,20202021,2,STL,4,SJS,5
2020020284,2021-02-20,20202021,2,MTL,3,TOR,5
2020020285,2021-02-20,20202021,2,EDM,7,CGY,1
2020020287,2021-02-20,20202021,2,COL,3,VGK,2
2020020288,2021-02-20,20202021,2,ARI,2,LAK,4
2020020289,2021-02-20,20202021,2,ANA,1,MIN,5
2020020292,2021-02-20,20202021,2,DET,2,FLA,1
2020020543,2021-02-20,20202021,2,CAR,4,TBL,0
2020020290,2021-02-21,20202021,2,BOS,7,PHI,3
2020020293,2021-02-21,20202021,2,OTT,3,MTL,2
2020020294,2021-02-21,20202021,2,VAN,3,WPG,4
2020020392,2021-02-21,20202021,2,WSH,4,NJD,3
2020020009,2021-02-22,20202021,2,FLA,3,DAL,1
2020020097,2021-02-22,20202021,2,CAR,2,TBL,4
2020020150,2021-02-22,20202021,2,NYI,3,BUF,2
2020020297,2021-02-22,20202021,2,STL,0,LAK,3
2020020298,2021-02-22,20202021,2,TOR,0,CGY,3
2020020299,2021-02-22,20202021,2,COL,0,VGK,3
2020020300,2021-02-22,20202021,2,ARI,4,ANA,3
2020020743,2021-02-22,20202021,2,SJS,2,MIN,6
2020020295,2021-02-23,20202021,2,NJD,1,BUF,4
2020020302,2021-02-23,20202021,2,WSH,2,PIT,3
2020020304,2021-02-23,20202021,2,CBJ,5,CHI,6
2020020305,2021-02-23,20202021,2,DET,0,NSH,2
2020020306,2021-02-23,20202021,2,OTT,5,MTL,4
2020020307,2021-02-23,20202021,2,VAN,3,EDM,4
2020020173,2021-02-24,20202021,2,COL,2,MIN,6
2020020296,2021-02-24,20202021,2,TBL,3,CAR,0
2020020303,2021-02-24,20202021,2,FLA,0,DAL,3
2020020308,2021-02-24,20202021,2,PHI,4,NYR,3
2020020309,2021-02-24,20202021,2,STL,1,LAK,2
2020020310,2021-02-24,20202021,2,TOR,2,CGY,1
2020020311,2021-02-24,20202021,2,ARI,4,ANA,3
2020020312,2021-02-25,20202021,2,NYI,7,BOS,2
2020020313,2021-02-25,20202021,2,WSH,5,PIT,2
2020020314,2021-02-25,20202021,2,TBL,3,CAR,1
2020020315,2021-02-25,20202021,2,FLA,3,DAL,2
2020020316,2021-02-25,20202021,2,CBJ,0,CHI,2
2020020317,2021-02-25,20202021,2,DET,5,NSH,2
2020020318,2021-02-25,20202021,2,OTT,6,CGY,1
2020020319,2021-02-25,20202021,2,WPG,6,MTL,3
2020020320,2021-02-25,20202021,2,VAN,0,EDM,3
2020020635,2021-02-25,20202021,2,BUF,3,NJD,4
2020020321,2021-02-26,20202021,2,ARI,2,COL,3
2020020323,2021-02-26,20202021,2,NYR,6,BOS,2
2020020324,2021-02-26,20202021,2,MIN,3,LAK,1
2020020322,2021-02-27,20202021,2,BUF,0,PHI,3
2020020327,2021-02-27,20202021,2,NJD,2,WSH,5
2020020328,2021-02-27,20202021,2,NYI,3,PIT,4
2020020329,2021-02-27,20202021,2,TBL,5,DAL,0
2020020330,2021-02-27,20202021,2,FLA,3,CAR,4
2020020331,2021-02-27,20202021,2,CHI,3,DET,5
2020020332,2021-02-27,20202021,2,NSH,2,CBJ,1
2020020333,2021-02-27,20202021,2,OTT,3,CGY,6
2020020334,2021-02-27,20202021,2,WPG,2,MTL,1
2020020335,2021-02-27,20202021,2,EDM,0,TOR,4
2020020336,2021-02-27,20202021,2,MIN,4,LAK,3
2020020337,2021-02-27,20202021,2,ARI,2,COL,6
2020020338,2021-02-27,20202021,2,ANA,2,VGK,3
2020020339,2021-02-27,20202021,2,SJS,6,STL,7
2020020340,2021-02-28,20202021,2,BUF,0,PHI,3
2020020341,2021-02-28,20202021,2,NYI,2,PIT,0
2020020342,2021-02-28,20202021,2,NYR,1,BOS,4
2020020343,2021-02-28,20202021,2,CHI,7,DET,2
2020020344,2021-02-28,20202021,2,NSH,3,CBJ,1
2020020346,2021-02-28,20202021,2,NJD,2,WSH,3
2020020345,2021-03-01,20202021,2,WPG,0,VAN,4
2020020348,2021-03-01,20202021,2,FLA,2,CAR,3
2020020349,2021-03-01,20202021,2,OTT,5,CGY,1
2020020350,2021-03-01,20202021,2,EDM,0,TOR,3
2020020351,2021-03-01,20202021,2,VGK,5,MIN,4
2020020352,2021-03-01,20202021,2,ANA,4,STL,5
2020020353,2021-03-01,20202021,2,SJS,6,COL,2
2020020052,2021-03-02,20202021,2,NSH,2,CAR,4
2020020271,2021-03-02,20202021,2,DAL,0,TBL,2
2020020301,2021-03-02,20202021,2,NJD,1,NYI,2
2020020354,2021-03-02,20202021,2,NYR,3,BUF,2
2020020355,2021-03-02,20202021,2,PIT,5,PHI,2
2020020356,2021-03-02,20202021,2,CBJ,4,DET,1
2020020357,2021-03-02,20202021,2,MTL,3,OTT,1
2020020358,2021-03-02,20202021,2,WPG,5,VAN,2
2020020359,2021-03-03,20202021,2,BOS,1,WSH,2
2020020360,2021-03-03,20202021,2,EDM,1,TOR,6
2020020361,2021-03-03,20202021,2,VGK,5,MIN,1
2020020362,2021-03-03,20202021,2,ANA,2,STL,3
2020020363,2021-03-03,20202021,2,SJS,0,COL,4
2020020742,2021-03-03,20202021,2,LAK,2,ARI,3
2020020163,2021-03-04,20202021,2,NYI,5,BUF,2
2020020180,2021-03-04,20202021,2,NJD,1,NYR,6
2020020365,2021-03-04,20202021,2,CAR,5,DET,2
2020020366,2021-03-04,20202021,2,PIT,3,PHI,4
2020020367,2021-03-04,20202021,2,CHI,2,TBL,3
2020020368,2021-03-04,20202021,2,NSH,4,FLA,5
2020020369,2021-03-04,20202021,2,MTL,3,WPG,4
2020020370,2021-03-04,20202021,2,CGY,7,OTT,3
2020020371,2021-03-04,20202021,2,VAN,3,TOR,1
2020020372,2021-03-04,20202021,2,DAL,2,CBJ,3
2020020373,2021-03-05,20202021,2,BOS,5,WSH,1
2020020376,2021-03-05,20202021,2,CHI,4,TBL,3
2020020377,2021-03-05,20202021,2,COL,3,ANA,2
2020020378,2021-03-05,20202021,2,ARI,1,MIN,5
2020020379,2021-03-05,20202021,2,LAK,2,STL,3
2020020380,2021-03-05,20202021,2,SJS,4,VGK,5
2020020374,2021-03-06,20202021,2,NJD,3,NYR,6
2020020375,2021-03-06,20202021,2,NYI,5,BUF,2
2020020381,2021-03-06,20202021,2,NSH,2,FLA,6
2020020382,2021-03-06,20202021,2,MTL,7,WPG,1
2020020383,2021-03-06,20202021,2,EDM,3,CGY,2
2020020384,2021-03-06,20202021,2,VAN,4,TOR,2
2020020385,2021-03-06,20202021,2,DAL,5,CBJ,0
2020020386,2021-03-06,20202021,2,COL,4,ANA,5
2020020387,2021-03-06,20202021,2,ARI,5,MIN,2
2020020388,2021-03-06,20202021,2,LAK,4,STL,3
2020020389,2021-03-06,20202021,2,SJS,0,VGK,4
2020020668,2021-03-06,20202021,2,PIT,4,PHI,3
2020020076,2021-03-07,20202021,2,CAR,4,FLA,2
2020020244,2021-03-07,20202021,2,BOS,0,NJD,1
2020020250,2021-03-07,20202021,2,DAL,3,NSH,4
2020020391,2021-03-07,20202021,2,NYI,5,BUF,2
2020020393,2021-03-07,20202021,2,PIT,5,NYR,1
2020020394,2021-03-07,20202021,2,CHI,3,TBL,6
2020020395,2021-03-07,20202021,2,CGY,3,OTT,4
2020020769,2021-03-07,20202021,2,PHI,1,WSH,3
2020020326,2021-03-08,20202021,2,SJS,3,STL,2
2020020396,2021-03-08,20202021,2,EDM,3,OTT,2
2020020397,2021-03-08,20202021,2,VAN,2,MTL,1
2020020398,2021-03-08,20202021,2,MIN,2,VGK,0
2020020399,2021-03-08,20202021,2,COL,2,ARI,3
2020020400,2021-03-08,20202021,2,ANA,6,LAK,5
2020020401,2021-03-09,20202021,2,NYI,2,BOS,1
2020020402,2021-03-09,20202021,2,PHI,5,BUF,4
2020020403,2021-03-09,20202021,2,WSH,5,NJD,4
2020020404,2021-03-09,20202021,2,CAR,3,NSH,2
2020020405,2021-03-09,20202021,2,PIT,4,NYR,2
2020020406,2021-03-09,20202021,2,CBJ,2,FLA,4
2020020407,2021-03-09,20202021,2,DET,3,TBL,4
2020020408,2021-03-09,20202021,2,TOR,3,WPG,4
2020020409,2021-03-09,20202021,2,DAL,6,CHI,1
2020020410,2021-03-10,20202021,2,EDM,7,OTT,1
2020020411,2021-03-10,20202021,2,VAN,1,MTL,5
2020020412,2021-03-10,20202021,2,MIN,4,VGK,3
2020020413,2021-03-10,20202021,2,COL,2,ARI,1
2020020414,2021-03-10,20202021,2,ANA,1,LAK,5
2020020415,2021-03-11,20202021,2,BOS,4,NYR,0
2020020416,2021-03-11,20202021,2,BUF,2,PIT,5
2020020417,2021-03-11,20202021,2,NYI,5,NJD,3
2020020418,2021-03-11,20202021,2,PHI,3,WSH,5
2020020419,2021-03-11,20202021,2,CAR,5,NSH,1
2020020420,2021-03-11,20202021,2,CBJ,4,FLA,5
2020020421,2021-03-11,20202021,2,DET,6,TBL,4
2020020422,2021-03-11,20202021,2,TOR,4,WPG,3
2020020423,2021-03-11,20202021,2,CGY,2,MTL,1
2020020424,2021-03-11,20202021,2,DAL,2,CHI,4
2020020425,2021-03-12,20202021,2,STL,4,VGK,5
2020020426,2021-03-12,20202021,2,EDM,6,OTT,2
2020020427,2021-03-12,20202021,2,MIN,4,ARI,0
2020020428,2021-03-12,20202021,2,COL,2,LAK,0
2020020429,2021-03-12,20202021,2,ANA,0,SJS,6
2020020430,2021-03-13,20202021,2,BOS,0,NYR,4
2020020431,2021-03-13,20202021,2,BUF,0,PIT,3
2020020432,2021-03-13,20202021,2,NJD,2,NYI,3
2020020433,2021-03-13,20202021,2,PHI,4,WSH,5
2020020434,2021-03-13,20202021,2,TBL,6,NSH,3
2020020435,2021-03-13,20202021,2,FLA,4,CHI,2
2020020436,2021-03-13,20202021,2,CBJ,4,DAL,3
2020020437,2021-03-13,20202021,2,STL,1,VGK,5
2020020438,2021-03-13,20202021,2,TOR,2,WPG,5
2020020439,2021-03-13,20202021,2,CGY,3,MTL,1
2020020440,2021-03-13,20202021,2,VAN,2,EDM,1
2020020441,2021-03-13,20202021,2,ANA,1,SJS,3
2020020442,2021-03-14,20202021,2,DET,1,CAR,2
2020020443,2021-03-14,20202021,2,OTT,4,TOR,3
2020020444,2021-03-14,20202021,2,MIN,4,ARI,1
2020020445,2021-03-14,20202021,2,COL,4,LAK,1
2020020451,2021-03-14,20202021,2,CBJ,1,DAL,2
2020020767,2021-03-14,20202021,2,NJD,2,NYI,3
2020020214,2021-03-15,20202021,2,BUF,0,WSH,6
2020020446,2021-03-15,20202021,2,NYR,4,PHI,5
2020020448,2021-03-15,20202021,2,TBL,1,NSH,4
2020020449,2021-03-15,20202021,2,FLA,6,CHI,3
2020020450,2021-03-15,20202021,2,PIT,4,BOS,1
2020020452,2021-03-15,20202021,2,OTT,2,VAN,3
2020020453,2021-03-15,20202021,2,WPG,2,MTL,4
2020020454,2021-03-15,20202021,2,CGY,4,EDM,3
2020020455,2021-03-15,20202021,2,VGK,2,SJS,1
2020020186,2021-03-16,20202021,2,MIN,3,ARI,0
2020020286,2021-03-16,20202021,2,DAL,3,TBL,4
2020020457,2021-03-16,20202021,2,NJD,3,BUF,2
2020020458,2021-03-16,20202021,2,WSH,3,NYI,1
2020020459,2021-03-16,20202021,2,PIT,1,BOS,2
2020020460,2021-03-16,20202021,2,DET,4,CAR,2
2020020568,2021-03-16,20202021,2,COL,8,ANA,4
2020020462,2021-03-17,20202021,2,NYR,9,PHI,0
2020020463,2021-03-17,20202021,2,OTT,2,VAN,3
2020020464,2021-03-17,20202021,2,WPG,4,MTL,3
2020020465,2021-03-17,20202021,2,CGY,3,EDM,7
2020020466,2021-03-17,20202021,2,VGK,5,SJS,4
2020020467,2021-03-17,20202021,2,LAK,4,STL,1
2020020201,2021-03-18,20202021,2,NJD,3,PIT,2
2020020468,2021-03-18,20202021,2,BUF,1,BOS,4
2020020469,2021-03-18,20202021,2,NYI,3,PHI,4
2020020470,2021-03-18,20202021,2,CAR,2,CBJ,3
2020020471,2021-03-18,20202021,2,TBL,4,CHI,2
2020020472,2021-03-18,20202021,2,FLA,1,NSH,2
2020020473,2021-03-18,20202021,2,DET,3,DAL,2
2020020474,2021-03-18,20202021,2,EDM,2,WPG,1
2020020475,2021-03-18,20202021,2,COL,5,MIN,1
2020020476,2021-03-18,20202021,2,ANA,3,ARI,2
2020020478,2021-03-19,20202021,2,WSH,2,NYR,1
2020020479,2021-03-19,20202021,2,MTL,2,VAN,3
2020020480,2021-03-19,20202021,2,TOR,3,CGY,4
2020020481,2021-03-19,20202021,2,LAK,2,VGK,4
2020020482,2021-03-19,20202021,2,SJS,1,STL,2
2020020291,2021-03-20,20202021,2,WSH,1,NYR,3
2020020461,2021-03-20,20202021,2,ANA,1,ARI,5
2020020477,2021-03-20,20202021,2,NJD,1,PIT,3
2020020484,2021-03-20,20202021,2,NYI,6,PHI,1
2020020485,2021-03-20,20202021,2,CAR,2,CBJ,3
2020020486,2021-03-20,20202021,2,TBL,4,CHI,1
2020020487,2021-03-20,20202021,2,FLA,2,NSH,0
2020020488,2021-03-20,20202021,2,DET,0,DAL,3
2020020489,2021-03-20,20202021,2,MTL,5,VAN,4
2020020490,2021-03-20,20202021,2,TOR,2,CGY,0
2020020491,2021-03-20,20202021,2,EDM,4,WPG,2
2020020492,2021-03-20,20202021,2,COL,6,MIN,0
2020020493,2021-03-20,20202021,2,SJS,2,STL,5
2020020151,2021-03-21,20202021,2,PIT,1,NJD,2
2020020258,2021-03-21,20202021,2,DAL,3,NSH,4
2020020495,2021-03-21,20202021,2,LAK,3,VGK,1
2020020828,2021-03-21,20202021,2,TBL,5,FLA,3
2020020122,2021-03-22,20202021,2,VGK,5,STL,1
2020020496,2021-03-22,20202021,2,NYR,5,BUF,3
2020020497,2021-03-22,20202021,2,CBJ,0,CAR,3
2020020499,2021-03-22,20202021,2,OTT,2,CGY,1
2020020500,2021-03-22,20202021,2,VAN,0,WPG,4
2020020501,2021-03-22,20202021,2,MIN,2,ANA,1
2020020502,2021-03-22,20202021,2,ARI,1,COL,5
2020020503,2021-03-22,20202021,2,SJS,2,LAK,1
2020020755,2021-03-22,20202021,2,PHI,1,NYI,2
2020020504,2021-03-23,20202021,2,PHI,3,NJD,4
2020020505,2021-03-23,20202021,2,CHI,3,FLA,2
2020020506,2021-03-23,20202021,2,NSH,2,DET,0
2020020507,2021-03-23,20202021,2,DAL,1,TBL,2
2020020508,2021-03-23,20202021,2,ARI,5,COL,4
2020020509,2021-03-24,20202021,2,PIT,5,BUF,2
2020020511,2021-03-24,20202021,2,OTT,3,CGY,1
2020020512,2021-03-24,20202021,2,VAN,1,WPG,5
2020020513,2021-03-24,20202021,2,MIN,3,ANA,2
2020020514,2021-03-24,20202021,2,SJS,4,LAK,2
2020020223,2021-03-25,20202021,2,MIN,2,STL,0
2020020515,2021-03-25,20202021,2,BOS,3,NYI,4
2020020516,2021-03-25,20202021,2,PHI,3,NYR,8
2020020517,2021-03-25,20202021,2,WSH,4,NJD,3
2020020518,2021-03-25,20202021,2,CBJ,3,CAR,4
2020020519,2021-03-25,20202021,2,CHI,3,FLA,0
2020020520,2021-03-25,20202021,2,NSH,7,DET,1
2020020521,2021-03-25,20202021,2,OTT,2,TOR,3
2020020522,2021-03-25,20202021,2,DAL,4,TBL,3
2020020523,2021-03-25,20202021,2,COL,5,VGK,1
2020020532,2021-03-25,20202021,2,PIT,4,BUF,0
2020020524,2021-03-26,20202021,2,WSH,4,NJD,0
2020020525,2021-03-26,20202021,2,STL,1,ANA,4
2020020527,2021-03-26,20202021,2,CGY,2,WPG,3
2020020528,2021-03-26,20202021,2,ARI,5,SJS,2
2020020179,2021-03-27,20202021,2,BOS,3,BUF,2
2020020530,2021-03-27,20202021,2,PHI,2,NYR,1
2020020531,2021-03-27,20202021,2,CAR,4,TBL,3
2020020533,2021-03-27,20202021,2,DET,3,CBJ,1
2020020534,2021-03-27,20202021,2,CHI,1,NSH,3
2020020536,2021-03-27,20202021,2,TOR,4,EDM,3
2020020537,2021-03-27,20202021,2,CGY,4,WPG,2
2020020538,2021-03-27,20202021,2,DAL,3,FLA,4
2020020539,2021-03-27,20202021,2,COL,2,VGK,3
2020020540,2021-03-27,20202021,2,ARI,4,SJS,0
2020020561,2021-03-27,20202021,2,PIT,6,NYI,3
2020020535,2021-03-28,20202021,2,STL,2,ANA,3
2020020541,2021-03-28,20202021,2,BOS,0,NJD,1
2020020542,2021-03-28,20202021,2,WSH,5,NYR,4
2020020544,2021-03-28,20202021,2,DET,4,CBJ,1
2020020545,2021-03-28,20202021,2,CHI,2,NSH,3
2020020547,2021-03-28,20202021,2,DAL,1,FLA,4
2020020548,2021-03-29,20202021,2,BUF,3,PHI,4
2020020549,2021-03-29,20202021,2,PIT,2,NYI,1
2020020551,2021-03-29,20202021,2,TOR,2,EDM,3
2020020552,2021-03-29,20202021,2,CGY,1,WPG,5
2020020553,2021-03-29,20202021,2,COL,5,ANA,2
2020020554,2021-03-29,20202021,2,VGK,4,LAK,1
2020020555,2021-03-29,20202021,2,SJS,4,MIN,3
2020020498,2021-03-30,20202021,2,MTL,4,EDM,0
2020020556,2021-03-30,20202021,2,BOS,5,NJD,4
2020020558,2021-03-30,20202021,2,NYR,5,WSH,2
2020020559,2021-03-30,20202021,2,TBL,1,CBJ,3
2020020560,2021-03-30,20202021,2,FLA,4,DET,1
2020020562,2021-03-30,20202021,2,CHI,2,CAR,1
2020020563,2021-03-30,20202021,2,NSH,3,DAL,2
2020020209,2021-03-31,20202021,2,COL,9,ARI,3
2020020557,2021-03-31,20202021,2,BUF,6,PHI,1
2020020566,2021-03-31,20202021,2,WPG,1,TOR,3
2020020569,2021-03-31,20202021,2,VGK,2,LAK,4
2020020570,2021-03-31,20202021,2,SJS,4,MIN,2
2020020571,2021-04-01,20202021,2,BOS,1,PIT,4
2020020572,2021-04-01,20202021,2,BUF,2,NYR,3
2020020573,2021-04-01,20202021,2,NYI,8,WSH,4
2020020574,2021-04-01,20202021,2,TBL,3,CBJ,2
2020020575,2021-04-01,20202021,2,FLA,3,DET,2
2020020576,2021-04-01,20202021,2,CHI,3,CAR,4
2020020577,2021-04-01,20202021,2,NSH,1,DAL,4
2020020578,2021-04-01,20202021,2,OTT,1,MTL,4
2020020579,2021-04-01,20202021,2,VGK,2,MIN,3
2020020580,2021-04-02,20202021,2,NJD,1,WSH,2
2020020581,2021-04-02,20202021,2,WPG,1,TOR,2
2020020582,2021-04-02,20202021,2,EDM,3,CGY,2
2020020583,2021-04-02,20202021,2,ANA,2,ARI,4
2020020584,2021-04-02,20202021,2,LAK,0,SJS,3
2020020723,2021-04-02,20202021,2,COL,3,STL,2
2020020585,2021-04-03,20202021,2,BOS,7,PIT,5
2020020586,2021-04-03,20202021,2,BUF,3,NYR,2
2020020587,2021-04-03,20202021,2,NYI,3,PHI,2
2020020588,2021-04-03,20202021,2,CAR,2,DAL,3
2020020589,2021-04-03,20202021,2,TBL,2,DET,1
2020020590,2021-04-03,20202021,2,FLA,5,CBJ,2
2020020591,2021-04-03,20202021,2,NSH,3,CHI,0
2020020592,2021-04-03,20202021,2,MTL,3,OTT,6
2020020594,2021-04-03,20202021,2,COL,2,STL,1
2020020595,2021-04-03,20202021,2,VGK,1,MIN,2
2020020596,2021-04-03,20202021,2,LAK,2,SJS,3
2020020597,2021-04-04,20202021,2,NJD,4,WSH,5
2020020598,2021-04-04,20202021,2,CAR,1,DAL,0
2020020599,2021-04-04,20202021,2,TBL,1,DET,5
2020020600,2021-04-04,20202021,2,FLA,3,CBJ,0
2020020603,2021-04-04,20202021,2,CGY,2,TOR,4
2020020604,2021-04-04,20202021,2,ANA,2,ARI,3
2020020390,2021-04-05,20202021,2,BOS,2,PHI,3
2020020606,2021-04-05,20202021,2,STL,1,VGK,6
2020020607,2021-04-05,20202021,2,MTL,3,EDM,2
2020020608,2021-04-05,20202021,2,CGY,3,TOR,5
2020020609,2021-04-05,20202021,2,MIN,4,COL,5
2020020610,2021-04-05,20202021,2,LAK,2,ARI,5
2020020848,2021-04-05,20202021,2,WPG,4,OTT,3
2020020241,2021-04-06,20202021,2,SJS,1,ANA,5
2020020611,2021-04-06,20202021,2,NJD,3,BUF,5
2020020612,2021-04-06,20202021,2,NYI,1,WSH,0
2020020613,2021-04-06,20202021,2,NYR,8,PIT,4
2020020614,2021-04-06,20202021,2,PHI,2,BOS,4
2020020615,2021-04-06,20202021,2,CAR,5,FLA,2
2020020616,2021-04-06,20202021,2,CBJ,4,TBL,2
2020020617,2021-04-06,20202021,2,DET,2,NSH,3
2020020618,2021-04-06,20202021,2,CHI,4,DAL,2
2020020620,2021-04-07,20202021,2,STL,3,VGK,1
2020020621,2021-04-07,20202021,2,OTT,2,EDM,4
2020020622,2021-04-07,20202021,2,TOR,3,MTL,2
2020020623,2021-04-07,20202021,2,MIN,8,COL,3
2020020624,2021-04-07,20202021,2,LAK,4,ARI,3
2020020625,2021-04-08,20202021,2,BUF,3,NJD,6
2020020626,2021-04-08,20202021,2,NYI,3,PHI,2
2020020627,2021-04-08,20202021,2,NYR,2,PIT,5
2020020628,2021-04-08,20202021,2,WSH,2,BOS,4
2020020629,2021-04-08,20202021,2,CAR,3,FLA,0
2020020630,2021-04-08,20202021,2,CBJ,4,TBL,6
2020020631,2021-04-08,20202021,2,DET,1,NSH,7
2020020632,2021-04-08,20202021,2,CHI,1,DAL,5
2020020633,2021-04-08,20202021,2,MTL,2,WPG,4
2020020638,2021-04-08,20202021,2,OTT,1,EDM,3
2020020229,2021-04-09,20202021,2,BUF,3,WSH,4
2020020494,2021-04-09,20202021,2,NJD,4,PIT,6
2020020636,2021-04-09,20202021,2,NYI,1,NYR,4
2020020637,2021-04-09,20202021,2,STL,9,MIN,1
2020020639,2021-04-09,20202021,2,VGK,7,ARI,4
2020020640,2021-04-09,20202021,2,ANA,0,COL,2
2020020641,2021-04-09,20202021,2,SJS,5,LAK,2
2020020605,2021-04-10,20202021,2,PHI,3,BOS,2
2020020642,2021-04-10,20202021,2,CAR,4,DET,5
2020020643,2021-04-10,20202021,2,CBJ,3,CHI,4
2020020644,2021-04-10,20202021,2,NSH,0,TBL,3
2020020645,2021-04-10,20202021,2,MTL,0,WPG,5
2020020646,2021-04-10,20202021,2,TOR,6,OTT,5
2020020648,2021-04-10,20202021,2,DAL,4,FLA,1
2020020649,2021-04-10,20202021,2,SJS,2,LAK,4
2020020654,2021-04-10,20202021,2,STL,3,MIN,2
2020020849,2021-04-10,20202021,2,CGY,5,EDM,0
2020020650,2021-04-11,20202021,2,NJD,2,PIT,5
2020020651,2021-04-11,20202021,2,NYI,3,NYR,2
2020020652,2021-04-11,20202021,2,PHI,3,BUF,5
2020020655,2021-04-11,20202021,2,VGK,1,ARI,0
2020020656,2021-04-11,20202021,2,ANA,1,COL,4
2020020714,2021-04-11,20202021,2,BOS,1,WSH,8
2020020788,2021-04-11,20202021,2,NSH,3,DAL,2
2020020225,2021-04-12,20202021,2,COL,4,ARI,2
2020020657,2021-04-12,20202021,2,CAR,1,DET,3
2020020658,2021-04-12,20202021,2,CBJ,3,CHI,4
2020020660,2021-04-12,20202021,2,MTL,4,TOR,2
2020020661,2021-04-12,20202021,2,OTT,4,WPG,2
2020020663,2021-04-12,20202021,2,LAK,2,VGK,4
2020020664,2021-04-12,20202021,2,SJS,0,ANA,4
2020020195,2021-04-13,20202021,2,BOS,3,BUF,2
2020020202,2021-04-13,20202021,2,WSH,6,PHI,1
2020020659,2021-04-13,20202021,2,NSH,7,TBL,2
2020020666,2021-04-13,20202021,2,NJD,0,NYR,3
2020020669,2021-04-13,20202021,2,TOR,2,CGY,3
2020020670,2021-04-13,20202021,2,DAL,2,FLA,3
2020020182,2021-04-14,20202021,2,STL,3,COL,4
2020020192,2021-04-14,20202021,2,MIN,5,ARI,2
2020020671,2021-04-14,20202021,2,MTL,1,CGY,4
2020020672,2021-04-14,20202021,2,OTT,2,WPG,3
2020020674,2021-04-14,20202021,2,LAK,2,VGK,6
2020020675,2021-04-14,20202021,2,SJS,1,ANA,4
2020020665,2021-04-15,20202021,2,BOS,4,NYI,1
2020020676,2021-04-15,20202021,2,NYR,4,NJD,0
2020020677,2021-04-15,20202021,2,WSH,2,BUF,5
2020020678,2021-04-15,20202021,2,CAR,4,NSH,1
2020020679,2021-04-15,20202021,2,TBL,3,FLA,2
2020020680,2021-04-15,20202021,2,PIT,1,PHI,2
2020020681,2021-04-15,20202021,2,DET,4,CHI,1
2020020682,2021-04-15,20202021,2,TOR,2,WPG,5
2020020683,2021-04-15,20202021,2,DAL,4,CBJ,1
2020020685,2021-04-16,20202021,2,BOS,3,NYI,0
2020020686,2021-04-16,20202021,2,MTL,2,CGY,1
2020020687,2021-04-16,20202021,2,MIN,3,SJS,2
2020020689,2021-04-16,20202021,2,ANA,0,VGK,4
2020020546,2021-04-17,20202021,2,MTL,0,OTT,4
2020020690,2021-04-17,20202021,2,BUF,2,PIT,3
2020020691,2021-04-17,20202021,2,NYR,6,NJD,3
2020020692,2021-04-17,20202021,2,PHI,3,WSH,6
2020020693,2021-04-17,20202021,2,CAR,3,NSH,1
2020020694,2021-04-17,20202021,2,TBL,3,FLA,5
2020020695,2021-04-17,20202021,2,DET,0,CHI,4
2020020696,2021-04-17,20202021,2,WPG,0,EDM,3
2020020698,2021-04-17,20202021,2,MIN,5,SJS,2
2020020699,2021-04-17,20202021,2,DAL,5,CBJ,1
2020020700,2021-04-17,20202021,2,ARI,3,STL,2
2020020697,2021-04-18,20202021,2,VAN,3,TOR,2
2020020701,2021-04-18,20202021,2,BOS,6,WSH,3
2020020702,2021-04-18,20202021,2,NJD,3,NYR,5
2020020703,2021-04-18,20202021,2,PHI,0,NYI,1
2020020705,2021-04-18,20202021,2,ANA,2,VGK,5
2020020715,2021-04-18,20202021,2,BUF,4,PIT,2
2020020601,2021-04-19,20202021,2,NSH,5,CHI,2
2020020706,2021-04-19,20202021,2,TBL,3,CAR,2
2020020707,2021-04-19,20202021,2,FLA,4,CBJ,2
2020020708,2021-04-19,20202021,2,CGY,2,OTT,4
2020020709,2021-04-19,20202021,2,EDM,4,MTL,1
2020020711,2021-04-19,20202021,2,DAL,3,DET,2
2020020712,2021-04-19,20202021,2,ARI,2,MIN,5
2020020713,2021-04-19,20202021,2,VGK,3,SJS,2
2020020166,2021-04-20,20202021,2,PIT,7,NJD,6
2020020483,2021-04-20,20202021,2,BUF,0,BOS,2
2020020710,2021-04-20,20202021,2,VAN,6,TOR,3
2020020717,2021-04-20,20202021,2,NYI,6,NYR,1
2020020718,2021-04-20,20202021,2,TBL,1,CAR,4
2020020719,2021-04-20,20202021,2,FLA,5,CBJ,1
2020020722,2021-04-20,20202021,2,DAL,5,DET,2
2020020724,2021-04-20,20202021,2,LAK,4,ANA,1
2020020721,2021-04-21,20202021,2,EDM,3,MTL,4
2020020725,2021-04-21,20202021,2,CHI,5,NSH,4
2020020727,2021-04-21,20202021,2,ARI,1,MIN,4
2020020728,2021-04-21,20202021,2,VGK,5,SJS,2
2020020254,2021-04-22,20202021,2,NYR,2,PHI,3
2020020726,2021-04-22,20202021,2,WPG,3,TOR,5
2020020729,2021-04-22,20202021,2,BUF,1,BOS,5
2020020730,2021-04-22,20202021,2,NYI,0,WSH,1
2020020731,2021-04-22,20202021,2,TBL,3,CBJ,1
2020020732,2021-04-22,20202021,2,FLA,2,CAR,4
2020020733,2021-04-22,20202021,2,PIT,5,NJD,1
2020020734,2021-04-22,20202021,2,DET,7,DAL,3
2020020735,2021-04-22,20202021,2,STL,2,COL,4
2020020737,2021-04-22,20202021,2,VAN,0,OTT,3
2020020240,2021-04-23,20202021,2,LAK,2,MIN,4
2020020736,2021-04-23,20202021,2,CGY,4,MTL,2
2020020738,2021-04-23,20202021,2,BUF,6,BOS,4
2020020739,2021-04-23,20202021,2,NYR,4,PHI,1
2020020740,2021-04-23,20202021,2,CHI,1,NSH,3
2020020325,2021-04-24,20202021,2,ANA,1,VGK,5
2020020744,2021-04-24,20202021,2,NYI,3,WSH,6
2020020745,2021-04-24,20202021,2,FLA,4,CAR,3
2020020746,2021-04-24,20202021,2,PIT,4,NJD,2
2020020747,2021-04-24,20202021,2,DET,1,DAL,2
2020020748,2021-04-24,20202021,2,STL,5,COL,3
2020020749,2021-04-24,20202021,2,WPG,1,TOR,4
2020020750,2021-04-24,20202021,2,CGY,5,MTL,2
2020020751,2021-04-24,20202021,2,VAN,4,OTT,2
2020020752,2021-04-24,20202021,2,LAK,0,ARI,4
2020020753,2021-04-24,20202021,2,SJS,3,MIN,6
2020020216,2021-04-25,20202021,2,PHI,4,NJD,3
2020020754,2021-04-25,20202021,2,NYR,6,BUF,3
2020020756,2021-04-25,20202021,2,TBL,4,CBJ,3
2020020757,2021-04-25,20202021,2,PIT,1,BOS,0
2020020191,2021-04-26,20202021,2,STL,4,COL,1
2020020758,2021-04-26,20202021,2,NSH,4,FLA,1
2020020759,2021-04-26,20202021,2,OTT,2,VAN,1
2020020760,2021-04-26,20202021,2,WPG,1,EDM,6
2020020761,2021-04-26,20202021,2,CGY,1,MTL,2
2020020763,2021-04-26,20202021,2,DAL,4,CAR,3
2020020765,2021-04-26,20202021,2,LAK,4,ANA,1
2020020766,2021-04-26,20202021,2,SJS,6,ARI,4
2020020447,2021-04-27,20202021,2,WSH,1,NYI,0
2020020716,2021-04-27,20202021,2,NJD,6,PHI,4
2020020768,2021-04-27,20202021,2,NYR,3,BUF,1
2020020770,2021-04-27,20202021,2,PIT,1,BOS,3
2020020771,2021-04-27,20202021,2,CBJ,1,DET,0
2020020772,2021-04-27,20202021,2,CHI,4,TBL,7
2020020773,2021-04-27,20202021,2,NSH,4,FLA,7
2020020774,2021-04-27,20202021,2,DAL,1,CAR,5
2020020775,2021-04-28,20202021,2,MTL,1,TOR,4
2020020776,2021-04-28,20202021,2,OTT,6,VAN,3
2020020777,2021-04-28,20202021,2,WPG,1,EDM,3
2020020778,2021-04-28,20202021,2,MIN,3,STL,4
2020020779,2021-04-28,20202021,2,VGK,5,COL,2
2020020780,2021-04-28,20202021,2,LAK,2,ANA,3
2020020781,2021-04-28,20202021,2,SJS,4,ARI,2
2020020347,2021-04-29,20202021,2,TBL,3,DAL,0
2020020762,2021-04-29,20202021,2,MIN,4,STL,5
2020020782,2021-04-29,20202021,2,BOS,5,BUF,2
2020020783,2021-04-29,20202021,2,NJD,5,PHI,3
2020020784,2021-04-29,20202021,2,NYR,0,NYI,4
2020020785,2021-04-29,20202021,2,WSH,4,PIT,5
2020020786,2021-04-29,20202021,2,CAR,3,DET,1
2020020787,2021-04-29,20202021,2,CHI,3,FLA,4
2020020789,2021-04-29,20202021,2,EDM,1,CGY,3
2020020792,2021-04-29,20202021,2,TOR,4,VAN,1
2020020791,2021-04-30,20202021,2,MTL,5,WPG,3
2020020793,2021-04-30,20202021,2,COL,3,SJS,0
2020020794,2021-04-30,20202021,2,ARI,3,VGK,0
2020020795,2021-04-30,20202021,2,ANA,1,LAK,2
2020020207,2021-05-01,20202021,2,MIN,4,STL,3
2020020796,2021-05-01,20202021,2,BOS,6,BUF,2
2020020797,2021-05-01,20202021,2,NYI,3,NYR,0
2020020798,2021-05-01,20202021,2,PHI,1,NJD,4
2020020799,2021-05-01,20202021,2,WSH,0,PIT,3
2020020800,2021-05-01,20202021,2,CAR,2,CBJ,1
2020020801,2021-05-01,20202021,2,DET,1,TBL,0
2020020802,2021-05-01,20202021,2,CHI,4,FLA,5
2020020804,2021-05-01,20202021,2,NSH,1,DAL,0
2020020805,2021-05-01,20202021,2,MTL,3,OTT,2
2020020806,2021-05-01,20202021,2,TOR,5,VAN,1
2020020807,2021-05-01,20202021,2,EDM,4,CGY,1
2020020808,2021-05-01,20202021,2,COL,4,SJS,3
2020020809,2021-05-01,20202021,2,ARI,2,VGK,3
2020020810,2021-05-01,20202021,2,ANA,6,LAK,2
2020020811,2021-05-02,20202021,2,DET,1,TBL,2
2020020020,2021-05-03,20202021,2,FLA,5,DAL,4
2020020812,2021-05-03,20202021,2,BUF,4,NYI,2
2020020813,2021-05-03,20202021,2,NJD,0,BOS,3
2020020814,2021-05-03,20202021,2,NYR,3,WSH,6
2020020815,2021-05-03,20202021,2,PHI,7,PIT,2
2020020816,2021-05-03,20202021,2,CAR,5,CHI,2
2020020817,2021-05-03,20202021,2,CBJ,3,NSH,4
2020020818,2021-05-03,20202021,2,STL,3,ANA,1
2020020819,2021-05-03,20202021,2,MTL,3,TOR,2
2020020820,2021-05-03,20202021,2,OTT,2,WPG,1
2020020821,2021-05-03,20202021,2,MIN,6,VGK,5
2020020822,2021-05-03,20202021,2,ARI,2,LAK,3
2020020823,2021-05-03,20202021,2,SJS,4,COL,5
2020020829,2021-05-03,20202021,2,VAN,3,EDM,5
2020020824,2021-05-04,20202021,2,BUF,4,NYI,3
2020020825,2021-05-04,20202021,2,NJD,4,BOS,3
2020020826,2021-05-04,20202021,2,PHI,3,PIT,7
2020020827,2021-05-04,20202021,2,CAR,6,CHI,3
2020020844,2021-05-04,20202021,2,VAN,1,EDM,4
2020020033,2021-05-05,20202021,2,TBL,6,DAL,2
2020020564,2021-05-05,20202021,2,OTT,5,MTL,1
2020020830,2021-05-05,20202021,2,NYR,2,WSH,4
2020020831,2021-05-05,20202021,2,CBJ,4,NSH,2
2020020832,2021-05-05,20202021,2,STL,2,ANA,3
2020020834,2021-05-05,20202021,2,CGY,0,WPG,4
2020020835,2021-05-05,20202021,2,MIN,2,VGK,3
2020020836,2021-05-05,20202021,2,ARI,2,LAK,4
2020020837,2021-05-05,20202021,2,SJS,3,COL,2
2020020280,2021-05-06,20202021,2,CAR,1,CHI,2
2020020593,2021-05-06,20202021,2,EDM,3,VAN,6
2020020838,2021-05-06,20202021,2,BOS,4,NYR,0
2020020839,2021-05-06,20202021,2,NYI,1,NJD,2
2020020842,2021-05-06,20202021,2,PIT,8,BUF,4
2020020847,2021-05-06,20202021,2,TOR,5,MTL,2
2020020048,2021-05-07,20202021,2,TBL,2,DAL,5
2020020840,2021-05-07,20202021,2,WSH,2,PHI,4
2020020845,2021-05-07,20202021,2,CBJ,2,DET,5
2020020850,2021-05-07,20202021,2,MIN,4,ANA,3
2020020851,2021-05-07,20202021,2,VGK,4,STL,3
2020020852,2021-05-07,20202021,2,LAK,2,COL,3
2020020853,2021-05-07,20202021,2,SJS,2,ARI,5
2020020662,2021-05-08,20202021,2,EDM,4,VAN,3
2020020854,2021-05-08,20202021,2,BOS,4,NYR,5
2020020855,2021-05-08,20202021,2,NYI,5,NJD,1
2020020856,2021-05-08,20202021,2,WSH,2,PHI,1
2020020857,2021-05-08,20202021,2,FLA,5,TBL,1
2020020858,2021-05-08,20202021,2,PIT,1,BUF,0
2020020859,2021-05-08,20202021,2,CBJ,5,DET,4
2020020861,2021-05-08,20202021,2,NSH,3,CAR,1
2020020862,2021-05-08,20202021,2,TOR,3,MTL,2
2020020863,2021-05-08,20202021,2,WPG,2,OTT,4
2020020865,2021-05-08,20202021,2,MIN,4,ANA,3
2020020866,2021-05-08,20202021,2,VGK,4,STL,1
2020020867,2021-05-08,20202021,2,LAK,2,COL,3
2020020868,2021-05-08,20202021,2,SJS,4,ARI,5
2020020720,2021-05-09,20202021,2,CGY,6,OTT,1
2020020843,2021-05-09,20202021,2,CHI,4,DAL,2
2020020231,2021-05-10,20202021,2,PHI,4,NJD,2
2020020456,2021-05-10,20202021,2,LAK,1,STL,2
2020020510,2021-05-10,20202021,2,MTL,3,EDM,4
2020020529,2021-05-10,20202021,2,BOS,3,NYI,2
2020020602,2021-05-10,20202021,2,WPG,1,VAN,3
2020020764,2021-05-10,20202021,2,VGK,1,COL,2
2020020841,2021-05-10,20202021,2,FLA,4,TBL,0
2020020846,2021-05-10,20202021,2,NSH,5,CAR,0
2020020860,2021-05-10,20202021,2,CHI,4,DAL,5
2020020619,2021-05-11,20202021,2,WPG,5,VAN,0
2020020653,2021-05-11,20202021,2,WSH,2,BOS,1
2020020162,2021-05-12,20202021,2,SJS,0,VGK,6
2020020526,2021-05-12,20202021,2,MTL,3,EDM,4
2020020688,2021-05-12,20202021,2,COL,6,LAK,0
2020020790,2021-05-12,20202021,2,STL,4,MIN,0
2020020833,2021-05-12,20202021,2,OTT,4,TOR,3
2020020647,2021-05-13,20202021,2,CGY,4,VAN,1
2020020704,2021-05-13,20202021,2,COL,5,LAK,1
2020020803,2021-05-13,20202021,2,STL,7,MIN,3
2020020741,2021-05-14,20202021,2,WPG,4,TOR,2
2020020673,2021-05-15,20202021,2,EDM,1,VAN,4
2020030121,2021-05-15,20202021,3,WSH,3,BOS,2
2020020567,2021-05-16,20202021,2,VAN,5,CGY,6
2020030111,2021-05-16,20202021,3,PIT,3,NYI,4
2020030141,2021-05-16,20202021,3,FLA,4,TBL,5
2020030161,2021-05-16,20202021,3,VGK,0,MIN,1
2020030122,2021-05-17,20202021,3,WSH,3,BOS,4
2020030131,2021-05-17,20202021,3,CAR,5,NSH,2
2020030151,2021-05-17,20202021,3,COL,4,STL,1
2020020864,2021-05-18,20202021,2,VAN,4,CGY,2
2020030112,2021-05-18,20202021,3,PIT,2,NYI,1
2020030142,2021-05-18,20202021,3,FLA,1,TBL,3
2020030162,2021-05-18,20202021,3,VGK,3,MIN,1
2020020634,2021-05-19,20202021,2,CGY,6,VAN,2
2020030123,2021-05-19,20202021,3,BOS,3,WSH,2
2020030132,2021-05-19,20202021,3,CAR,3,NSH,0
2020030152,2021-05-19,20202021,3,COL,6,STL,3
2020030181,2021-05-19,20202021,3,EDM,1,WPG,4
2020030113,2021-05-20,20202021,3,NYI,4,PIT,5
2020030143,2021-05-20,20202021,3,TBL,5,FLA,6
2020030163,2021-05-20,20202021,3,MIN,2,VGK,5
2020030171,2021-05-20,20202021,3,TOR,1,MTL,2
2020030124,2021-05-21,20202021,3,BOS,4,WSH,1
2020030133,2021-05-21,20202021,3,NSH,5,CAR,4
2020030153,2021-05-21,20202021,3,STL,1,COL,5
2020030182,2021-05-21,20202021,3,EDM,0,WPG,1
2020030114,2021-05-22,20202021,3,NYI,4,PIT,1
2020030144,2021-05-22,20202021,3,TBL,6,FLA,2
2020030164,2021-05-22,20202021,3,MIN,0,VGK,4
2020030172,2021-05-22,20202021,3,TOR,5,MTL,1
2020030125,2021-05-23,20202021,3,WSH,1,BOS,3
2020030134,2021-05-23,20202021,3,NSH,4,CAR,3
2020030154,2021-05-23,20202021,3,STL,2,COL,5
2020030183,2021-05-23,20202021,3,WPG,5,EDM,4
2020030115,2021-05-24,20202021,3,PIT,2,NYI,3
2020030145,2021-05-24,20202021,3,FLA,4,TBL,1
2020030165,2021-05-24,20202021,3,VGK,2,MIN,4
2020030173,2021-05-24,20202021,3,MTL,1,TOR,2
2020030184,2021-05-24,20202021,3,WPG,4,EDM,3
2020030135,2021-05-25,20202021,3,CAR,3,NSH,2
2020030174,2021-05-25,20202021,3,MTL,0,TOR,4
2020030116,2021-05-26,20202021,3,NYI,5,PIT,3
2020030146,2021-05-26,20202021,3,TBL,4,FLA,0
2020030166,2021-05-26,20202021,3,MIN,3,VGK,0
2020030136,2021-05-27,20202021,3,NSH,3,CAR,4
2020030175,2021-05-27,20202021,3,TOR,3,MTL,4
2020030167,2021-05-28,20202021,3,VGK,6,MIN,2
2020030176,2021-05-29,20202021,3,MTL,3,TOR,2
2020030211,2021-05-29,20202021,3,BOS,5,NYI,2
2020030221,2021-05-30,20202021,3,CAR,1,TBL,2
2020030231,2021-05-30,20202021,3,COL,7,VGK,1
2020030177,2021-05-31,20202021,3,TOR,1,MTL,3
2020030212,2021-05-31,20202021,3,BOS,3,NYI,4
2020030222,2021-06-01,20202021,3,CAR,1,TBL,2
2020030232,2021-06-02,20202021,3,COL,3,VGK,2
2020030241,2021-06-02,20202021,3,WPG,3,MTL,5
2020030213,2021-06-03,20202021,3,NYI,1,BOS,2
2020030223,2021-06-03,20202021,3,TBL,2,CAR,3
2020030233,2021-06-04,20202021,3,VGK,3,COL,2
2020030242,2021-06-04,20202021,3,WPG,0,MTL,1
2020030214,2021-06-05,20202021,3,NYI,4,BOS,1
2020030224,2021-06-05,20202021,3,TBL,6,CAR,4
2020030234,2021-06-06,20202021,3,VGK,5,COL,1
2020030243,2021-06-06,20202021,3,MTL,5,WPG,1
2020030215,2021-06-07,20202021,3,BOS,4,NYI,5
2020030244,2021-06-07,20202021,3,MTL,3,WPG,2
2020030225,2021-06-08,20202021,3,CAR,0,TBL,2
2020030235,2021-06-08,20202021,3,COL,2,VGK,3
2020030216,2021-06-09,20202021,3,NYI,6,BOS,2
2020030236,2021-06-10,20202021,3,VGK,6,COL,3
2020030321,2021-06-13,20202021,3,TBL,1,NYI,2
2020030311,2021-06-14,20202021,3,VGK,4,MTL,1
2020030322,2021-06-15,20202021,3,TBL,4,NYI,2
2020030312,2021-06-16,20202021,3,VGK,2,MTL,3
2020030323,2021-06-17,20202021,3,NYI,1,TBL,2
2020030313,2021-06-18,20202021,3,MTL,3,VGK,2
2020030324,2021-06-19,20202021,3,NYI,3,TBL,2
2020030314,2021-06-20,20202021,3,MTL,1,VGK,2
2020030325,2021-06-21,20202021,3,TBL,8,NYI,0
2020030315,2021-06-22,20202021,3,VGK,1,MTL,4
2020030326,2021-06-23,20202021,3,NYI,3,TBL,2
2020030316,2021-06-24,20202021,3,MTL,3,VGK,2
2020030327,2021-06-25,20202021,3,TBL,1,NYI,0
2020030411,2021-06-28,20202021,3,TBL,5,MTL,1
2020030412,2021-06-30,20202021,3,TBL,3,MTL,1
2020030413,2021-07-02,20202021,3,MTL,3,TBL,6
2020030414,2021-07-05,20202021,3,MTL,3,TBL,2
2020030415,2021-07-07,20202021,3,TBL,1,MTL,0
2021020001,2021-10-12,20212022,2,TBL,2,PIT,6
2021020002,2021-10-12,20212022,2,VGK,4,SEA,3
2021020003,2021-10-13,20212022,2,TOR,2,MTL,1
2021020004,2021-10-13,20212022,2,WSH,5,NYR,1
2021020005,2021-10-13,20212022,2,COL,4,CHI,2
2021020006,2021-10-13,20212022,2,EDM,3,VAN,2
2021020015,2021-10-13,20212022,2,ANA,4,WPG,1
2021020007,2021-10-14,20212022,2,BUF,5,MTL,1
2021020008,2021-10-14,20212022,2,OTT,3,TOR,2
2021020009,2021-10-14,20212022,2,DET,6,TBL,7
2021020010,2021-10-14,20212022,2,FLA,5,PIT,4
2021020011,2021-10-14,20212022,2,NYR,2,DAL,3
2021020012,2021-10-14,20212022,2,CAR,6,NYI,3
2021020013,2021-10-14,20212022,2,CBJ,8,ARI,2
2021020014,2021-10-14,20212022,2,NSH,3,SEA,4
2021020016,2021-10-14,20212022,2,LAK,6,VGK,2
2021020017,2021-10-15,20212022,2,NJD,4,CHI,3
2021020018,2021-10-15,20212022,2,PHI,4,VAN,5
2021020019,2021-10-15,20212022,2,ANA,1,MIN,2
2021020020,2021-10-16,20212022,2,BOS,3,DAL,1
2021020021,2021-10-16,20212022,2,BUF,2,ARI,1
2021020022,2021-10-16,20212022,2,TOR,3,OTT,1
2021020023,2021-10-16,20212022,2,MTL,1,NYR,3
2021020024,2021-10-16,20212022,2,DET,3,VAN,1
2021020025,2021-10-16,20212022,2,FLA,5,NYI,1
2021020026,2021-10-16,20212022,2,PIT,5,CHI,2
2021020027,2021-10-16,20212022,2,WSH,1,TBL,2
2021020028,2021-10-16,20212022,2,CBJ,2,SEA,1
2021020029,2021-10-16,20212022,2,NSH,2,CAR,3
2021020030,2021-10-16,20212022,2,COL,3,STL,5
2021020031,2021-10-16,20212022,2,EDM,5,CGY,2
2021020032,2021-10-16,20212022,2,LAK,2,MIN,3
2021020033,2021-10-16,20212022,2,SJS,4,WPG,3
2021020034,2021-10-17,20212022,2,OTT,3,DAL,2
2021020035,2021-10-18,20212022,2,TOR,1,NYR,2
2021020036,2021-10-18,20212022,2,PHI,6,SEA,1
2021020037,2021-10-18,20212022,2,CGY,2,ANA,3
2021020038,2021-10-18,20212022,2,ARI,4,STL,7
2021020039,2021-10-19,20212022,2,BUF,5,VAN,2
2021020040,2021-10-19,20212022,2,MTL,0,SJS,5
2021020041,2021-10-19,20212022,2,DET,4,CBJ,1
2021020042,2021-10-19,20212022,2,TBL,1,FLA,4
2021020043,2021-10-19,20212022,2,NJD,4,SEA,2
2021020044,2021-10-19,20212022,2,PIT,1,DAL,2
2021020045,2021-10-19,20212022,2,WSH,6,COL,3
2021020046,2021-10-19,20212022,2,CHI,1,NYI,4
2021020047,2021-10-19,20212022,2,NSH,2,LAK,1
2021020048,2021-10-19,20212022,2,MIN,6,WPG,5
2021020049,2021-10-19,20212022,2,EDM,6,ANA,5
2021020050,2021-10-20,20212022,2,PHI,6,BOS,3
2021020051,2021-10-20,20212022,2,VGK,1,STL,3
2021020052,2021-10-21,20212022,2,MTL,1,CAR,4
2021020053,2021-10-21,20212022,2,OTT,1,SJS,2
2021020054,2021-10-21,20212022,2,DET,0,CGY,3
2021020055,2021-10-21,20212022,2,FLA,4,COL,1
2021020056,2021-10-21,20212022,2,NJD,1,WSH,4
2021020057,2021-10-21,20212022,2,CBJ,3,NYI,2
2021020058,2021-10-21,20212022,2,CHI,1,VAN,4
2021020059,2021-10-21,20212022,2,NSH,1,NYR,3
2021020060,2021-10-21,20212022,2,WPG,5,ANA,1
2021020061,2021-10-21,20212022,2,ARI,1,EDM,5
2021020062,2021-10-22,20212022,2,BUF,1,BOS,4
2021020063,2021-10-22,20212022,2,TOR,3,SJS,5
2021020064,2021-10-22,20212022,2,DAL,3,LAK,2
2021020065,2021-10-22,20212022,2,VGK,3,EDM,5
2021020066,2021-10-23,20212022,2,MTL,6,DET,1
2021020067,2021-10-23,20212022,2,OTT,2,NYR,3
2021020068,2021-10-23,20212022,2,TBL,3,COL,4
2021020069,2021-10-23,20212022,2,NJD,2,BUF,1
2021020070,2021-10-23,20212022,2,PHI,2,FLA,4
2021020071,2021-10-23,20212022,2,PIT,7,TOR,1
2021020072,2021-10-23,20212022,2,WSH,3,CGY,4
2021020073,2021-10-23,20212022,2,CBJ,1,CAR,5
2021020074,2021-10-23,20212022,2,STL,7,LAK,3
2021020075,2021-10-23,20212022,2,MIN,4,ANA,3
2021020076,2021-10-23,20212022,2,WPG,6,NSH,4
2021020077,2021-10-23,20212022,2,ARI,0,NYI,3
2021020078,2021-10-23,20212022,2,SEA,2,VAN,4
2021020079,2021-10-24,20212022,2,BOS,4,SJS,3
2021020080,2021-10-24,20212022,2,CHI,3,DET,6
2021020081,2021-10-24,20212022,2,MIN,2,NSH,5
2021020082,2021-10-24,20212022,2,VGK,0,NYI,2
2021020083,2021-10-25,20212022,2,BUF,5,TBL,1
2021020084,2021-10-25,20212022,2,OTT,5,WSH,7
2021020085,2021-10-25,20212022,2,FLA,5,ARI,3
2021020086,2021-10-25,20212022,2,NYR,1,CGY,5
2021020087,2021-10-25,20212022,2,CAR,4,TOR,1
2021020088,2021-10-25,20212022,2,CBJ,4,DAL,1
2021020089,2021-10-25,20212022,2,STL,3,LAK,0
2021020090,2021-10-26,20212022,2,NJD,3,CGY,5
2021020091,2021-10-26,20212022,2,PIT,1,TBL,5
2021020092,2021-10-26,20212022,2,NSH,3,SJS,1
2021020093,2021-10-26,20212022,2,COL,1,VGK,3
2021020094,2021-10-26,20212022,2,VAN,2,MIN,3
2021020095,2021-10-26,20212022,2,ANA,3,WPG,4
2021020096,2021-10-26,20212022,2,SEA,5,MTL,1
2021020097,2021-10-27,20212022,2,FLA,4,BOS,1
2021020098,2021-10-27,20212022,2,WSH,2,DET,3
2021020099,2021-10-27,20212022,2,CHI,2,TOR,3
2021020100,2021-10-27,20212022,2,DAL,2,VGK,3
2021020101,2021-10-27,20212022,2,EDM,3,PHI,5
2021020102,2021-10-28,20212022,2,TBL,5,ARI,1
2021020103,2021-10-28,20212022,2,PIT,0,CGY,4
2021020104,2021-10-28,20212022,2,CAR,3,BOS,0
2021020105,2021-10-28,20212022,2,STL,3,COL,4
2021020106,2021-10-28,20212022,2,VAN,1,PHI,2
2021020107,2021-10-28,20212022,2,ANA,3,BUF,4
2021020108,2021-10-28,20212022,2,LAK,2,WPG,3
2021020109,2021-10-28,20212022,2,SJS,0,MTL,4
2021020110,2021-10-28,20212022,2,SEA,4,MIN,1
2021020111,2021-10-29,20212022,2,DET,2,FLA,3
2021020112,2021-10-29,20212022,2,NYR,4,CBJ,0
2021020113,2021-10-29,20212022,2,WSH,2,ARI,0
2021020114,2021-10-29,20212022,2,CAR,6,CHI,3
2021020115,2021-10-29,20212022,2,DAL,1,OTT,4
2021020116,2021-10-29,20212022,2,VGK,5,ANA,4
2021020117,2021-10-30,20212022,2,BOS,3,FLA,2
2021020118,2021-10-30,20212022,2,TOR,5,DET,4
2021020119,2021-10-30,20212022,2,PIT,2,NJD,4
2021020120,2021-10-30,20212022,2,STL,1,CHI,0
2021020121,2021-10-30,20212022,2,NSH,3,NYI,2
2021020122,2021-10-30,20212022,2,COL,4,MIN,1
2021020123,2021-10-30,20212022,2,CGY,4,PHI,0
2021020124,2021-10-30,20212022,2,VAN,1,EDM,2
2021020125,2021-10-30,20212022,2,LAK,5,MTL,2
2021020126,2021-10-30,20212022,2,SJS,2,WPG,1
2021020127,2021-10-31,20212022,2,NJD,3,CBJ,4
2021020128,2021-10-31,20212022,2,CAR,2,ARI,1
2021020129,2021-10-31,20212022,2,ANA,4,MTL,2
2021020130,2021-10-31,20212022,2,LAK,3,BUF,2
2021020131,2021-10-31,20212022,2,SEA,1,NYR,3
2021020132,2021-11-01,20212022,2,TBL,3,WSH,2
2021020133,2021-11-01,20212022,2,CHI,5,OTT,1
2021020134,2021-11-01,20212022,2,EDM,5,SEA,2
2021020135,2021-11-02,20212022,2,TOR,4,VGK,0
2021020136,2021-11-02,20212022,2,MTL,3,DET,0
2021020137,2021-11-02,20212022,2,PHI,3,ARI,0
2021020138,2021-11-02,20212022,2,MIN,5,OTT,4
2021020139,2021-11-02,20212022,2,WPG,4,DAL,3
2021020140,2021-11-02,20212022,2,CGY,2,NSH,3
2021020141,2021-11-02,20212022,2,VAN,3,NYR,2
2021020142,2021-11-02,20212022,2,ANA,4,NJD,0
2021020143,2021-11-02,20212022,2,SJS,5,BUF,3
2021020144,2021-11-03,20212022,2,CHI,3,CAR,4
2021020145,2021-11-03,20212022,2,COL,4,CBJ,5
2021020146,2021-11-03,20212022,2,EDM,5,NSH,2
2021020147,2021-11-03,20212022,2,LAK,3,STL,2
2021020148,2021-11-04,20212022,2,BOS,5,DET,1
2021020149,2021-11-04,20212022,2,TOR,2,TBL,1
2021020150,2021-11-04,20212022,2,MTL,2,NYI,6
2021020151,2021-11-04,20212022,2,OTT,1,VGK,5
2021020152,2021-11-04,20212022,2,FLA,5,WSH,4
2021020153,2021-11-04,20212022,2,PIT,3,PHI,2
2021020154,2021-11-04,20212022,2,CGY,3,DAL,4
2021020155,2021-11-04,20212022,2,SJS,3,STL,5
2021020156,2021-11-04,20212022,2,SEA,5,BUF,2
2021020157,2021-11-05,20212022,2,WPG,5,CHI,1
2021020158,2021-11-05,20212022,2,EDM,6,NYR,5
2021020159,2021-11-05,20212022,2,VAN,2,NSH,3
2021020160,2021-11-05,20212022,2,ANA,3,ARI,1
2021020161,2021-11-05,20212022,2,LAK,3,NJD,2
2021020162,2021-11-06,20212022,2,BUF,3,DET,4
2021020163,2021-11-06,20212022,2,TOR,5,BOS,2
2021020164,2021-11-06,20212022,2,MTL,2,VGK,5
2021020165,2021-11-06,20212022,2,OTT,3,TBL,5
2021020166,2021-11-06,20212022,2,FLA,5,CAR,2
2021020167,2021-11-06,20212022,2,PIT,4,MIN,5
2021020168,2021-11-06,20212022,2,WSH,1,PHI,2
2021020169,2021-11-06,20212022,2,CBJ,4,COL,2
2021020170,2021-11-06,20212022,2,WPG,0,NYI,2
2021020171,2021-11-06,20212022,2,CGY,6,NYR,0
2021020172,2021-11-06,20212022,2,ARI,5,SEA,4
2021020173,2021-11-06,20212022,2,SJS,2,NJD,3
2021020174,2021-11-07,20212022,2,DET,5,VGK,2
2021020175,2021-11-07,20212022,2,CHI,2,NSH,1
2021020176,2021-11-07,20212022,2,MIN,5,NYI,2
2021020177,2021-11-07,20212022,2,VAN,6,DAL,3
2021020178,2021-11-07,20212022,2,ANA,4,STL,1
2021020179,2021-11-08,20212022,2,TOR,1,LAK,5
2021020180,2021-11-08,20212022,2,NYR,4,FLA,3
2021020181,2021-11-08,20212022,2,WSH,5,BUF,3
2021020182,2021-11-09,20212022,2,BOS,3,OTT,2
2021020183,2021-11-09,20212022,2,MTL,2,LAK,3
2021020184,2021-11-09,20212022,2,DET,4,EDM,2
2021020185,2021-11-09,20212022,2,TBL,1,CAR,2
2021020186,2021-11-09,20212022,2,NJD,7,FLA,3
2021020187,2021-11-09,20212022,2,CHI,3,PIT,2
2021020188,2021-11-09,20212022,2,WPG,2,STL,3
2021020189,2021-11-09,20212022,2,CGY,1,SJS,4
2021020190,2021-11-09,20212022,2,VAN,2,ANA,3
2021020191,2021-11-09,20212022,2,VGK,4,SEA,2
2021020192,2021-11-10,20212022,2,PHI,0,TOR,3
2021020193,2021-11-10,20212022,2,DAL,2,NSH,4
2021020194,2021-11-10,20212022,2,ARI,2,MIN,5
2021020195,2021-11-11,20212022,2,BOS,3,EDM,5
2021020196,2021-11-11,20212022,2,MTL,4,CGY,2
2021020197,2021-11-11,20212022,2,OTT,0,LAK,2
2021020198,2021-11-11,20212022,2,DET,0,WSH,2
2021020199,2021-11-11,20212022,2,NJD,4,NYI,0
2021020200,2021-11-11,20212022,2,PIT,3,FLA,2
2021020201,2021-11-11,20212022,2,STL,3,NSH,4
2021020202,2021-11-11,20212022,2,WPG,4,SJS,1
2021020203,2021-11-11,20212022,2,COL,7,VAN,1
2021020204,2021-11-11,20212022,2,VGK,3,MIN,2
2021020205,2021-11-11,20212022,2,SEA,4,ANA,7
2021020206,2021-11-12,20212022,2,BUF,3,EDM,2
2021020207,2021-11-12,20212022,2,TOR,2,CGY,1
2021020208,2021-11-12,20212022,2,CAR,1,PHI,2
2021020209,2021-11-12,20212022,2,CBJ,3,WSH,4
2021020210,2021-11-12,20212022,2,CHI,2,ARI,1
2021020211,2021-11-13,20212022,2,BUF,4,TOR,5
2021020212,2021-11-13,20212022,2,OTT,6,PIT,3
2021020213,2021-11-13,20212022,2,DET,3,MTL,2
2021020214,2021-11-13,20212022,2,TBL,3,FLA,2
2021020215,2021-11-13,20212022,2,NJD,2,BOS,5
2021020216,2021-11-13,20212022,2,CAR,3,STL,2
2021020217,2021-11-13,20212022,2,CBJ,3,NYR,5
2021020218,2021-11-13,20212022,2,NSH,4,ARI,1
2021020219,2021-11-13,20212022,2,DAL,5,PHI,2
2021020220,2021-11-13,20212022,2,WPG,3,LAK,2
2021020221,2021-11-13,20212022,2,COL,6,SJS,2
2021020222,2021-11-13,20212022,2,VGK,7,VAN,4
2021020223,2021-11-13,20212022,2,SEA,2,MIN,4
2021020224,2021-11-14,20212022,2,BOS,5,MTL,2
2021020225,2021-11-14,20212022,2,OTT,0,CGY,4
2021020226,2021-11-14,20212022,2,NYR,4,NJD,3
2021020227,2021-11-14,20212022,2,WSH,6,PIT,1
2021020228,2021-11-14,20212022,2,STL,4,EDM,5
2021020229,2021-11-14,20212022,2,ANA,5,VAN,1
2021020230,2021-11-15,20212022,2,TBL,4,NYI,1
2021020231,2021-11-15,20212022,2,CBJ,5,DET,3
2021020232,2021-11-16,20212022,2,TOR,3,NSH,0
2021020233,2021-11-16,20212022,2,FLA,6,NYI,1
2021020235,2021-11-16,20212022,2,NYR,3,MTL,2
2021020236,2021-11-16,20212022,2,PHI,2,CGY,1
2021020237,2021-11-16,20212022,2,PIT,1,BUF,2
2021020238,2021-11-16,20212022,2,STL,2,ARI,3
2021020239,2021-11-16,20212022,2,DAL,5,DET,2
2021020240,2021-11-16,20212022,2,MIN,1,SJS,4
2021020241,2021-11-16,20212022,2,WPG,5,EDM,2
2021020242,2021-11-16,20212022,2,VGK,2,CAR,4
2021020243,2021-11-16,20212022,2,ANA,3,WSH,2
2021020244,2021-11-17,20212022,2,VAN,2,COL,4
2021020245,2021-11-17,20212022,2,LAK,0,WSH,2
2021020246,2021-11-17,20212022,2,SEA,2,CHI,4
2021020247,2021-11-18,20212022,2,BUF,0,CGY,5
2021020248,2021-11-18,20212022,2,TOR,2,NYR,1
2021020249,2021-11-18,20212022,2,MTL,0,PIT,6
2021020251,2021-11-18,20212022,2,FLA,4,NJD,1
2021020252,2021-11-18,20212022,2,PHI,3,TBL,4
2021020253,2021-11-18,20212022,2,STL,4,SJS,1
2021020254,2021-11-18,20212022,2,MIN,7,DAL,2
2021020255,2021-11-18,20212022,2,EDM,2,WPG,1
2021020256,2021-11-18,20212022,2,ARI,4,CBJ,5
2021020257,2021-11-18,20212022,2,VGK,5,DET,2
2021020258,2021-11-18,20212022,2,ANA,1,CAR,2
2021020259,2021-11-19,20212022,2,VAN,3,WPG,2
2021020260,2021-11-19,20212022,2,SEA,3,COL,7
2021020261,2021-11-20,20212022,2,TOR,0,PIT,2
2021020262,2021-11-20,20212022,2,MTL,6,NSH,3
2021020264,2021-11-20,20212022,2,TBL,3,NJD,5
2021020265,2021-11-20,20212022,2,FLA,5,MIN,4
2021020266,2021-11-20,20212022,2,NYI,2,CGY,5
2021020267,2021-11-20,20212022,2,PHI,2,BOS,5
2021020268,2021-11-20,20212022,2,DAL,4,STL,1
2021020269,2021-11-20,20212022,2,EDM,5,CHI,2
2021020270,2021-11-20,20212022,2,ARI,2,DET,1
2021020271,2021-11-20,20212022,2,VGK,3,CBJ,2
2021020272,2021-11-20,20212022,2,LAK,4,CAR,5
2021020273,2021-11-20,20212022,2,SJS,0,WSH,4
2021020274,2021-11-21,20212022,2,BOS,0,CGY,4
2021020275,2021-11-21,20212022,2,TBL,5,MIN,4
2021020276,2021-11-21,20212022,2,NYI,0,TOR,3
2021020277,2021-11-21,20212022,2,NYR,5,BUF,4
2021020278,2021-11-21,20212022,2,VAN,0,CHI,1
2021020279,2021-11-21,20212022,2,LAK,1,ARI,2
2021020280,2021-11-21,20212022,2,SEA,5,WSH,2
2021020281,2021-11-22,20212022,2,BUF,4,CBJ,7
2021020282,2021-11-22,20212022,2,STL,5,VGK,2
2021020283,2021-11-22,20212022,2,NSH,3,ANA,2
2021020284,2021-11-22,20212022,2,WPG,1,PIT,3
2021020285,2021-11-22,20212022,2,COL,7,OTT,5
2021020286,2021-11-22,20212022,2,SJS,2,CAR,1
2021020287,2021-11-23,20212022,2,TBL,4,PHI,0
2021020288,2021-11-23,20212022,2,DAL,4,EDM,1
2021020289,2021-11-23,20212022,2,CGY,5,CHI,2
2021020290,2021-11-24,20212022,2,BUF,1,BOS,5
2021020291,2021-11-24,20212022,2,DET,4,STL,2
2021020292,2021-11-24,20212022,2,FLA,2,PHI,1
2021020293,2021-11-24,20212022,2,NJD,2,MIN,3
2021020294,2021-11-24,20212022,2,NYI,1,NYR,4
2021020295,2021-11-24,20212022,2,PIT,4,VAN,1
2021020296,2021-11-24,20212022,2,WSH,6,MTL,3
2021020297,2021-11-24,20212022,2,CBJ,3,WPG,0
2021020298,2021-11-24,20212022,2,NSH,2,VGK,5
2021020299,2021-11-24,20212022,2,COL,5,ANA,2
2021020300,2021-11-24,20212022,2,ARI,3,EDM,5
2021020301,2021-11-24,20212022,2,LAK,2,TOR,6
2021020302,2021-11-24,20212022,2,SJS,6,OTT,3
2021020303,2021-11-24,20212022,2,SEA,2,CAR,1
2021020304,2021-11-26,20212022,2,BOS,2,NYR,5
2021020305,2021-11-26,20212022,2,BUF,4,MTL,1
2021020306,2021-11-26,20212022,2,TBL,3,SEA,0
2021020307,2021-11-26,20212022,2,NYI,0,PIT,1
2021020308,2021-11-26,20212022,2,PHI,3,CAR,6
2021020309,2021-11-26,20212022,2,WSH,4,FLA,3
2021020310,2021-11-26,20212022,2,CBJ,4,VAN,2
2021020311,2021-11-26,20212022,2,CHI,3,STL,2
2021020312,2021-11-26,20212022,2,NSH,4,NJD,2
2021020313,2021-11-26,20212022,2,DAL,3,COL,1
2021020314,2021-11-26,20212022,2,MIN,7,WPG,1
2021020315,2021-11-26,20212022,2,ANA,4,OTT,0
2021020316,2021-11-26,20212022,2,SJS,1,TOR,4
2021020317,2021-11-27,20212022,2,DET,3,BUF,2
2021020318,2021-11-27,20212022,2,FLA,1,SEA,4
2021020319,2021-11-27,20212022,2,PIT,3,MTL,6
2021020320,2021-11-27,20212022,2,STL,6,CBJ,3
2021020321,2021-11-27,20212022,2,COL,6,NSH,2
2021020322,2021-11-27,20212022,2,CGY,2,WPG,4
2021020323,2021-11-27,20212022,2,ARI,2,DAL,3
2021020324,2021-11-27,20212022,2,VGK,2,EDM,3
2021020325,2021-11-27,20212022,2,LAK,4,OTT,2
2021020326,2021-11-28,20212022,2,BOS,3,VAN,2
2021020327,2021-11-28,20212022,2,NJD,5,PHI,2
2021020329,2021-11-28,20212022,2,CAR,2,WSH,4
2021020330,2021-11-28,20212022,2,CHI,0,SJS,2
2021020331,2021-11-28,20212022,2,MIN,4,TBL,2
2021020332,2021-11-28,20212022,2,ANA,1,TOR,5
2021020333,2021-11-29,20212022,2,BUF,4,SEA,7
2021020334,2021-11-29,20212022,2,MTL,1,VAN,2
2021020335,2021-11-29,20212022,2,WPG,0,ARI,1
2021020336,2021-11-29,20212022,2,CGY,2,PIT,1
2021020337,2021-11-30,20212022,2,BOS,1,DET,2
2021020338,2021-11-30,20212022,2,FLA,5,WSH,4
2021020339,2021-11-30,20212022,2,NJD,2,SJS,5
2021020341,2021-11-30,20212022,2,STL,4,TBL,3
2021020342,2021-11-30,20212022,2,NSH,6,CBJ,0
2021020343,2021-11-30,20212022,2,DAL,4,CAR,1
2021020344,2021-11-30,20212022,2,MIN,5,ARI,2
2021020345,2021-11-30,20212022,2,LAK,4,ANA,5
2021020346,2021-12-01,20212022,2,TOR,8,COL,3
2021020347,2021-12-01,20212022,2,OTT,2,VAN,6
2021020348,2021-12-01,20212022,2,DET,4,SEA,3
2021020349,2021-12-01,20212022,2,NYR,4,PHI,1
2021020350,2021-12-01,20212022,2,EDM,5,PIT,2
2021020351,2021-12-01,20212022,2,ANA,6,VGK,5
2021020352,2021-12-02,20212022,2,MTL,1,COL,4
2021020353,2021-12-02,20212022,2,TBL,4,STL,2
2021020354,2021-12-02,20212022,2,FLA,7,BUF,4
2021020355,2021-12-02,20212022,2,NYI,1,SJS,2
2021020356,2021-12-02,20212022,2,WSH,3,CHI,4
2021020357,2021-12-02,20212022,2,CAR,2,OTT,3
2021020358,2021-12-02,20212022,2,NSH,0,BOS,2
2021020359,2021-12-02,20212022,2,DAL,3,CBJ,2
2021020360,2021-12-02,20212022,2,MIN,5,NJD,2
2021020361,2021-12-02,20212022,2,LAK,2,CGY,3
2021020362,2021-12-03,20212022,2,NYR,1,SJS,0
2021020363,2021-12-03,20212022,2,WPG,8,NJD,4
2021020364,2021-12-03,20212022,2,ARI,1,VGK,7
2021020365,2021-12-03,20212022,2,ANA,3,CGY,4
2021020366,2021-12-03,20212022,2,SEA,4,EDM,3
2021020367,2021-12-04,20212022,2,BOS,2,TBL,3
2021020368,2021-12-04,20212022,2,OTT,6,COL,5
2021020369,2021-12-04,20212022,2,DET,4,NYI,3
2021020370,2021-12-04,20212022,2,FLA,4,STL,3
2021020371,2021-12-04,20212022,2,NYR,3,CHI,2
2021020372,2021-12-04,20212022,2,WSH,3,CBJ,1
2021020373,2021-12-04,20212022,2,CAR,6,BUF,2
2021020374,2021-12-04,20212022,2,NSH,4,MTL,3
2021020375,2021-12-04,20212022,2,MIN,4,TOR,3
2021020376,2021-12-04,20212022,2,VAN,1,PIT,4
2021020377,2021-12-05,20212022,2,NYI,2,CHI,3
2021020378,2021-12-05,20212022,2,PHI,1,TBL,7
2021020379,2021-12-05,20212022,2,CBJ,6,SJS,4
2021020380,2021-12-05,20212022,2,WPG,6,TOR,3
2021020381,2021-12-05,20212022,2,EDM,1,LAK,5
2021020382,2021-12-05,20212022,2,VGK,3,CGY,2
2021020234,2021-12-06,20212022,2,NJD,2,OTT,3
2021020383,2021-12-06,20212022,2,PHI,5,COL,7
2021020384,2021-12-06,20212022,2,WSH,4,ANA,3
2021020385,2021-12-06,20212022,2,DAL,4,ARI,1
2021020386,2021-12-06,20212022,2,VAN,4,LAK,0
2021020387,2021-12-06,20212022,2,SEA,1,PIT,6
2021020388,2021-12-07,20212022,2,BUF,0,ANA,2
2021020389,2021-12-07,20212022,2,TOR,5,CBJ,4
2021020390,2021-12-07,20212022,2,MTL,2,TBL,3
2021020391,2021-12-07,20212022,2,OTT,3,NYI,5
2021020392,2021-12-07,20212022,2,DET,2,NSH,5
2021020393,2021-12-07,20212022,2,CHI,2,NYR,6
2021020394,2021-12-07,20212022,2,STL,4,FLA,3
2021020395,2021-12-07,20212022,2,WPG,2,CAR,4
2021020396,2021-12-07,20212022,2,EDM,1,MIN,4
2021020397,2021-12-07,20212022,2,SJS,5,CGY,3
2021020398,2021-12-08,20212022,2,NJD,3,PHI,0
2021020399,2021-12-08,20212022,2,NYR,3,COL,7
2021020400,2021-12-08,20212022,2,VAN,2,BOS,1
2021020401,2021-12-08,20212022,2,VGK,5,DAL,4
2021020402,2021-12-09,20212022,2,TOR,3,TBL,5
2021020403,2021-12-09,20212022,2,MTL,0,CHI,2
2021020404,2021-12-09,20212022,2,NYI,3,NSH,4
2021020405,2021-12-09,20212022,2,CBJ,1,ANA,2
2021020406,2021-12-09,20212022,2,STL,6,DET,2
2021020407,2021-12-09,20212022,2,CGY,1,CAR,2
2021020408,2021-12-09,20212022,2,EDM,2,BOS,3
2021020409,2021-12-09,20212022,2,LAK,4,DAL,0
2021020410,2021-12-09,20212022,2,SJS,2,MIN,5
2021020411,2021-12-09,20212022,2,SEA,0,WPG,3
2021020412,2021-12-10,20212022,2,BUF,1,NYR,2
2021020413,2021-12-10,20212022,2,NJD,2,NSH,3
2021020414,2021-12-10,20212022,2,WSH,2,PIT,4
2021020415,2021-12-10,20212022,2,COL,7,DET,3
2021020416,2021-12-10,20212022,2,ARI,1,FLA,3
2021020417,2021-12-10,20212022,2,VAN,4,WPG,3
2021020418,2021-12-10,20212022,2,VGK,3,PHI,4
2021020419,2021-12-11,20212022,2,BUF,2,WSH,3
2021020420,2021-12-11,20212022,2,TOR,5,CHI,4
2021020421,2021-12-11,20212022,2,OTT,4,TBL,0
2021020422,2021-12-11,20212022,2,NYI,4,NJD,2
2021020423,2021-12-11,20212022,2,PIT,1,ANA,0
2021020424,2021-12-11,20212022,2,STL,4,MTL,1
2021020425,2021-12-11,20212022,2,CGY,2,BOS,4
2021020426,2021-12-11,20212022,2,EDM,1,CAR,3
2021020427,2021-12-11,20212022,2,ARI,3,PHI,5
2021020428,2021-12-11,20212022,2,LAK,2,MIN,1
2021020429,2021-12-11,20212022,2,SJS,2,DAL,1
2021020430,2021-12-11,20212022,2,SEA,4,CBJ,5
2021020431,2021-12-12,20212022,2,NYR,0,NSH,1
2021020432,2021-12-12,20212022,2,STL,2,ANA,3
2021020433,2021-12-12,20212022,2,COL,3,FLA,2
2021020434,2021-12-12,20212022,2,VAN,2,CAR,1
2021020435,2021-12-12,20212022,2,VGK,6,MIN,4
2021020437,2021-12-14,20212022,2,BOS,1,VGK,4
2021020438,2021-12-14,20212022,2,DET,2,NYI,1
2021020439,2021-12-14,20212022,2,TBL,3,LAK,2
2021020440,2021-12-14,20212022,2,FLA,2,OTT,8
2021020441,2021-12-14,20212022,2,PHI,6,NJD,1
2021020442,2021-12-14,20212022,2,PIT,5,MTL,2
2021020444,2021-12-14,20212022,2,DAL,1,STL,4
2021020446,2021-12-14,20212022,2,WPG,2,BUF,4
2021020447,2021-12-14,20212022,2,COL,4,NYR,2
2021020448,2021-12-14,20212022,2,EDM,1,TOR,5
2021020449,2021-12-14,20212022,2,VAN,4,CBJ,3
2021020450,2021-12-14,20212022,2,SJS,1,SEA,3
2021020451,2021-12-15,20212022,2,CHI,5,WSH,4
2021020452,2021-12-15,20212022,2,ARI,2,NYR,3
2021020453,2021-12-15,20212022,2,ANA,4,SEA,1
2021020454,2021-12-16,20212022,2,MTL,3,PHI,2
2021020455,2021-12-16,20212022,2,TBL,2,OTT,1
2021020456,2021-12-16,20212022,2,FLA,1,LAK,4
2021020457,2021-12-16,20212022,2,NJD,3,VGK,5
2021020458,2021-12-16,20212022,2,NYI,3,BOS,1
2021020459,2021-12-16,20212022,2,CAR,5,DET,3
2021020460,2021-12-16,20212022,2,NSH,5,COL,2
2021020461,2021-12-16,20212022,2,MIN,2,BUF,3
2021020463,2021-12-16,20212022,2,EDM,5,CBJ,2
2021020464,2021-12-16,20212022,2,SJS,2,VAN,5
2021020465,2021-12-17,20212022,2,NYR,2,VGK,3
2021020466,2021-12-17,20212022,2,PIT,3,BUF,2
2021020467,2021-12-17,20212022,2,CHI,2,NSH,3
2021020468,2021-12-17,20212022,2,STL,4,DAL,1
2021020469,2021-12-17,20212022,2,WPG,2,WSH,5
2021020470,2021-12-17,20212022,2,ANA,5,ARI,6
2021020472,2021-12-18,20212022,2,DET,5,NJD,2
2021020473,2021-12-18,20212022,2,PHI,4,OTT,3
2021020474,2021-12-18,20212022,2,CAR,5,LAK,1
2021020475,2021-12-18,20212022,2,DAL,4,CHI,3
2021020480,2021-12-18,20212022,2,SEA,3,EDM,5
2021020482,2021-12-19,20212022,2,NJD,2,PIT,3
2021020483,2021-12-19,20212022,2,NYI,3,VGK,4
2021020484,2021-12-19,20212022,2,WSH,2,LAK,3
2021020486,2021-12-19,20212022,2,WPG,4,STL,2
2021020492,2021-12-20,20212022,2,DAL,7,MIN,4
2021020501,2021-12-21,20212022,2,VGK,3,TBL,4
2021020537,2021-12-28,20212022,2,TBL,5,MTL,4
2021020539,2021-12-28,20212022,2,LAK,3,VGK,6
2021020540,2021-12-28,20212022,2,SJS,8,ARI,7
2021020541,2021-12-29,20212022,2,BUF,3,NJD,4
2021020544,2021-12-29,20212022,2,FLA,4,NYR,3
2021020546,2021-12-29,20212022,2,WSH,5,NSH,3
2021020547,2021-12-29,20212022,2,STL,4,EDM,2
2021020550,2021-12-29,20212022,2,ANA,1,VAN,2
2021020551,2021-12-29,20212022,2,SEA,2,PHI,3
2021020552,2021-12-30,20212022,2,FLA,9,TBL,3
2021020553,2021-12-30,20212022,2,NYI,4,BUF,1
2021020554,2021-12-30,20212022,2,CAR,4,MTL,0
2021020555,2021-12-30,20212022,2,CBJ,4,NSH,3
2021020556,2021-12-30,20212022,2,LAK,2,VAN,1
2021020557,2021-12-30,20212022,2,SJS,3,PHI,2
2021020558,2021-12-30,20212022,2,SEA,4,CGY,6
2021020560,2021-12-31,20212022,2,DET,1,WSH,3
2021020561,2021-12-31,20212022,2,TBL,3,NYR,4
2021020562,2021-12-31,20212022,2,NJD,6,EDM,5
2021020565,2021-12-31,20212022,2,VGK,3,ANA,1
2021020566,2022-01-01,20212022,2,BOS,4,BUF,3
2021020567,2022-01-01,20212022,2,TOR,6,OTT,0
2021020568,2022-01-01,20212022,2,FLA,5,MTL,2
2021020569,2022-01-01,20212022,2,NYI,3,EDM,2
2021020570,2022-01-01,20212022,2,CBJ,4,CAR,7
2021020571,2022-01-01,20212022,2,NSH,6,CHI,1
2021020572,2022-01-01,20212022,2,MIN,4,STL,6
2021020573,2022-01-01,20212022,2,LAK,6,PHI,3
2021020574,2022-01-01,20212022,2,SEA,2,VAN,5
2021020575,2022-01-02,20212022,2,DET,1,BOS,5
2021020576,2022-01-02,20212022,2,NYR,4,TBL,0
2021020577,2022-01-02,20212022,2,PIT,8,SJS,5
2021020578,2022-01-02,20212022,2,WSH,3,NJD,4
2021020579,2022-01-02,20212022,2,CHI,1,CGY,5
2021020580,2022-01-02,20212022,2,COL,4,ANA,2
2021020582,2022-01-02,20212022,2,VGK,4,WPG,5
2021020585,2022-01-03,20212022,2,NYR,4,EDM,1
2021020586,2022-01-04,20212022,2,BOS,5,NJD,3
2021020588,2022-01-04,20212022,2,DET,6,SJS,2
2021020589,2022-01-04,20212022,2,FLA,6,CGY,2
2021020590,2022-01-04,20212022,2,CBJ,2,TBL,7
2021020591,2022-01-04,20212022,2,CHI,3,COL,4
2021020592,2022-01-04,20212022,2,ARI,1,WPG,3
2021020593,2022-01-04,20212022,2,VGK,2,NSH,3
2021020594,2022-01-04,20212022,2,ANA,4,PHI,1
2021020596,2022-01-05,20212022,2,TOR,4,EDM,2
2021020597,2022-01-05,20212022,2,PIT,5,STL,3
2021020599,2022-01-06,20212022,2,BOS,2,MIN,3
2021020600,2022-01-06,20212022,2,BUF,2,SJS,3
2021020602,2022-01-06,20212022,2,TBL,4,CGY,1
2021020603,2022-01-06,20212022,2,NJD,3,CBJ,1
2021020604,2022-01-06,20212022,2,PHI,2,PIT,6
2021020605,2022-01-06,20212022,2,DAL,6,FLA,5
2021020606,2022-01-06,20212022,2,COL,7,WPG,1
2021020607,2022-01-06,20212022,2,ARI,6,CHI,4
2021020608,2022-01-06,20212022,2,VGK,5,NYR,1
2021020610,2022-01-06,20212022,2,LAK,2,NSH,4
2021020612,2022-01-07,20212022,2,CAR,6,CGY,3
2021020613,2022-01-07,20212022,2,STL,5,WSH,1
2021020615,2022-01-08,20212022,2,TBL,2,BOS,5
2021020616,2022-01-08,20212022,2,PHI,2,SJS,3
2021020617,2022-01-08,20212022,2,CAR,3,FLA,4
2021020618,2022-01-08,20212022,2,CBJ,4,NJD,3
2021020619,2022-01-08,20212022,2,DAL,3,PIT,2
2021020620,2022-01-08,20212022,2,MIN,3,WSH,2
2021020622,2022-01-08,20212022,2,COL,5,TOR,4
2021020624,2022-01-08,20212022,2,ARI,2,NSH,4
2021020626,2022-01-08,20212022,2,VGK,1,CHI,2
2021020627,2022-01-08,20212022,2,ANA,1,NYR,4
2021020628,2022-01-08,20212022,2,LAK,4,DET,0
2021020609,2022-01-09,20212022,2,ANA,4,DET,3
2021020629,2022-01-09,20212022,2,STL,2,DAL,1
2021020632,2022-01-10,20212022,2,WSH,3,BOS,7
2021020634,2022-01-10,20212022,2,COL,4,SEA,3
2021020636,2022-01-10,20212022,2,LAK,3,NYR,1
2021020637,2022-01-11,20212022,2,BUF,1,TBL,6
2021020638,2022-01-11,20212022,2,FLA,5,VAN,2
2021020640,2022-01-11,20212022,2,CBJ,2,CHI,4
2021020641,2022-01-11,20212022,2,NSH,5,COL,4
2021020643,2022-01-11,20212022,2,VGK,3,TOR,4
2021020644,2022-01-11,20212022,2,ANA,1,PIT,4
2021020645,2022-01-11,20212022,2,SJS,3,DET,2
2021020647,2022-01-12,20212022,2,DAL,5,SEA,2
2021020649,2022-01-12,20212022,2,ARI,2,TOR,1
2021021000,2022-01-12,20212022,2,BOS,5,MTL,1
2021020650,2022-01-13,20212022,2,BOS,3,PHI,2
2021020651,2022-01-13,20212022,2,DET,0,WPG,3
2021020652,2022-01-13,20212022,2,TBL,4,VAN,2
2021020653,2022-01-13,20212022,2,NYI,3,NJD,2
2021020654,2022-01-13,20212022,2,CAR,0,CBJ,6
2021020655,2022-01-13,20212022,2,CHI,3,MTL,2
2021020656,2022-01-13,20212022,2,STL,2,SEA,1
2021020657,2022-01-13,20212022,2,NSH,1,BUF,4
2021020658,2022-01-13,20212022,2,CGY,1,OTT,4
2021020659,2022-01-13,20212022,2,LAK,6,PIT,2
2021020660,2022-01-13,20212022,2,SJS,0,NYR,3
2021020661,2022-01-14,20212022,2,FLA,7,DAL,1
2021020662,2022-01-14,20212022,2,MIN,7,ANA,3
2021020663,2022-01-14,20212022,2,COL,4,ARI,3
2021020635,2022-01-15,20212022,2,EDM,4,OTT,6
2021020665,2022-01-15,20212022,2,BOS,4,NSH,3
2021020667,2022-01-15,20212022,2,DET,4,BUF,0
2021020668,2022-01-15,20212022,2,TBL,3,DAL,1
2021020669,2022-01-15,20212022,2,FLA,9,CBJ,2
2021020670,2022-01-15,20212022,2,NYI,0,WSH,2
2021020671,2022-01-15,20212022,2,PHI,2,NYR,3
2021020672,2022-01-15,20212022,2,CAR,4,VAN,1
2021020673,2022-01-15,20212022,2,CHI,3,ANA,0
2021020674,2022-01-15,20212022,2,STL,5,TOR,6
2021020677,2022-01-15,20212022,2,ARI,0,COL,5
2021020678,2022-01-15,20212022,2,SJS,1,PIT,2
2021020679,2022-01-15,20212022,2,SEA,1,LAK,3
2021020680,2022-01-16,20212022,2,WSH,2,VAN,4
2021020682,2022-01-17,20212022,2,BUF,2,DET,3
2021020684,2022-01-17,20212022,2,NYI,4,PHI,1
2021020685,2022-01-17,20212022,2,STL,5,NSH,3
2021020686,2022-01-17,20212022,2,COL,4,MIN,3
2021020687,2022-01-17,20212022,2,ARI,5,MTL,2
2021020688,2022-01-17,20212022,2,VGK,3,PIT,5
2021020689,2022-01-17,20212022,2,SJS,6,LAK,2
2021020690,2022-01-17,20212022,2,SEA,3,CHI,2
2021020340,2022-01-18,20212022,2,PHI,3,NYI,4
2021020691,2022-01-18,20212022,2,BOS,1,CAR,7
2021020692,2022-01-18,20212022,2,OTT,1,BUF,3
2021020695,2022-01-18,20212022,2,WSH,4,WPG,3
2021020696,2022-01-18,20212022,2,NSH,1,VAN,3
2021020697,2022-01-18,20212022,2,DAL,3,MTL,5
2021020698,2022-01-18,20212022,2,CGY,5,FLA,1
2021020700,2022-01-18,20212022,2,LAK,4,TBL,6
2021020701,2022-01-19,20212022,2,NJD,1,ARI,4
2021020702,2022-01-19,20212022,2,NYR,6,TOR,3
2021020703,2022-01-19,20212022,2,ANA,0,COL,2
2021020704,2022-01-20,20212022,2,BOS,4,WSH,3
2021020705,2022-01-20,20212022,2,BUF,4,DAL,5
2021020706,2022-01-20,20212022,2,PHI,1,CBJ,2
2021020707,2022-01-20,20212022,2,PIT,6,OTT,4
2021020708,2022-01-20,20212022,2,NSH,5,WPG,2
2021020709,2022-01-20,20212022,2,EDM,0,FLA,6
2021020710,2022-01-20,20212022,2,VGK,4,MTL,3
2021020711,2022-01-20,20212022,2,LAK,1,COL,4
2021020712,2022-01-20,20212022,2,SEA,3,SJS,2
2021020713,2022-01-21,20212022,2,DET,4,DAL,5
2021020714,2022-01-21,20212022,2,NYI,4,ARI,0
2021020715,2022-01-21,20212022,2,CAR,6,NYR,3
2021020716,2022-01-21,20212022,2,CBJ,2,PIT,5
2021020717,2022-01-21,20212022,2,CHI,1,MIN,5
2021020718,2022-01-21,20212022,2,VAN,1,FLA,2
2021020719,2022-01-21,20212022,2,ANA,5,TBL,1
2021020720,2022-01-21,20212022,2,SEA,0,STL,5
2021020721,2022-01-22,20212022,2,BOS,3,WPG,2
2021020722,2022-01-22,20212022,2,BUF,6,PHI,3
2021020724,2022-01-22,20212022,2,NJD,7,CAR,4
2021020725,2022-01-22,20212022,2,NYR,7,ARI,3
2021020726,2022-01-22,20212022,2,WSH,3,OTT,2
2021020727,2022-01-22,20212022,2,NSH,4,DET,1
2021020728,2022-01-22,20212022,2,MIN,4,CHI,3
2021020729,2022-01-22,20212022,2,COL,3,MTL,2
2021020730,2022-01-22,20212022,2,EDM,5,CGY,3
2021020731,2022-01-22,20212022,2,SJS,1,TBL,7
2021021211,2022-01-22,20212022,2,NYI,1,TOR,3
2021020732,2022-01-23,20212022,2,NJD,2,LAK,3
2021020733,2022-01-23,20212022,2,PIT,3,WPG,2
2021020734,2022-01-23,20212022,2,CBJ,1,OTT,2
2021020735,2022-01-23,20212022,2,VAN,1,STL,3
2021020736,2022-01-23,20212022,2,SEA,5,FLA,3
2021020737,2022-01-24,20212022,2,BOS,3,ANA,5
2021020738,2022-01-24,20212022,2,NYR,3,LAK,2
2021020739,2022-01-24,20212022,2,PHI,1,DAL,3
2021020740,2022-01-24,20212022,2,WSH,0,VGK,1
2021020741,2022-01-24,20212022,2,MIN,8,MTL,2
2021020742,2022-01-24,20212022,2,COL,2,CHI,0
2021020743,2022-01-24,20212022,2,CGY,7,STL,1
2021020744,2022-01-25,20212022,2,OTT,5,BUF,0
2021020745,2022-01-25,20212022,2,NJD,1,DAL,5
2021020746,2022-01-25,20212022,2,NYI,4,PHI,3
2021020747,2022-01-25,20212022,2,PIT,6,ARI,3
2021020748,2022-01-25,20212022,2,CAR,4,VGK,3
2021020749,2022-01-25,20212022,2,WPG,3,FLA,5
2021020750,2022-01-25,20212022,2,VAN,2,EDM,3
2021020751,2022-01-25,20212022,2,SEA,2,NSH,4
2021020752,2022-01-26,20212022,2,TOR,4,ANA,3
2021020753,2022-01-26,20212022,2,DET,5,CHI,8
2021020754,2022-01-26,20212022,2,WSH,1,SJS,4
2021020755,2022-01-26,20212022,2,CBJ,0,CGY,6
2021020756,2022-01-26,20212022,2,COL,4,BOS,3
2021020757,2022-01-27,20212022,2,MTL,4,ANA,5
2021020758,2022-01-27,20212022,2,OTT,2,CAR,3
2021020759,2022-01-27,20212022,2,TBL,3,NJD,2
2021020760,2022-01-27,20212022,2,FLA,4,VGK,1
2021020761,2022-01-27,20212022,2,NYI,2,LAK,3
2021020762,2022-01-27,20212022,2,PIT,1,SEA,2
2021020763,2022-01-27,20212022,2,CBJ,5,NYR,3
2021020764,2022-01-27,20212022,2,STL,5,CGY,1
2021020765,2022-01-27,20212022,2,WPG,1,VAN,5
2021020766,2022-01-27,20212022,2,EDM,3,NSH,2
2021020767,2022-01-28,20212022,2,NYR,2,MIN,3
2021020768,2022-01-28,20212022,2,PIT,2,DET,3
2021020769,2022-01-28,20212022,2,CHI,4,COL,6
2021020770,2022-01-28,20212022,2,DAL,0,WSH,5
2021020771,2022-01-28,20212022,2,ARI,1,BOS,2
2021020772,2022-01-29,20212022,2,MTL,2,EDM,7
2021020773,2022-01-29,20212022,2,OTT,1,ANA,2
2021020774,2022-01-29,20212022,2,DET,4,TOR,7
2021020775,2022-01-29,20212022,2,TBL,2,VGK,3
2021020776,2022-01-29,20212022,2,FLA,5,SJS,4
2021020778,2022-01-29,20212022,2,PHI,4,LAK,3
2021020779,2022-01-29,20212022,2,CAR,2,NJD,1
2021020780,2022-01-29,20212022,2,STL,1,WPG,4
2021020781,2022-01-29,20212022,2,CGY,1,VAN,0
2021020782,2022-01-29,20212022,2,ARI,1,BUF,3
2021020783,2022-01-30,20212022,2,MTL,3,CBJ,6
2021020784,2022-01-30,20212022,2,NYI,3,MIN,4
2021020785,2022-01-30,20212022,2,NYR,3,SEA,2
2021020786,2022-01-30,20212022,2,PIT,3,LAK,4
2021020787,2022-01-30,20212022,2,CAR,2,SJS,1
2021020789,2022-01-30,20212022,2,DAL,6,BOS,1
2021020790,2022-01-30,20212022,2,COL,4,BUF,1
2021020683,2022-01-31,20212022,2,TOR,6,NJD,4
2021020791,2022-01-31,20212022,2,OTT,3,EDM,2
2021020792,2022-01-31,20212022,2,DET,2,ANA,1
2021020793,2022-01-31,20212022,2,CBJ,4,FLA,8
2021020794,2022-01-31,20212022,2,CHI,1,VAN,3
2021020795,2022-02-01,20212022,2,BOS,3,SEA,2
2021020797,2022-02-01,20212022,2,TBL,3,SJS,2
2021020798,2022-02-01,20212022,2,NJD,1,TOR,7
2021020799,2022-02-01,20212022,2,NYI,4,OTT,1
2021020800,2022-02-01,20212022,2,NYR,5,FLA,2
2021020801,2022-02-01,20212022,2,PHI,3,WPG,1
2021020802,2022-02-01,20212022,2,PIT,3,WSH,4
2021020803,2022-02-01,20212022,2,NSH,4,VAN,2
2021020804,2022-02-01,20212022,2,DAL,3,CGY,4
2021020805,2022-02-01,20212022,2,COL,2,ARI,3
2021020806,2022-02-01,20212022,2,VGK,5,BUF,2
2021020777,2022-02-02,20212022,2,NYI,0,SEA,3
2021020807,2022-02-02,20212022,2,DET,3,LAK,5
2021020808,2022-02-02,20212022,2,WSH,3,EDM,5
2021020809,2022-02-02,20212022,2,CHI,0,MIN,5
2021020810,2022-02-02,20212022,2,ARI,2,CGY,4
2021020583,2022-02-07,20212022,2,TOR,4,CAR,3
2021021128,2022-02-07,20212022,2,OTT,4,NJD,1
2021020487,2022-02-08,20212022,2,VAN,5,ARI,1
2021020510,2022-02-08,20212022,2,OTT,4,CAR,3
2021020523,2022-02-08,20212022,2,BOS,2,PIT,4
2021020531,2022-02-08,20212022,2,WPG,2,MIN,0
2021020664,2022-02-08,20212022,2,EDM,0,VGK,4
2021020666,2022-02-08,20212022,2,MTL,1,NJD,7
2021021293,2022-02-08,20212022,2,WSH,4,CBJ,5
2021020503,2022-02-09,20212022,2,SEA,2,ARI,5
2021020530,2022-02-09,20212022,2,DAL,4,NSH,3
2021020598,2022-02-09,20212022,2,VAN,3,NYI,6
2021020676,2022-02-09,20212022,2,CGY,6,VGK,0
2021020694,2022-02-09,20212022,2,PHI,3,DET,6
2021020699,2022-02-09,20212022,2,EDM,1,CHI,4
2021020462,2022-02-10,20212022,2,CGY,5,TOR,2
2021020477,2022-02-10,20212022,2,COL,3,TBL,2
2021020489,2022-02-10,20212022,2,BUF,3,CBJ,4
2021020494,2022-02-10,20212022,2,BOS,0,CAR,6
2021020529,2022-02-10,20212022,2,STL,4,NJD,7
2021020559,2022-02-10,20212022,2,OTT,0,PIT,2
2021020587,2022-02-10,20212022,2,MTL,2,WSH,5
2021020506,2022-02-11,20212022,2,DAL,4,WPG,3
2021020519,2022-02-11,20212022,2,ARI,3,TBL,4
2021020623,2022-02-11,20212022,2,EDM,3,NYI,1
2021021033,2022-02-11,20212022,2,ANA,3,SEA,4
2021020445,2022-02-12,20212022,2,MIN,3,CAR,2
2021020479,2022-02-12,20212022,2,VAN,3,TOR,2
2021020499,2022-02-12,20212022,2,NSH,2,WPG,5
2021020543,2022-02-12,20212022,2,OTT,0,BOS,2
2021020630,2022-02-12,20212022,2,MTL,1,CBJ,2
2021020642,2022-02-12,20212022,2,CGY,5,NYI,2
2021020788,2022-02-12,20212022,2,STL,5,CHI,1
2021020811,2022-02-12,20212022,2,DET,4,PHI,2
2021020526,2022-02-13,20212022,2,WSH,1,OTT,4
2021020563,2022-02-13,20212022,2,DAL,0,COL,4
2021020614,2022-02-13,20212022,2,MTL,3,BUF,5
2021020817,2022-02-13,20212022,2,NJD,2,PIT,4
2021020488,2022-02-14,20212022,2,SEA,2,TOR,6
2021020517,2022-02-14,20212022,2,MIN,7,DET,4
2021020522,2022-02-14,20212022,2,SJS,0,EDM,3
2021020548,2022-02-14,20212022,2,WPG,1,CHI,3
2021020478,2022-02-15,20212022,2,CGY,6,CBJ,2
2021020495,2022-02-15,20212022,2,OTT,2,STL,5
2021020507,2022-02-15,20212022,2,LAK,2,EDM,5
2021020514,2022-02-15,20212022,2,PIT,5,PHI,4
2021020524,2022-02-15,20212022,2,BUF,6,NYI,3
2021020549,2022-02-15,20212022,2,COL,1,DAL,4
2021020631,2022-02-15,20212022,2,NJD,3,TBL,6
2021021095,2022-02-15,20212022,2,NSH,1,WSH,4
2021021263,2022-02-15,20212022,2,NYR,2,BOS,1
2021020500,2022-02-16,20212022,2,CGY,6,ANA,2
2021020527,2022-02-16,20212022,2,CAR,2,FLA,3
2021020535,2022-02-16,20212022,2,VGK,0,COL,2
2021020633,2022-02-16,20212022,2,WPG,6,MIN,3
2021020493,2022-02-17,20212022,2,EDM,7,ANA,3
2021020496,2022-02-17,20212022,2,PHI,3,WSH,5
2021020502,2022-02-17,20212022,2,SJS,4,VAN,5
2021020525,2022-02-17,20212022,2,NYR,2,DET,3
2021020538,2022-02-17,20212022,2,CHI,4,CBJ,7
2021020542,2022-02-17,20212022,2,TOR,4,PIT,1
2021020621,2022-02-17,20212022,2,WPG,5,SEA,3
2021020796,2022-02-17,20212022,2,MTL,3,STL,2
2021021006,2022-02-17,20212022,2,NYI,4,BOS,1
2021021228,2022-02-17,20212022,2,BUF,1,OTT,3
2021020476,2022-02-18,20212022,2,MIN,2,FLA,6
2021020485,2022-02-18,20212022,2,CAR,5,NSH,3
2021020516,2022-02-18,20212022,2,CHI,0,DAL,1
2021020521,2022-02-18,20212022,2,VGK,3,LAK,4
2021020481,2022-02-19,20212022,2,OTT,2,BOS,3
2021020504,2022-02-19,20212022,2,BUF,3,COL,5
2021020509,2022-02-19,20212022,2,TOR,3,STL,6
2021020518,2022-02-19,20212022,2,CGY,2,SEA,1
2021020520,2022-02-19,20212022,2,VAN,4,ANA,7
2021020533,2022-02-19,20212022,2,ARI,3,LAK,5
2021020681,2022-02-19,20212022,2,WPG,2,EDM,4
2021020263,2022-02-20,20212022,2,OTT,1,NYR,2
2021020491,2022-02-20,20212022,2,NYI,2,MTL,3
2021020498,2022-02-20,20212022,2,CHI,2,FLA,5
2021020515,2022-02-20,20212022,2,CBJ,7,BUF,3
2021020581,2022-02-20,20212022,2,ARI,3,DAL,1
2021020648,2022-02-20,20212022,2,EDM,3,MIN,7
2021021161,2022-02-20,20212022,2,SJS,1,VGK,4
2021021304,2022-02-20,20212022,2,PIT,3,CAR,4
2021020508,2022-02-21,20212022,2,BOS,5,COL,1
2021020534,2022-02-21,20212022,2,VAN,5,SEA,2
2021020564,2022-02-21,20212022,2,CGY,3,WPG,1
2021020601,2022-02-21,20212022,2,MTL,5,TOR,2
2021020639,2022-02-21,20212022,2,PHI,3,CAR,4
2021020511,2022-02-22,20212022,2,FLA,4,NSH,6
2021020528,2022-02-22,20212022,2,CBJ,4,TOR,3
2021020536,2022-02-22,20212022,2,ANA,4,SJS,3
2021020584,2022-02-22,20212022,2,OTT,4,MIN,3
2021020595,2022-02-22,20212022,2,SEA,2,NYI,5
2021020848,2022-02-22,20212022,2,PHI,1,STL,4
2021020490,2022-02-23,20212022,2,DET,2,COL,5
2021020812,2022-02-23,20212022,2,TBL,5,EDM,3
2021020813,2022-02-23,20212022,2,DAL,3,WPG,2
2021020814,2022-02-23,20212022,2,ARI,2,LAK,3
2021021273,2022-02-23,20212022,2,MTL,4,BUF,0
2021020497,2022-02-24,20212022,2,PIT,1,NJD,6
2021020815,2022-02-24,20212022,2,TOR,3,MIN,1
2021020816,2022-02-24,20212022,2,FLA,3,CBJ,6
2021020818,2022-02-24,20212022,2,NYR,4,WSH,1
2021020819,2022-02-24,20212022,2,NSH,2,DAL,1
2021020820,2022-02-24,20212022,2,VAN,7,CGY,1
2021020821,2022-02-24,20212022,2,SJS,4,NYI,3
2021020822,2022-02-24,20212022,2,SEA,2,BOS,3
2021020823,2022-02-25,20212022,2,CAR,4,CBJ,0
2021020824,2022-02-25,20212022,2,CHI,8,NJD,5
2021020825,2022-02-25,20212022,2,STL,5,BUF,3
2021020826,2022-02-25,20212022,2,COL,6,WPG,3
2021020827,2022-02-25,20212022,2,ARI,3,VGK,1
2021020828,2022-02-25,20212022,2,ANA,1,LAK,4
2021020830,2022-02-26,20212022,2,OTT,1,MTL,2
2021020831,2022-02-26,20212022,2,FLA,3,EDM,4
2021020832,2022-02-26,20212022,2,PHI,2,WSH,1
2021020833,2022-02-26,20212022,2,PIT,1,NYR,0
2021020834,2022-02-26,20212022,2,NSH,2,TBL,3
2021020835,2022-02-26,20212022,2,CGY,7,MIN,3
2021020836,2022-02-26,20212022,2,VGK,2,COL,3
2021020837,2022-02-26,20212022,2,LAK,5,NYI,2
2021020838,2022-02-26,20212022,2,SJS,1,BOS,3
2021021275,2022-02-26,20212022,2,DET,7,TOR,10
2021020839,2022-02-27,20212022,2,NYR,2,VAN,5
2021020840,2022-02-27,20212022,2,CAR,2,EDM,1
2021020841,2022-02-27,20212022,2,CBJ,2,PIT,3
2021020842,2022-02-27,20212022,2,CHI,0,STL,4
2021020843,2022-02-27,20212022,2,DAL,4,BUF,2
2021020844,2022-02-27,20212022,2,ARI,3,WPG,5
2021020845,2022-02-27,20212022,2,ANA,0,NYI,4
2021020846,2022-02-27,20212022,2,SJS,3,SEA,1
2021020847,2022-02-28,20212022,2,NJD,7,VAN,2
2021020849,2022-02-28,20212022,2,WSH,3,TOR,5
2021020850,2022-02-28,20212022,2,LAK,0,BOS,7
2021020851,2022-03-01,20212022,2,DET,4,CAR,3
2021020852,2022-03-01,20212022,2,TBL,5,OTT,2
2021020853,2022-03-01,20212022,2,PHI,0,EDM,3
2021020854,2022-03-01,20212022,2,CBJ,4,NJD,3
2021020855,2022-03-01,20212022,2,MIN,1,CGY,5
2021020856,2022-03-01,20212022,2,WPG,8,MTL,4
2021020857,2022-03-01,20212022,2,COL,5,NYI,3
2021020858,2022-03-01,20212022,2,VGK,3,SJS,1
2021020859,2022-03-01,20212022,2,ANA,4,BOS,3
2021020860,2022-03-02,20212022,2,TOR,1,BUF,5
2021020861,2022-03-02,20212022,2,NYR,5,STL,3
2021020862,2022-03-02,20212022,2,DAL,4,LAK,3
2021020863,2022-03-02,20212022,2,SEA,4,NSH,3
2021020864,2022-03-03,20212022,2,TBL,1,PIT,5
2021020865,2022-03-03,20212022,2,FLA,3,OTT,0
2021020866,2022-03-03,20212022,2,NYI,3,VAN,4
2021020867,2022-03-03,20212022,2,PHI,4,MIN,5
2021020868,2022-03-03,20212022,2,WSH,4,CAR,0
2021020869,2022-03-03,20212022,2,CHI,4,EDM,3
2021020870,2022-03-03,20212022,2,CGY,4,MTL,5
2021020871,2022-03-03,20212022,2,ARI,2,COL,1
2021020872,2022-03-03,20212022,2,VGK,2,BOS,5
2021020873,2022-03-04,20212022,2,BUF,5,MIN,4
2021020874,2022-03-04,20212022,2,TBL,3,DET,1
2021020875,2022-03-04,20212022,2,NYR,3,NJD,1
2021020876,2022-03-04,20212022,2,CAR,3,PIT,2
2021020877,2022-03-04,20212022,2,CBJ,3,LAK,4
2021020878,2022-03-04,20212022,2,WPG,3,DAL,4
2021020879,2022-03-04,20212022,2,ANA,4,VGK,5
2021020880,2022-03-05,20212022,2,TOR,4,VAN,6
2021020881,2022-03-05,20212022,2,FLA,6,DET,2
2021020882,2022-03-05,20212022,2,NYI,2,STL,1
2021020883,2022-03-05,20212022,2,PHI,4,CHI,3
2021020884,2022-03-05,20212022,2,WSH,5,SEA,2
2021020885,2022-03-05,20212022,2,CBJ,4,BOS,5
2021020886,2022-03-05,20212022,2,COL,3,CGY,4
2021020887,2022-03-05,20212022,2,EDM,2,MTL,5
2021020888,2022-03-05,20212022,2,ARI,8,OTT,5
2021020889,2022-03-05,20212022,2,SJS,0,NSH,8
2021020890,2022-03-06,20212022,2,BUF,0,LAK,3
2021020891,2022-03-06,20212022,2,NJD,3,STL,2
2021020892,2022-03-06,20212022,2,CAR,3,SEA,2
2021020893,2022-03-06,20212022,2,CHI,3,TBL,6
2021020894,2022-03-06,20212022,2,MIN,3,DAL,6
2021020895,2022-03-06,20212022,2,WPG,1,NYR,4
2021020896,2022-03-06,20212022,2,VGK,2,OTT,1
2021020897,2022-03-06,20212022,2,ANA,3,SJS,2
2021020532,2022-03-07,20212022,2,CGY,3,EDM,1
2021020898,2022-03-07,20212022,2,BOS,2,LAK,3
2021020899,2022-03-07,20212022,2,BUF,1,FLA,6
2021020900,2022-03-07,20212022,2,NYI,4,COL,5
2021020901,2022-03-07,20212022,2,CBJ,4,TOR,5
2021020902,2022-03-08,20212022,2,TOR,6,SEA,4
2021020903,2022-03-08,20212022,2,DET,2,ARI,9
2021020904,2022-03-08,20212022,2,NJD,5,COL,3
2021020905,2022-03-08,20212022,2,PHI,2,VGK,1
2021020906,2022-03-08,20212022,2,PIT,3,FLA,4
2021020907,2022-03-08,20212022,2,CHI,8,ANA,3
2021020908,2022-03-08,20212022,2,STL,1,OTT,4
2021020909,2022-03-08,20212022,2,NSH,2,DAL,1
2021020910,2022-03-08,20212022,2,MIN,5,NYR,2
2021020911,2022-03-08,20212022,2,WPG,7,TBL,4
2021020912,2022-03-08,20212022,2,CGY,4,WSH,5
2021020913,2022-03-09,20212022,2,EDM,4,WSH,3
2021020914,2022-03-09,20212022,2,VAN,5,MTL,3
2021020693,2022-03-10,20212022,2,NYI,6,CBJ,0
2021020915,2022-03-10,20212022,2,BOS,4,CHI,3
2021020916,2022-03-10,20212022,2,BUF,3,VGK,1
2021020917,2022-03-10,20212022,2,TOR,4,ARI,5
2021020918,2022-03-10,20212022,2,OTT,4,SEA,3
2021020919,2022-03-10,20212022,2,DET,5,MIN,6
2021020920,2022-03-10,20212022,2,FLA,6,PHI,3
2021020921,2022-03-10,20212022,2,NJD,1,WPG,2
2021020923,2022-03-10,20212022,2,CAR,2,COL,0
2021020924,2022-03-10,20212022,2,STL,6,NYR,2
2021020925,2022-03-10,20212022,2,NSH,4,ANA,1
2021020926,2022-03-10,20212022,2,CGY,4,TBL,1
2021020927,2022-03-10,20212022,2,LAK,3,SJS,4
2021020928,2022-03-11,20212022,2,NYI,5,WPG,2
2021020929,2022-03-11,20212022,2,PIT,5,VGK,2
2021020930,2022-03-11,20212022,2,CBJ,3,MIN,2
2021020931,2022-03-11,20212022,2,VAN,3,WSH,4
2021020932,2022-03-12,20212022,2,BOS,3,ARI,2
2021020933,2022-03-12,20212022,2,MTL,3,SEA,4
2021020934,2022-03-12,20212022,2,OTT,3,CHI,6
2021020935,2022-03-12,20212022,2,NJD,2,ANA,1
2021020936,2022-03-12,20212022,2,CAR,3,PHI,1
2021020937,2022-03-12,20212022,2,NSH,4,STL,7
2021020938,2022-03-12,20212022,2,DAL,4,NYR,7
2021020939,2022-03-12,20212022,2,CGY,3,DET,0
2021020940,2022-03-12,20212022,2,EDM,4,TBL,1
2021020941,2022-03-12,20212022,2,SJS,5,LAK,0
2021020942,2022-03-13,20212022,2,BUF,5,TOR,2
2021020943,2022-03-13,20212022,2,NYI,4,ANA,3
2021020944,2022-03-13,20212022,2,PHI,3,MTL,4
2021020945,2022-03-13,20212022,2,PIT,4,CAR,2
2021020946,2022-03-13,20212022,2,CBJ,6,VGK,4
2021020947,2022-03-13,20212022,2,STL,3,WPG,4
2021020948,2022-03-13,20212022,2,MIN,2,NSH,6
2021020949,2022-03-13,20212022,2,COL,3,CGY,0
2021020950,2022-03-13,20212022,2,VAN,1,TBL,2
2021020951,2022-03-13,20212022,2,LAK,3,FLA,2
2021020952,2022-03-14,20212022,2,OTT,3,ARI,5
2021020953,2022-03-15,20212022,2,TOR,4,DAL,0
2021020954,2022-03-15,20212022,2,MTL,3,ARI,6
2021020955,2022-03-15,20212022,2,NYR,4,ANA,3
2021020956,2022-03-15,20212022,2,WSH,4,NYI,3
2021020957,2022-03-15,20212022,2,CHI,1,BOS,2
2021020958,2022-03-15,20212022,2,NSH,4,PIT,1
2021020959,2022-03-15,20212022,2,WPG,7,VGK,3
2021020960,2022-03-15,20212022,2,EDM,7,DET,5
2021020961,2022-03-15,20212022,2,VAN,6,NJD,3
2021020962,2022-03-15,20212022,2,LAK,0,COL,3
2021020963,2022-03-15,20212022,2,SJS,2,FLA,3
2021020964,2022-03-16,20212022,2,OTT,1,CBJ,4
2021020965,2022-03-16,20212022,2,MIN,4,BOS,2
2021020966,2022-03-16,20212022,2,CGY,6,NJD,3
2021020967,2022-03-16,20212022,2,SEA,1,TBL,4
2021020328,2022-03-17,20212022,2,NYR,1,NYI,2
2021020968,2022-03-17,20212022,2,TOR,3,CAR,2
2021020969,2022-03-17,20212022,2,MTL,3,DAL,4
2021020970,2022-03-17,20212022,2,PHI,5,NSH,4
2021020971,2022-03-17,20212022,2,CBJ,2,WSH,7
2021020972,2022-03-17,20212022,2,STL,2,PIT,3
2021020973,2022-03-17,20212022,2,EDM,6,BUF,1
2021020974,2022-03-17,20212022,2,VAN,0,DET,1
2021020975,2022-03-17,20212022,2,VGK,5,FLA,3
2021020976,2022-03-17,20212022,2,LAK,3,SJS,0
2021020977,2022-03-18,20212022,2,OTT,3,PHI,1
2021020978,2022-03-18,20212022,2,CAR,3,WSH,4
2021020979,2022-03-18,20212022,2,WPG,2,BOS,4
2021020980,2022-03-18,20212022,2,CGY,0,BUF,1
2021020981,2022-03-18,20212022,2,ANA,0,FLA,3
2021020982,2022-03-18,20212022,2,SJS,3,COL,5
2021020983,2022-03-19,20212022,2,MTL,5,OTT,1
2021020984,2022-03-19,20212022,2,TBL,1,NYR,2
2021020985,2022-03-19,20212022,2,NYI,4,DAL,2
2021020986,2022-03-19,20212022,2,CBJ,5,STL,4
2021020987,2022-03-19,20212022,2,NSH,6,TOR,3
2021020988,2022-03-19,20212022,2,MIN,3,CHI,1
2021020989,2022-03-19,20212022,2,EDM,6,NJD,3
2021020990,2022-03-19,20212022,2,VAN,2,CGY,5
2021020991,2022-03-19,20212022,2,ARI,1,PIT,4
2021020992,2022-03-19,20212022,2,VGK,5,LAK,1
2021020993,2022-03-19,20212022,2,SEA,4,DET,2
2021020994,2022-03-20,20212022,2,PHI,2,NYI,1
2021020995,2022-03-20,20212022,2,WSH,2,DAL,3
2021020996,2022-03-20,20212022,2,CAR,0,NYR,2
2021020997,2022-03-20,20212022,2,CHI,4,WPG,6
2021020998,2022-03-20,20212022,2,VAN,2,BUF,3
2021020999,2022-03-20,20212022,2,SJS,4,ARI,2
2021020646,2022-03-21,20212022,2,MTL,2,BOS,3
2021021001,2022-03-21,20212022,2,MIN,3,VGK,0
2021021002,2022-03-21,20212022,2,COL,3,EDM,2
2021021003,2022-03-21,20212022,2,ANA,3,NSH,6
2021021004,2022-03-22,20212022,2,DET,6,PHI,3
2021021005,2022-03-22,20212022,2,NJD,7,NYR,4
2021021007,2022-03-22,20212022,2,PIT,5,CBJ,1
2021021008,2022-03-22,20212022,2,WSH,2,STL,5
2021021009,2022-03-22,20212022,2,CAR,3,TBL,2
2021021010,2022-03-22,20212022,2,DAL,5,EDM,3
2021021011,2022-03-22,20212022,2,WPG,4,VGK,0
2021021012,2022-03-22,20212022,2,CGY,3,SJS,4
2021021013,2022-03-22,20212022,2,LAK,6,NSH,1
2021021017,2022-03-22,20212022,2,ARI,2,SEA,4
2021021021,2022-03-22,20212022,2,NYI,3,OTT,0
2021021014,2022-03-23,20212022,2,BUF,4,PIT,3
2021021015,2022-03-23,20212022,2,TOR,3,NJD,2
2021021016,2022-03-23,20212022,2,COL,1,VAN,3
2021021018,2022-03-23,20212022,2,ANA,2,CHI,4
2021020545,2022-03-24,20212022,2,NYI,5,DET,2
2021020675,2022-03-24,20212022,2,WPG,2,OTT,5
2021021019,2022-03-24,20212022,2,BOS,3,TBL,2
2021021020,2022-03-24,20212022,2,MTL,3,FLA,4
2021021022,2022-03-24,20212022,2,CAR,3,DAL,4
2021021023,2022-03-24,20212022,2,STL,2,PHI,5
2021021024,2022-03-24,20212022,2,MIN,3,VAN,2
2021021025,2022-03-24,20212022,2,EDM,5,SJS,2
2021021026,2022-03-24,20212022,2,VGK,6,NSH,1
2021021027,2022-03-24,20212022,2,LAK,3,CHI,4
2021021028,2022-03-25,20212022,2,BUF,3,WSH,4
2021021029,2022-03-25,20212022,2,NYR,5,PIT,1
2021021030,2022-03-25,20212022,2,WPG,4,CBJ,3
2021021031,2022-03-25,20212022,2,COL,6,PHI,3
2021021032,2022-03-25,20212022,2,CGY,4,ARI,2
2021021034,2022-03-26,20212022,2,BOS,6,NYI,3
2021021035,2022-03-26,20212022,2,MTL,4,TOR,2
2021021036,2022-03-26,20212022,2,OTT,3,FLA,4
2021021037,2022-03-26,20212022,2,DET,1,TBL,2
2021021038,2022-03-26,20212022,2,WSH,4,NJD,3
2021021039,2022-03-26,20212022,2,STL,2,CAR,7
2021021040,2022-03-26,20212022,2,DAL,1,VAN,4
2021021041,2022-03-26,20212022,2,MIN,3,CBJ,2
2021021042,2022-03-26,20212022,2,CGY,9,EDM,5
2021021043,2022-03-26,20212022,2,VGK,5,CHI,4
2021021044,2022-03-26,20212022,2,LAK,4,SEA,2
2021021045,2022-03-26,20212022,2,SJS,4,ANA,1
2021021046,2022-03-27,20212022,2,TOR,5,FLA,2
2021021047,2022-03-27,20212022,2,NJD,3,MTL,2
2021021048,2022-03-27,20212022,2,NYI,1,TBL,4
2021021049,2022-03-27,20212022,2,NYR,5,BUF,4
2021021050,2022-03-27,20212022,2,PIT,11,DET,2
2021021051,2022-03-27,20212022,2,NSH,5,PHI,4
2021021052,2022-03-27,20212022,2,MIN,3,COL,2
2021021053,2022-03-27,20212022,2,WPG,2,ARI,1
2021021054,2022-03-28,20212022,2,WSH,1,CAR,6
2021021055,2022-03-28,20212022,2,CHI,5,BUF,6
2021021056,2022-03-28,20212022,2,STL,4,VAN,1
2021021057,2022-03-28,20212022,2,EDM,6,ARI,1
2021021058,2022-03-28,20212022,2,LAK,1,SEA,6
2021021059,2022-03-29,20212022,2,BOS,4,TOR,6
2021021060,2022-03-29,20212022,2,TBL,4,CAR,3
2021021061,2022-03-29,20212022,2,FLA,7,MTL,4
2021021062,2022-03-29,20212022,2,PIT,2,NYR,3
2021021063,2022-03-29,20212022,2,CBJ,3,NYI,4
2021021064,2022-03-29,20212022,2,NSH,4,OTT,1
2021021065,2022-03-29,20212022,2,MIN,4,PHI,1
2021021066,2022-03-29,20212022,2,CGY,1,COL,2
2021021067,2022-03-29,20212022,2,ANA,2,DAL,3
2021021068,2022-03-30,20212022,2,BUF,2,WPG,3
2021021069,2022-03-30,20212022,2,DET,4,NYR,5
2021021070,2022-03-30,20212022,2,EDM,4,LAK,3
2021021071,2022-03-30,20212022,2,VAN,3,STL,4
2021021072,2022-03-30,20212022,2,ARI,5,SJS,2
2021021073,2022-03-30,20212022,2,SEA,0,VGK,3
2021021074,2022-03-31,20212022,2,BOS,8,NJD,1
2021021075,2022-03-31,20212022,2,TOR,7,WPG,3
2021021076,2022-03-31,20212022,2,FLA,4,CHI,0
2021021077,2022-03-31,20212022,2,NYI,5,CBJ,2
2021021078,2022-03-31,20212022,2,CAR,4,MTL,0
2021021079,2022-03-31,20212022,2,MIN,3,PIT,4
2021021080,2022-03-31,20212022,2,COL,4,SJS,2
2021021081,2022-03-31,20212022,2,CGY,2,LAK,3
2021021082,2022-03-31,20212022,2,ANA,2,DAL,3
2021021083,2022-04-01,20212022,2,BUF,4,NSH,3
2021021084,2022-04-01,20212022,2,DET,2,OTT,5
2021021085,2022-04-01,20212022,2,TBL,5,CHI,2
2021021086,2022-04-01,20212022,2,NYR,0,NYI,3
2021021087,2022-04-01,20212022,2,EDM,6,STL,5
2021021088,2022-04-01,20212022,2,ARI,0,ANA,5
2021021089,2022-04-01,20212022,2,SEA,2,VGK,5
2021021090,2022-04-02,20212022,2,BOS,5,CBJ,2
2021021091,2022-04-02,20212022,2,TBL,4,MTL,5
2021021092,2022-04-02,20212022,2,NJD,6,FLA,7
2021021093,2022-04-02,20212022,2,PHI,3,TOR,6
2021021094,2022-04-02,20212022,2,CAR,1,MIN,3
2021021096,2022-04-02,20212022,2,WPG,2,LAK,3
2021021097,2022-04-02,20212022,2,COL,3,PIT,2
2021021098,2022-04-02,20212022,2,CGY,4,STL,6
2021021099,2022-04-02,20212022,2,SJS,4,DAL,5
2021021100,2022-04-03,20212022,2,BUF,3,FLA,5
2021021101,2022-04-03,20212022,2,OTT,5,DET,2
2021021102,2022-04-03,20212022,2,NJD,3,NYI,4
2021021103,2022-04-03,20212022,2,NYR,3,PHI,4
2021021104,2022-04-03,20212022,2,WSH,1,MIN,5
2021021105,2022-04-03,20212022,2,CHI,2,ARI,3
2021021106,2022-04-03,20212022,2,VAN,2,VGK,3
2021021107,2022-04-03,20212022,2,ANA,1,EDM,6
2021021108,2022-04-03,20212022,2,SEA,4,DAL,1
2021021109,2022-04-04,20212022,2,TBL,2,TOR,6
2021021110,2022-04-04,20212022,2,CBJ,2,BOS,3
2021021111,2022-04-04,20212022,2,STL,5,ARI,1
2021021112,2022-04-04,20212022,2,LAK,2,CGY,3
2021021113,2022-04-05,20212022,2,BUF,4,CAR,2
2021021114,2022-04-05,20212022,2,MTL,3,OTT,6
2021021115,2022-04-05,20212022,2,DET,5,BOS,3
2021021116,2022-04-05,20212022,2,FLA,7,TOR,6
2021021117,2022-04-05,20212022,2,NJD,1,NYR,3
2021021118,2022-04-05,20212022,2,PHI,2,CBJ,4
2021021119,2022-04-05,20212022,2,PIT,4,COL,6
2021021120,2022-04-05,20212022,2,NSH,6,MIN,2
2021021121,2022-04-05,20212022,2,DAL,3,NYI,2
2021021122,2022-04-05,20212022,2,SJS,1,EDM,2
2021021123,2022-04-06,20212022,2,WSH,4,TBL,3
2021021124,2022-04-06,20212022,2,STL,4,SEA,1
2021021125,2022-04-06,20212022,2,WPG,1,DET,3
2021021126,2022-04-06,20212022,2,VGK,1,VAN,5
2021021127,2022-04-06,20212022,2,ANA,2,CGY,4
2021020250,2022-04-07,20212022,2,OTT,2,NSH,3
2021020512,2022-04-07,20212022,2,NJD,4,MTL,7
2021021129,2022-04-07,20212022,2,NYR,3,PIT,0
2021021130,2022-04-07,20212022,2,CAR,5,BUF,3
2021021131,2022-04-07,20212022,2,CBJ,1,PHI,4
2021021132,2022-04-07,20212022,2,CHI,0,SEA,2
2021021133,2022-04-07,20212022,2,DAL,3,TOR,4
2021021134,2022-04-07,20212022,2,ARI,1,VAN,5
2021021135,2022-04-07,20212022,2,LAK,2,EDM,3
2021021136,2022-04-07,20212022,2,SJS,2,CGY,4
2021021137,2022-04-08,20212022,2,TBL,1,BOS,2
2021021138,2022-04-08,20212022,2,FLA,4,BUF,3
2021021139,2022-04-08,20212022,2,CAR,1,NYI,2
2021021140,2022-04-08,20212022,2,STL,4,MIN,3
2021021141,2022-04-08,20212022,2,WPG,4,COL,5
2021021142,2022-04-09,20212022,2,TOR,3,MTL,2
2021021143,2022-04-09,20212022,2,DET,4,CBJ,5
2021021144,2022-04-09,20212022,2,NYR,5,OTT,1
2021021145,2022-04-09,20212022,2,PHI,3,ANA,5
2021021146,2022-04-09,20212022,2,PIT,3,WSH,6
2021021147,2022-04-09,20212022,2,STL,6,NYI,1
2021021148,2022-04-09,20212022,2,NSH,1,FLA,4
2021021149,2022-04-09,20212022,2,DAL,1,NJD,3
2021021151,2022-04-09,20212022,2,EDM,1,COL,2
2021021152,2022-04-09,20212022,2,VAN,4,SJS,2
2021021153,2022-04-09,20212022,2,VGK,6,ARI,1
2021021154,2022-04-09,20212022,2,SEA,1,CGY,4
2021021150,2022-04-10,20212022,2,MIN,6,LAK,3
2021021155,2022-04-10,20212022,2,OTT,3,WPG,4
2021021156,2022-04-10,20212022,2,TBL,5,BUF,0
2021021157,2022-04-10,20212022,2,PIT,3,NSH,2
2021021158,2022-04-10,20212022,2,WSH,4,BOS,2
2021021159,2022-04-10,20212022,2,CAR,5,ANA,2
2021021160,2022-04-10,20212022,2,CHI,4,DAL,6
2021021162,2022-04-11,20212022,2,MTL,2,WPG,4
2021020922,2022-04-12,20212022,2,NYI,5,PIT,4
2021021163,2022-04-12,20212022,2,MIN,5,EDM,1
2021021164,2022-04-12,20212022,2,BOS,2,STL,4
2021021165,2022-04-12,20212022,2,TOR,2,BUF,5
2021021166,2022-04-12,20212022,2,DET,1,OTT,4
2021021167,2022-04-12,20212022,2,FLA,3,ANA,2
2021021168,2022-04-12,20212022,2,NYR,2,CAR,4
2021021170,2022-04-12,20212022,2,WSH,9,PHI,2
2021021173,2022-04-12,20212022,2,DAL,1,TBL,0
2021021174,2022-04-12,20212022,2,CGY,5,SEA,3
2021021175,2022-04-12,20212022,2,VAN,5,VGK,4
2021021176,2022-04-12,20212022,2,ARI,2,NJD,6
2021021187,2022-04-12,20212022,2,CHI,2,LAK,5
2021021188,2022-04-12,20212022,2,NSH,1,SJS,0
2021021177,2022-04-13,20212022,2,PHI,0,NYR,4
2021021178,2022-04-13,20212022,2,CBJ,5,MTL,1
2021021180,2022-04-13,20212022,2,COL,9,LAK,3
2021021171,2022-04-14,20212022,2,CHI,5,SJS,4
2021021172,2022-04-14,20212022,2,NSH,0,EDM,4
2021021181,2022-04-14,20212022,2,BOS,2,OTT,3
2021021182,2022-04-14,20212022,2,BUF,2,STL,6
2021021183,2022-04-14,20212022,2,TOR,7,WSH,3
2021021184,2022-04-14,20212022,2,TBL,4,ANA,3
2021021185,2022-04-14,20212022,2,PIT,6,NYI,3
2021021186,2022-04-14,20212022,2,CAR,0,DET,3
2021021189,2022-04-14,20212022,2,DAL,2,MIN,3
2021021190,2022-04-14,20212022,2,COL,3,NJD,1
2021021191,2022-04-14,20212022,2,CGY,1,VGK,6
2021021192,2022-04-14,20212022,2,VAN,7,ARI,1
2021021193,2022-04-15,20212022,2,MTL,0,NYI,3
2021021194,2022-04-15,20212022,2,FLA,6,WPG,1
2021021195,2022-04-16,20212022,2,EDM,4,VGK,0
2021021196,2022-04-16,20212022,2,BOS,2,PIT,1
2021021197,2022-04-16,20212022,2,BUF,4,PHI,3
2021021198,2022-04-16,20212022,2,MTL,4,WSH,8
2021021199,2022-04-16,20212022,2,OTT,4,TOR,5
2021021200,2022-04-16,20212022,2,TBL,7,WPG,4
2021021201,2022-04-16,20212022,2,NYR,4,DET,0
2021021202,2022-04-16,20212022,2,STL,6,MIN,5
2021021203,2022-04-16,20212022,2,NSH,4,CHI,3
2021021204,2022-04-16,20212022,2,DAL,2,SJS,1
2021021205,2022-04-16,20212022,2,COL,7,CAR,4
2021021206,2022-04-16,20212022,2,CGY,9,ARI,1
2021021208,2022-04-16,20212022,2,LAK,2,CBJ,1
2021021209,2022-04-16,20212022,2,SEA,4,NJD,3
2021020723,2022-04-17,20212022,2,TOR,4,NYI,2
2021021210,2022-04-17,20212022,2,DET,1,FLA,6
2021021212,2022-04-17,20212022,2,PHI,3,BUF,5
2021021213,2022-04-17,20212022,2,NSH,3,STL,8
2021021214,2022-04-17,20212022,2,MIN,5,SJS,4
2021021215,2022-04-17,20212022,2,ANA,6,CBJ,4
2021020436,2022-04-18,20212022,2,CHI,2,CGY,5
2021020611,2022-04-18,20212022,2,SEA,4,OTT,2
2021021216,2022-04-18,20212022,2,COL,2,WSH,3
2021021217,2022-04-18,20212022,2,VAN,6,DAL,2
2021021218,2022-04-18,20212022,2,ARI,3,CAR,5
2021021219,2022-04-18,20212022,2,VGK,2,NJD,3
2021020443,2022-04-19,20212022,2,NSH,3,CGY,2
2021020625,2022-04-19,20212022,2,VAN,3,OTT,4
2021021220,2022-04-19,20212022,2,TOR,5,PHI,2
2021021221,2022-04-19,20212022,2,MTL,0,MIN,2
2021021222,2022-04-19,20212022,2,TBL,3,DET,4
2021021223,2022-04-19,20212022,2,NYI,2,FLA,3
2021021224,2022-04-19,20212022,2,NYR,3,WPG,0
2021021225,2022-04-19,20212022,2,STL,2,BOS,3
2021021226,2022-04-19,20212022,2,ANA,1,LAK,2
2021021227,2022-04-19,20212022,2,SJS,3,CBJ,2
2021021229,2022-04-20,20212022,2,EDM,5,DAL,2
2021021230,2022-04-20,20212022,2,ARI,3,CHI,4
2021021231,2022-04-20,20212022,2,VGK,4,WSH,3
2021021232,2022-04-20,20212022,2,SEA,3,COL,2
2021021233,2022-04-21,20212022,2,MTL,3,PHI,6
2021021234,2022-04-21,20212022,2,TBL,8,TOR,1
2021021235,2022-04-21,20212022,2,FLA,5,DET,2
2021021236,2022-04-21,20212022,2,NJD,2,BUF,5
2021021237,2022-04-21,20212022,2,NYI,3,NYR,6
2021021238,2022-04-21,20212022,2,PIT,4,BOS,0
2021021239,2022-04-21,20212022,2,CAR,4,WPG,2
2021021240,2022-04-21,20212022,2,MIN,6,VAN,3
2021021241,2022-04-21,20212022,2,CGY,4,DAL,2
2021021242,2022-04-21,20212022,2,LAK,4,CHI,1
2021021243,2022-04-21,20212022,2,SJS,1,STL,3
2021021244,2022-04-22,20212022,2,CBJ,1,OTT,2
2021021245,2022-04-22,20212022,2,MIN,6,SEA,3
2021021246,2022-04-22,20212022,2,EDM,6,COL,3
2021021247,2022-04-22,20212022,2,ARI,0,WSH,2
2021021248,2022-04-23,20212022,2,BOS,3,NYR,1
2021021249,2022-04-23,20212022,2,BUF,5,NYI,3
2021021250,2022-04-23,20212022,2,OTT,6,MTL,4
2021021251,2022-04-23,20212022,2,DET,2,PIT,7
2021021252,2022-04-23,20212022,2,TBL,6,NSH,2
2021021253,2022-04-23,20212022,2,FLA,3,TOR,2
2021021254,2022-04-23,20212022,2,NJD,2,CAR,3
2021021255,2022-04-23,20212022,2,DAL,3,SEA,2
2021021256,2022-04-23,20212022,2,CGY,6,VAN,3
2021021257,2022-04-23,20212022,2,ARI,4,STL,5
2021021258,2022-04-23,20212022,2,LAK,4,ANA,2
2021021259,2022-04-23,20212022,2,SJS,4,CHI,1
2021020471,2022-04-24,20212022,2,MTL,3,BOS,5
2021021260,2022-04-24,20212022,2,FLA,4,TBL,8
2021021261,2022-04-24,20212022,2,NJD,0,DET,3
2021021262,2022-04-24,20212022,2,NYI,2,CAR,5
2021021264,2022-04-24,20212022,2,PHI,4,PIT,1
2021021265,2022-04-24,20212022,2,WSH,3,TOR,4
2021021266,2022-04-24,20212022,2,CBJ,5,EDM,2
2021021267,2022-04-24,20212022,2,NSH,4,MIN,5
2021021268,2022-04-24,20212022,2,WPG,4,COL,1
2021021269,2022-04-24,20212022,2,VGK,4,SJS,5
2021021270,2022-04-24,20212022,2,ANA,3,STL,6
2021021271,2022-04-25,20212022,2,CHI,3,PHI,1
2021020829,2022-04-26,20212022,2,TOR,3,DET,0
2021021272,2022-04-26,20212022,2,BOS,4,FLA,2
2021021274,2022-04-26,20212022,2,OTT,5,NJD,4
2021021276,2022-04-26,20212022,2,TBL,4,CBJ,1
2021021277,2022-04-26,20212022,2,NYR,3,CAR,4
2021021278,2022-04-26,20212022,2,PIT,1,EDM,5
2021021279,2022-04-26,20212022,2,WSH,1,NYI,4
2021021280,2022-04-26,20212022,2,NSH,4,CGY,5
2021021281,2022-04-26,20212022,2,DAL,3,VGK,2
2021021282,2022-04-26,20212022,2,MIN,3,ARI,5
2021021283,2022-04-26,20212022,2,COL,5,STL,3
2021021284,2022-04-26,20212022,2,VAN,5,SEA,2
2021021285,2022-04-26,20212022,2,SJS,2,ANA,5
2021020505,2022-04-27,20212022,2,NYR,3,MTL,4
2021021286,2022-04-27,20212022,2,CHI,4,VGK,3
2021021287,2022-04-27,20212022,2,DAL,3,ARI,4
2021021288,2022-04-27,20212022,2,WPG,4,PHI,0
2021021289,2022-04-27,20212022,2,SEA,3,LAK,5
2021020513,2022-04-28,20212022,2,NYI,5,WSH,1
2021021290,2022-04-28,20212022,2,BOS,5,BUF,0
2021021291,2022-04-28,20212022,2,OTT,0,FLA,4
2021021294,2022-04-28,20212022,2,CAR,6,NJD,3
2021021295,2022-04-28,20212022,2,MIN,3,CGY,2
2021021296,2022-04-28,20212022,2,COL,4,NSH,5
2021021297,2022-04-28,20212022,2,EDM,5,SJS,4
2021021305,2022-04-28,20212022,2,CBJ,5,TBL,2
2021021310,2022-04-28,20212022,2,VAN,3,LAK,2
2021021169,2022-04-29,20212022,2,PIT,5,CBJ,3
2021021207,2022-04-29,20212022,2,EDM,3,VAN,2
2021021292,2022-04-29,20212022,2,NYI,4,TBL,6
2021021298,2022-04-29,20212022,2,BUF,3,CHI,2
2021021299,2022-04-29,20212022,2,TOR,5,BOS,2
2021021300,2022-04-29,20212022,2,MTL,10,FLA,2
2021021301,2022-04-29,20212022,2,NJD,3,DET,5
2021021302,2022-04-29,20212022,2,NYR,3,WSH,2
2021021303,2022-04-29,20212022,2,PHI,2,OTT,4
2021021306,2022-04-29,20212022,2,STL,4,VGK,7
2021021307,2022-04-29,20212022,2,DAL,4,ANA,2
2021021308,2022-04-29,20212022,2,MIN,4,COL,1
2021021309,2022-04-29,20212022,2,WPG,3,CGY,1
2021021311,2022-04-29,20212022,2,ARI,5,NSH,4
2021021312,2022-04-29,20212022,2,SEA,3,SJS,0
2021021179,2022-05-01,20212022,2,WPG,4,SEA,3
2021030121,2022-05-02,20212022,3,TOR,5,TBL,0
2021030131,2022-05-02,20212022,3,CAR,5,BOS,1
2021030161,2022-05-02,20212022,3,MIN,0,STL,4
2021030181,2022-05-02,20212022,3,EDM,3,LAK,4
2021030111,2022-05-03,20212022,3,FLA,2,WSH,4
2021030141,2022-05-03,20212022,3,NYR,3,PIT,4
2021030151,2022-05-03,20212022,3,COL,7,NSH,2
2021030171,2022-05-03,20212022,3,CGY,1,DAL,0
2021030122,2022-05-04,20212022,3,TOR,3,TBL,5
2021030132,2022-05-04,20212022,3,CAR,5,BOS,2
2021030162,2022-05-04,20212022,3,MIN,6,STL,2
2021030182,2022-05-04,20212022,3,EDM,6,LAK,0
2021030112,2022-05-05,20212022,3,FLA,5,WSH,1
2021030142,2022-05-05,20212022,3,NYR,5,PIT,2
2021030152,2022-05-05,20212022,3,COL,2,NSH,1
2021030172,2022-05-05,20212022,3,CGY,0,DAL,2
2021030123,2022-05-06,20212022,3,TBL,2,TOR,5
2021030133,2022-05-06,20212022,3,BOS,4,CAR,2
2021030163,2022-05-06,20212022,3,STL,1,MIN,5
2021030183,2022-05-06,20212022,3,LAK,2,EDM,8
2021030113,2022-05-07,20212022,3,WSH,6,FLA,1
2021030143,2022-05-07,20212022,3,PIT,7,NYR,4
2021030153,2022-05-07,20212022,3,NSH,3,COL,7
2021030173,2022-05-07,20212022,3,DAL,4,CGY,2
2021030124,2022-05-08,20212022,3,TBL,7,TOR,3
2021030134,2022-05-08,20212022,3,BOS,5,CAR,2
2021030164,2022-05-08,20212022,3,STL,5,MIN,2
2021030184,2022-05-08,20212022,3,LAK,4,EDM,0
2021030114,2022-05-09,20212022,3,WSH,2,FLA,3
2021030144,2022-05-09,20212022,3,PIT,7,NYR,2
2021030154,2022-05-09,20212022,3,NSH,3,COL,5
2021030174,2022-05-09,20212022,3,DAL,1,CGY,4
2021030125,2022-05-10,20212022,3,TOR,4,TBL,3
2021030135,2022-05-10,20212022,3,CAR,5,BOS,1
2021030165,2022-05-10,20212022,3,MIN,2,STL,5
2021030185,2022-05-10,20212022,3,EDM,4,LAK,5
2021030115,2022-05-11,20212022,3,FLA,5,WSH,3
2021030145,2022-05-11,20212022,3,NYR,5,PIT,3
2021030175,2022-05-11,20212022,3,CGY,3,DAL,1
2021030126,2022-05-12,20212022,3,TBL,4,TOR,3
2021030136,2022-05-12,20212022,3,BOS,5,CAR,2
2021030166,2022-05-12,20212022,3,STL,5,MIN,1
2021030186,2022-05-12,20212022,3,LAK,2,EDM,4
2021030116,2022-05-13,20212022,3,WSH,3,FLA,4
2021030146,2022-05-13,20212022,3,PIT,3,NYR,5
2021030176,2022-05-13,20212022,3,DAL,4,CGY,2
2021030127,2022-05-14,20212022,3,TOR,1,TBL,2
2021030137,2022-05-14,20212022,3,CAR,3,BOS,2
2021030187,2022-05-14,20212022,3,EDM,2,LAK,0
2021030147,2022-05-15,20212022,3,NYR,4,PIT,3
2021030177,2022-05-15,20212022,3,CGY,3,DAL,2
2021030211,2022-05-17,20212022,3,FLA,1,TBL,4
2021030231,2022-05-17,20212022,3,COL,3,STL,2
2021030221,2022-05-18,20212022,3,CAR,2,NYR,1
2021030241,2022-05-18,20212022,3,CGY,9,EDM,6
2021030212,2022-05-19,20212022,3,FLA,1,TBL,2
2021030232,2022-05-19,20212022,3,COL,1,STL,4
2021030222,2022-05-20,20212022,3,CAR,2,NYR,0
2021030242,2022-05-20,20212022,3,CGY,3,EDM,5
2021030233,2022-05-21,20212022,3,STL,2,COL,5
2021030213,2022-05-22,20212022,3,TBL,5,FLA,1
2021030223,2022-05-22,20212022,3,NYR,3,CAR,1
2021030243,2022-05-22,20212022,3,EDM,4,CGY,1
2021030214,2022-05-23,20212022,3,TBL,2,FLA,0
2021030234,2022-05-23,20212022,3,STL,3,COL,6
2021030224,2022-05-24,20212022,3,NYR,4,CAR,1
2021030244,2022-05-24,20212022,3,EDM,5,CGY,3
2021030235,2022-05-25,20212022,3,COL,4,STL,5
2021030225,2022-05-26,20212022,3,CAR,3,NYR,1
2021030245,2022-05-26,20212022,3,CGY,4,EDM,5
2021030236,2022-05-27,20212022,3,STL,2,COL,3
2021030226,2022-05-28,20212022,3,NYR,5,CAR,2
2021030227,2022-05-30,20212022,3,CAR,2,NYR,6
2021030321,2022-05-31,20212022,3,COL,8,EDM,6
2021030311,2022-06-01,20212022,3,NYR,6,TBL,2
2021030322,2022-06-02,20212022,3,COL,4,EDM,0
2021030312,2022-06-03,20212022,3,NYR,3,TBL,2
2021030323,2022-06-04,20212022,3,EDM,2,COL,4
2021030313,2022-06-05,20212022,3,TBL,3,NYR,2
2021030324,2022-06-06,20212022,3,EDM,5,COL,6
2021030314,2022-06-07,20212022,3,TBL,4,NYR,1
2021030315,2022-06-09,20212022,3,NYR,1,TBL,3
2021030316,2022-06-11,20212022,3,TBL,2,NYR,1
2021030411,2022-06-15,20212022,3,COL,4,TBL,3
2021030412,2022-06-18,20212022,3,COL,7,TBL,0
2021030413,2022-06-20,20212022,3,TBL,6,COL,2
2021030414,2022-06-22,20212022,3,TBL,2,COL,3
2021030415,2022-06-24,20212022,3,COL,2,TBL,3
2021030416,2022-06-26,20212022,3,TBL,1,COL,2
2022020001,2022-10-07,20222023,2,NSH,4,SJS,1
2022020002,2022-10-08,20222023,2,SJS,2,NSH,3
2022020003,2022-10-11,20222023,2,NYR,3,TBL,1
2022020004,2022-10-11,20222023,2,LAK,3,VGK,4
2022020005,2022-10-12,20222023,2,WSH,2,BOS,5
2022020006,2022-10-12,20222023,2,CAR,4,CBJ,1
2022020007,2022-10-12,20222023,2,MTL,4,TOR,3
2022020008,2022-10-12,20222023,2,COL,5,CHI,2
2022020009,2022-10-12,20222023,2,ANA,5,SEA,4
2022020010,2022-10-12,20222023,2,EDM,5,VAN,3
2022020011,2022-10-13,20222023,2,PIT,6,ARI,2
2022020012,2022-10-13,20222023,2,PHI,5,NJD,2
2022020013,2022-10-13,20222023,2,BUF,4,OTT,1
2022020014,2022-10-13,20222023,2,NYI,1,FLA,3
2022020015,2022-10-13,20222023,2,TOR,3,WSH,2
2022020016,2022-10-13,20222023,2,NSH,1,DAL,4
2022020017,2022-10-13,20222023,2,MIN,3,NYR,7
2022020018,2022-10-13,20222023,2,CGY,5,COL,3
2022020019,2022-10-13,20222023,2,VGK,1,CHI,0
2022020020,2022-10-13,20222023,2,LAK,1,SEA,4
2022020021,2022-10-14,20222023,2,CBJ,2,TBL,5
2022020022,2022-10-14,20222023,2,DET,3,MTL,0
2022020023,2022-10-14,20222023,2,WPG,4,NYR,1
2022020024,2022-10-14,20222023,2,SJS,1,CAR,2
2022020025,2022-10-15,20222023,2,BUF,3,FLA,4
2022020026,2022-10-15,20222023,2,PHI,3,VAN,2
2022020027,2022-10-15,20222023,2,BOS,6,ARI,3
2022020028,2022-10-15,20222023,2,NJD,2,DET,5
2022020029,2022-10-15,20222023,2,WSH,3,MTL,1
2022020030,2022-10-15,20222023,2,TOR,3,OTT,2
2022020031,2022-10-15,20222023,2,PIT,6,TBL,2
2022020032,2022-10-15,20222023,2,NYI,7,ANA,1
2022020033,2022-10-15,20222023,2,STL,5,CBJ,2
2022020034,2022-10-15,20222023,2,MIN,6,LAK,7
2022020035,2022-10-15,20222023,2,DAL,5,NSH,1
2022020036,2022-10-15,20222023,2,EDM,3,CGY,4
2022020037,2022-10-15,20222023,2,SEA,2,VGK,5
2022020038,2022-10-15,20222023,2,SJS,2,CHI,5
2022020039,2022-10-17,20222023,2,NYR,6,ANA,4
2022020040,2022-10-17,20222023,2,TOR,2,ARI,4
2022020041,2022-10-17,20222023,2,BOS,5,FLA,3
2022020042,2022-10-17,20222023,2,MTL,3,PIT,2
2022020043,2022-10-17,20222023,2,WSH,6,VAN,4
2022020044,2022-10-17,20222023,2,DET,4,LAK,5
2022020045,2022-10-17,20222023,2,MIN,3,COL,6
2022020046,2022-10-17,20222023,2,DAL,4,WPG,1
2022020047,2022-10-17,20222023,2,SEA,1,CAR,5
2022020048,2022-10-18,20222023,2,NJD,4,ANA,2
2022020049,2022-10-18,20222023,2,OTT,7,BOS,5
2022020050,2022-10-18,20222023,2,CBJ,4,VAN,3
2022020051,2022-10-18,20222023,2,NYI,5,SJS,2
2022020052,2022-10-18,20222023,2,NSH,3,LAK,4
2022020053,2022-10-18,20222023,2,TBL,2,PHI,3
2022020054,2022-10-18,20222023,2,EDM,2,BUF,4
2022020055,2022-10-18,20222023,2,CGY,3,VGK,2
2022020056,2022-10-19,20222023,2,FLA,4,PHI,3
2022020057,2022-10-19,20222023,2,COL,3,WPG,4
2022020058,2022-10-19,20222023,2,SEA,3,STL,4
2022020059,2022-10-20,20222023,2,BOS,2,ANA,1
2022020060,2022-10-20,20222023,2,MTL,6,ARI,2
2022020061,2022-10-20,20222023,2,TOR,3,DAL,2
2022020062,2022-10-20,20222023,2,PIT,6,LAK,1
2022020063,2022-10-20,20222023,2,CBJ,5,NSH,3
2022020064,2022-10-20,20222023,2,NYR,2,SJS,3
2022020065,2022-10-20,20222023,2,OTT,5,WSH,2
2022020066,2022-10-20,20222023,2,NYI,1,NJD,4
2022020067,2022-10-20,20222023,2,MIN,4,VAN,3
2022020068,2022-10-20,20222023,2,CGY,3,BUF,6
2022020069,2022-10-20,20222023,2,EDM,6,CAR,4
2022020070,2022-10-20,20222023,2,VGK,5,WPG,2
2022020071,2022-10-21,20222023,2,FLA,2,TBL,3
2022020072,2022-10-21,20222023,2,CHI,4,DET,3
2022020073,2022-10-21,20222023,2,COL,2,SEA,3
2022020074,2022-10-22,20222023,2,BOS,4,MIN,3
2022020075,2022-10-22,20222023,2,NJD,2,SJS,1
2022020076,2022-10-22,20222023,2,OTT,6,ARI,2
2022020077,2022-10-22,20222023,2,EDM,0,STL,2
2022020078,2022-10-22,20222023,2,MTL,2,DAL,5
2022020079,2022-10-22,20222023,2,WSH,4,LAK,3
2022020080,2022-10-22,20222023,2,TBL,5,NYI,3
2022020081,2022-10-22,20222023,2,CBJ,3,PIT,6
2022020082,2022-10-22,20222023,2,WPG,1,TOR,4
2022020083,2022-10-22,20222023,2,NSH,1,PHI,3
2022020084,2022-10-22,20222023,2,VAN,1,BUF,5
2022020085,2022-10-22,20222023,2,CGY,3,CAR,2
2022020086,2022-10-22,20222023,2,VGK,2,COL,3
2022020087,2022-10-23,20222023,2,CHI,5,SEA,4
2022020088,2022-10-23,20222023,2,DET,5,ANA,1
2022020089,2022-10-23,20222023,2,NYR,1,CBJ,5
2022020090,2022-10-23,20222023,2,FLA,3,NYI,2
2022020091,2022-10-23,20222023,2,PHI,0,SJS,3
2022020092,2022-10-24,20222023,2,OTT,4,DAL,2
2022020093,2022-10-24,20222023,2,NJD,3,WSH,6
2022020094,2022-10-24,20222023,2,EDM,6,PIT,3
2022020095,2022-10-24,20222023,2,WPG,4,STL,0
2022020096,2022-10-24,20222023,2,VGK,3,TOR,1
2022020097,2022-10-24,20222023,2,VAN,2,CAR,3
2022020098,2022-10-25,20222023,2,CBJ,3,ARI,6
2022020099,2022-10-25,20222023,2,NYR,2,COL,3
2022020100,2022-10-25,20222023,2,BOS,3,DAL,1
2022020101,2022-10-25,20222023,2,MTL,1,MIN,3
2022020102,2022-10-25,20222023,2,DET,2,NJD,6
2022020103,2022-10-25,20222023,2,CHI,4,FLA,2
2022020104,2022-10-25,20222023,2,CGY,4,PIT,1
2022020105,2022-10-25,20222023,2,SEA,5,BUF,1
2022020106,2022-10-25,20222023,2,LAK,4,TBL,2
2022020107,2022-10-25,20222023,2,SJS,2,VGK,4
2022020108,2022-10-26,20222023,2,NYI,3,NYR,0
2022020109,2022-10-26,20222023,2,STL,1,EDM,3
2022020110,2022-10-26,20222023,2,ANA,2,TBL,4
2022020111,2022-10-27,20222023,2,BOS,5,DET,1
2022020112,2022-10-27,20222023,2,PHI,4,FLA,3
2022020113,2022-10-27,20222023,2,OTT,2,MIN,4
2022020114,2022-10-27,20222023,2,BUF,2,MTL,3
2022020115,2022-10-27,20222023,2,NSH,6,STL,2
2022020116,2022-10-27,20222023,2,CHI,5,EDM,6
2022020117,2022-10-27,20222023,2,DAL,2,WSH,0
2022020118,2022-10-27,20222023,2,SEA,4,VAN,5
2022020119,2022-10-27,20222023,2,SJS,4,TOR,3
2022020120,2022-10-27,20222023,2,LAK,4,WPG,6
2022020121,2022-10-28,20222023,2,VGK,4,ANA,0
2022020122,2022-10-28,20222023,2,CBJ,0,BOS,4
2022020123,2022-10-28,20222023,2,NJD,1,COL,0
2022020124,2022-10-28,20222023,2,CAR,2,NYI,6
2022020125,2022-10-28,20222023,2,VAN,5,PIT,1
2022020126,2022-10-28,20222023,2,ARI,2,WPG,3
2022020127,2022-10-29,20222023,2,DAL,3,NYR,6
2022020128,2022-10-29,20222023,2,FLA,5,OTT,3
2022020129,2022-10-29,20222023,2,SJS,3,TBL,4
2022020130,2022-10-29,20222023,2,PHI,3,CAR,4
2022020131,2022-10-29,20222023,2,BUF,4,CHI,3
2022020132,2022-10-29,20222023,2,DET,2,MIN,1
2022020133,2022-10-29,20222023,2,STL,4,MTL,7
2022020134,2022-10-29,20222023,2,LAK,4,TOR,2
2022020135,2022-10-29,20222023,2,NYI,5,COL,4
2022020136,2022-10-29,20222023,2,NSH,0,WSH,3
2022020137,2022-10-29,20222023,2,CGY,2,EDM,3
2022020138,2022-10-29,20222023,2,SEA,3,PIT,1
2022020139,2022-10-30,20222023,2,NJD,7,CBJ,1
2022020140,2022-10-30,20222023,2,CHI,3,MIN,4
2022020141,2022-10-30,20222023,2,ARI,2,NYR,3
2022020142,2022-10-30,20222023,2,ANA,4,TOR,3
2022020143,2022-10-30,20222023,2,VGK,2,WPG,1
2022020144,2022-10-31,20222023,2,BUF,8,DET,3
2022020145,2022-10-31,20222023,2,CAR,3,WSH,2
2022020146,2022-10-31,20222023,2,STL,1,LAK,5
2022020147,2022-11-01,20222023,2,PIT,5,BOS,6
2022020148,2022-11-01,20222023,2,TBL,4,OTT,3
2022020149,2022-11-01,20222023,2,NYR,1,PHI,0
2022020150,2022-11-01,20222023,2,WSH,2,VGK,3
2022020151,2022-11-01,20222023,2,MIN,4,MTL,1
2022020152,2022-11-01,20222023,2,CHI,1,NYI,3
2022020153,2022-11-01,20222023,2,DAL,5,LAK,2
2022020154,2022-11-01,20222023,2,EDM,7,NSH,4
2022020155,2022-11-01,20222023,2,CGY,4,SEA,5
2022020156,2022-11-01,20222023,2,ARI,3,FLA,1
2022020157,2022-11-01,20222023,2,VAN,2,NJD,5
2022020158,2022-11-01,20222023,2,SJS,5,ANA,6
2022020159,2022-11-02,20222023,2,TOR,5,PHI,2
2022020160,2022-11-02,20222023,2,BUF,6,PIT,3
2022020161,2022-11-03,20222023,2,NYR,2,BOS,5
2022020162,2022-11-03,20222023,2,TBL,3,CAR,4
2022020163,2022-11-03,20222023,2,OTT,4,VGK,5
2022020164,2022-11-03,20222023,2,DET,3,WSH,1
2022020165,2022-11-03,20222023,2,WPG,3,MTL,2
2022020166,2022-11-03,20222023,2,STL,2,NYI,5
2022020167,2022-11-03,20222023,2,MIN,0,SEA,4
2022020168,2022-11-03,20222023,2,CHI,2,LAK,1
2022020169,2022-11-03,20222023,2,CGY,1,NSH,4
2022020170,2022-11-03,20222023,2,EDM,3,NJD,4
2022020171,2022-11-03,20222023,2,VAN,8,ANA,5
2022020172,2022-11-03,20222023,2,ARI,2,DAL,7
2022020173,2022-11-03,20222023,2,SJS,3,FLA,4
2022020174,2022-11-04,20222023,2,CAR,5,BUF,3
2022020175,2022-11-04,20222023,2,COL,6,CBJ,3
2022020176,2022-11-05,20222023,2,WPG,4,CHI,0
2022020177,2022-11-05,20222023,2,EDM,2,DAL,6
2022020178,2022-11-05,20222023,2,WSH,2,ARI,3
2022020179,2022-11-05,20222023,2,TOR,2,BOS,1
2022020180,2022-11-05,20222023,2,TBL,5,BUF,3
2022020181,2022-11-05,20222023,2,DET,3,NYI,0
2022020182,2022-11-05,20222023,2,OTT,1,PHI,2
2022020183,2022-11-05,20222023,2,PIT,2,SEA,3
2022020184,2022-11-05,20222023,2,MTL,4,VGK,6
2022020185,2022-11-05,20222023,2,CBJ,1,COL,5
2022020186,2022-11-05,20222023,2,VAN,3,NSH,4
2022020187,2022-11-05,20222023,2,CGY,3,NJD,4
2022020188,2022-11-05,20222023,2,SJS,4,ANA,5
2022020189,2022-11-05,20222023,2,LAK,5,FLA,4
2022020190,2022-11-06,20222023,2,NYR,2,DET,3
2022020191,2022-11-06,20222023,2,CAR,1,TOR,3
2022020192,2022-11-06,20222023,2,ANA,3,FLA,5
2022020193,2022-11-07,20222023,2,NYI,4,CGY,3
2022020194,2022-11-07,20222023,2,BOS,3,STL,1
2022020195,2022-11-07,20222023,2,WSH,5,EDM,4
2022020196,2022-11-08,20222023,2,BUF,1,ARI,4
2022020197,2022-11-08,20222023,2,NJD,3,CGY,2
2022020198,2022-11-08,20222023,2,NYR,3,NYI,4
2022020199,2022-11-08,20222023,2,PHI,5,STL,1
2022020200,2022-11-08,20222023,2,OTT,4,VAN,6
2022020201,2022-11-08,20222023,2,TOR,3,VGK,4
2022020202,2022-11-08,20222023,2,TBL,2,EDM,3
2022020203,2022-11-08,20222023,2,DET,2,MTL,3
2022020204,2022-11-08,20222023,2,WPG,5,DAL,1
2022020205,2022-11-08,20222023,2,SEA,5,NSH,1
2022020206,2022-11-08,20222023,2,LAK,1,MIN,0
2022020207,2022-11-09,20222023,2,FLA,3,CAR,0
2022020208,2022-11-09,20222023,2,WSH,1,PIT,4
2022020209,2022-11-09,20222023,2,MTL,5,VAN,2
2022020210,2022-11-09,20222023,2,ANA,1,MIN,4
2022020211,2022-11-10,20222023,2,BOS,3,CGY,1
2022020212,2022-11-10,20222023,2,CAR,7,EDM,2
2022020213,2022-11-10,20222023,2,NJD,4,OTT,3
2022020214,2022-11-10,20222023,2,CBJ,5,PHI,2
2022020215,2022-11-10,20222023,2,BUF,4,VGK,7
2022020216,2022-11-10,20222023,2,NYI,0,ARI,2
2022020217,2022-11-10,20222023,2,DET,2,NYR,8
2022020218,2022-11-10,20222023,2,STL,5,SJS,3
2022020219,2022-11-10,20222023,2,COL,5,NSH,3
2022020220,2022-11-10,20222023,2,LAK,2,CHI,1
2022020221,2022-11-11,20222023,2,TOR,2,PIT,4
2022020222,2022-11-11,20222023,2,WSH,5,TBL,1
2022020223,2022-11-11,20222023,2,DAL,4,SJS,5
2022020224,2022-11-11,20222023,2,SEA,0,MIN,1
2022020225,2022-11-12,20222023,2,PHI,1,OTT,4
2022020226,2022-11-12,20222023,2,FLA,2,EDM,4
2022020227,2022-11-12,20222023,2,NJD,4,ARI,2
2022020228,2022-11-12,20222023,2,BUF,1,BOS,3
2022020229,2022-11-12,20222023,2,MTL,5,PIT,4
2022020230,2022-11-12,20222023,2,TOR,3,VAN,2
2022020231,2022-11-12,20222023,2,NYI,4,CBJ,3
2022020232,2022-11-12,20222023,2,NSH,2,NYR,1
2022020233,2022-11-12,20222023,2,COL,4,CAR,1
2022020234,2022-11-12,20222023,2,ANA,2,CHI,3
2022020235,2022-11-12,20222023,2,VGK,2,STL,3
2022020236,2022-11-12,20222023,2,CGY,3,WPG,2
2022020237,2022-11-12,20222023,2,LAK,4,DET,3
2022020238,2022-11-13,20222023,2,PHI,1,DAL,5
2022020239,2022-11-13,20222023,2,NYR,4,ARI,1
2022020240,2022-11-13,20222023,2,MIN,2,SJS,3
2022020241,2022-11-13,20222023,2,BOS,5,VAN,2
2022020242,2022-11-13,20222023,2,TBL,6,WSH,3
2022020243,2022-11-13,20222023,2,SEA,2,WPG,3
2022020244,2022-11-14,20222023,2,OTT,2,NYI,4
2022020245,2022-11-14,20222023,2,CHI,0,CAR,3
2022020246,2022-11-14,20222023,2,CGY,6,LAK,5
2022020247,2022-11-14,20222023,2,COL,2,STL,3
2022020248,2022-11-15,20222023,2,TBL,5,DAL,4
2022020249,2022-11-15,20222023,2,MTL,1,NJD,5
2022020250,2022-11-15,20222023,2,CBJ,5,PHI,4
2022020251,2022-11-15,20222023,2,PIT,2,TOR,5
2022020252,2022-11-15,20222023,2,BUF,4,VAN,5
2022020253,2022-11-15,20222023,2,FLA,5,WSH,2
2022020254,2022-11-15,20222023,2,NSH,2,MIN,1
2022020255,2022-11-15,20222023,2,ANA,3,DET,2
2022020256,2022-11-15,20222023,2,VGK,2,SJS,5
2022020257,2022-11-16,20222023,2,OTT,4,BUF,1
2022020258,2022-11-16,20222023,2,CHI,2,STL,5
2022020259,2022-11-16,20222023,2,EDM,1,LAK,3
2022020260,2022-11-17,20222023,2,TBL,4,CGY,1
2022020261,2022-11-17,20222023,2,CAR,2,COL,3
2022020262,2022-11-17,20222023,2,FLA,4,DAL,6
2022020263,2022-11-17,20222023,2,CBJ,6,MTL,4
2022020264,2022-11-17,20222023,2,TOR,2,NJD,3
2022020265,2022-11-17,20222023,2,BOS,4,PHI,1
2022020266,2022-11-17,20222023,2,WPG,3,ANA,2
2022020267,2022-11-17,20222023,2,NSH,5,NYI,4
2022020268,2022-11-17,20222023,2,MIN,4,PIT,6
2022020269,2022-11-17,20222023,2,STL,5,WSH,4
2022020270,2022-11-17,20222023,2,VGK,4,ARI,1
2022020271,2022-11-17,20222023,2,SEA,3,NYR,2
2022020272,2022-11-17,20222023,2,SJS,4,DET,7
2022020273,2022-11-18,20222023,2,VAN,4,LAK,1
2022020274,2022-11-19,20222023,2,OTT,1,NJD,5
2022020275,2022-11-19,20222023,2,FLA,4,CGY,5
2022020276,2022-11-19,20222023,2,TOR,5,BUF,2
2022020277,2022-11-19,20222023,2,BOS,6,CHI,1
2022020278,2022-11-19,20222023,2,WSH,0,COL,4
2022020279,2022-11-19,20222023,2,CBJ,1,DET,6
2022020280,2022-11-19,20222023,2,MTL,5,PHI,4
2022020281,2022-11-19,20222023,2,WPG,0,PIT,3
2022020282,2022-11-19,20222023,2,STL,6,ANA,2
2022020283,2022-11-19,20222023,2,MIN,2,CAR,1
2022020284,2022-11-19,20222023,2,DAL,5,NYI,2
2022020285,2022-11-19,20222023,2,NSH,2,TBL,3
2022020286,2022-11-19,20222023,2,SEA,3,LAK,2
2022020287,2022-11-19,20222023,2,EDM,4,VGK,3
2022020288,2022-11-19,20222023,2,SJS,1,NYR,2
2022020289,2022-11-20,20222023,2,CBJ,5,FLA,3
2022020290,2022-11-20,20222023,2,CHI,3,PIT,5
2022020291,2022-11-21,20222023,2,TBL,3,BOS,5
2022020292,2022-11-21,20222023,2,PHI,2,CGY,5
2022020293,2022-11-21,20222023,2,NJD,5,EDM,2
2022020294,2022-11-21,20222023,2,WPG,4,CAR,3
2022020295,2022-11-21,20222023,2,TOR,2,NYI,3
2022020296,2022-11-21,20222023,2,STL,3,ANA,1
2022020297,2022-11-21,20222023,2,NSH,4,ARI,3
2022020298,2022-11-21,20222023,2,DAL,2,COL,3
2022020299,2022-11-21,20222023,2,SJS,5,OTT,1
2022020300,2022-11-21,20222023,2,VAN,4,VGK,5
2022020301,2022-11-22,20222023,2,MTL,2,BUF,7
2022020302,2022-11-22,20222023,2,LAK,3,NYR,5
2022020303,2022-11-23,20222023,2,CAR,0,ARI,4
2022020304,2022-11-23,20222023,2,FLA,5,BOS,2
2022020305,2022-11-23,20222023,2,PIT,2,CGY,1
2022020306,2022-11-23,20222023,2,CBJ,1,MTL,3
2022020307,2022-11-23,20222023,2,BUF,6,STL,2
2022020308,2022-11-23,20222023,2,NJD,1,TOR,2
2022020309,2022-11-23,20222023,2,MIN,6,WPG,1
2022020310,2022-11-23,20222023,2,NYI,3,EDM,0
2022020311,2022-11-23,20222023,2,DET,3,NSH,0
2022020312,2022-11-23,20222023,2,WSH,3,PHI,2
2022020313,2022-11-23,20222023,2,DAL,6,CHI,4
2022020314,2022-11-23,20222023,2,ANA,3,NYR,2
2022020315,2022-11-23,20222023,2,VGK,4,OTT,1
2022020316,2022-11-23,20222023,2,SEA,8,SJS,5
2022020317,2022-11-23,20222023,2,COL,3,VAN,4
2022020318,2022-11-25,20222023,2,BOS,3,CAR,2
2022020319,2022-11-25,20222023,2,WSH,3,CGY,0
2022020321,2022-11-25,20222023,2,CHI,2,MTL,3
2022020322,2022-11-25,20222023,2,MIN,3,TOR,4
2022020323,2022-11-25,20222023,2,ANA,1,OTT,5
2022020324,2022-11-25,20222023,2,PHI,1,PIT,4
2022020325,2022-11-25,20222023,2,DET,4,ARI,3
2022020326,2022-11-25,20222023,2,CBJ,2,NYI,3
2022020327,2022-11-25,20222023,2,BUF,1,NJD,3
2022020328,2022-11-25,20222023,2,TBL,5,STL,2
2022020329,2022-11-25,20222023,2,VGK,2,SEA,4
2022020330,2022-11-25,20222023,2,DAL,4,WPG,5
2022020331,2022-11-25,20222023,2,SJS,2,LAK,5
2022020332,2022-11-26,20222023,2,NYR,3,EDM,4
2022020333,2022-11-26,20222023,2,CAR,3,CGY,2
2022020334,2022-11-26,20222023,2,FLA,4,STL,5
2022020335,2022-11-26,20222023,2,PIT,1,TOR,4
2022020336,2022-11-26,20222023,2,NJD,5,WSH,1
2022020337,2022-11-26,20222023,2,NYI,5,PHI,2
2022020339,2022-11-26,20222023,2,COL,4,DAL,1
2022020340,2022-11-26,20222023,2,VGK,1,VAN,5
2022020341,2022-11-27,20222023,2,MIN,4,ARI,3
2022020342,2022-11-27,20222023,2,CHI,2,WPG,7
2022020343,2022-11-27,20222023,2,ANA,4,SEA,5
2022020344,2022-11-27,20222023,2,SJS,3,VAN,4
2022020345,2022-11-27,20222023,2,LAK,2,OTT,3
2022020346,2022-11-28,20222023,2,NYR,3,NJD,5
2022020347,2022-11-28,20222023,2,BUF,5,TBL,6
2022020348,2022-11-28,20222023,2,DET,2,TOR,4
2022020349,2022-11-28,20222023,2,CBJ,2,VGK,3
2022020350,2022-11-28,20222023,2,STL,1,DAL,4
2022020351,2022-11-28,20222023,2,EDM,4,FLA,3
2022020352,2022-11-29,20222023,2,PIT,2,CAR,3
2022020353,2022-11-29,20222023,2,PHI,3,NYI,1
2022020354,2022-11-29,20222023,2,MTL,0,SJS,4
2022020355,2022-11-29,20222023,2,BOS,3,TBL,1
2022020356,2022-11-29,20222023,2,NSH,2,ANA,1
2022020357,2022-11-29,20222023,2,WPG,5,COL,0
2022020358,2022-11-29,20222023,2,CGY,6,FLA,2
2022020359,2022-11-29,20222023,2,VAN,1,WSH,5
2022020360,2022-11-29,20222023,2,LAK,8,SEA,9
2022020361,2022-11-30,20222023,2,DET,4,BUF,5
2022020362,2022-11-30,20222023,2,OTT,1,NYR,3
2022020363,2022-11-30,20222023,2,TOR,3,SJS,1
2022020364,2022-11-30,20222023,2,CHI,4,EDM,5
2022020365,2022-12-01,20222023,2,BUF,4,COL,6
2022020366,2022-12-01,20222023,2,NJD,3,NSH,4
2022020367,2022-12-01,20222023,2,PHI,1,TBL,4
2022020368,2022-12-01,20222023,2,PIT,4,VGK,3
2022020369,2022-12-01,20222023,2,STL,4,CAR,6
2022020370,2022-12-01,20222023,2,MIN,5,EDM,3
2022020371,2022-12-01,20222023,2,DAL,5,ANA,0
2022020372,2022-12-01,20222023,2,CGY,1,MTL,2
2022020373,2022-12-01,20222023,2,VAN,1,FLA,5
2022020374,2022-12-01,20222023,2,SEA,3,WSH,2
2022020375,2022-12-01,20222023,2,LAK,5,ARI,3
2022020376,2022-12-02,20222023,2,NYR,2,OTT,3
2022020377,2022-12-02,20222023,2,NYI,1,NSH,4
2022020378,2022-12-02,20222023,2,WPG,1,CBJ,4
2022020379,2022-12-03,20222023,2,MIN,5,ANA,4
2022020380,2022-12-03,20222023,2,BOS,5,COL,1
2022020381,2022-12-03,20222023,2,EDM,5,MTL,3
2022020382,2022-12-03,20222023,2,PHI,2,NJD,3
2022020383,2022-12-03,20222023,2,OTT,5,SJS,2
2022020384,2022-12-03,20222023,2,PIT,6,STL,2
2022020385,2022-12-03,20222023,2,TBL,4,TOR,3
2022020386,2022-12-03,20222023,2,DET,1,VGK,4
2022020387,2022-12-03,20222023,2,NYR,2,CHI,5
2022020388,2022-12-03,20222023,2,VAN,3,ARI,2
2022020389,2022-12-03,20222023,2,SEA,1,FLA,5
2022020390,2022-12-03,20222023,2,CGY,5,WSH,2
2022020391,2022-12-03,20222023,2,LAK,2,CAR,4
2022020392,2022-12-04,20222023,2,WPG,5,ANA,2
2022020393,2022-12-04,20222023,2,DAL,5,MIN,6
2022020394,2022-12-04,20222023,2,CBJ,2,DET,4
2022020395,2022-12-04,20222023,2,BUF,6,SJS,3
2022020396,2022-12-04,20222023,2,NYI,3,CHI,0
2022020397,2022-12-05,20222023,2,PHI,5,COL,3
2022020398,2022-12-05,20222023,2,NYR,6,STL,4
2022020399,2022-12-05,20222023,2,BOS,3,VGK,4
2022020400,2022-12-05,20222023,2,EDM,2,WSH,3
2022020401,2022-12-05,20222023,2,CGY,3,ARI,2
2022020402,2022-12-05,20222023,2,VAN,7,MTL,6
2022020403,2022-12-06,20222023,2,NJD,3,CHI,0
2022020404,2022-12-06,20222023,2,PIT,4,CBJ,1
2022020405,2022-12-06,20222023,2,TBL,2,DET,4
2022020406,2022-12-06,20222023,2,OTT,2,LAK,5
2022020407,2022-12-06,20222023,2,NYI,4,STL,7
2022020408,2022-12-06,20222023,2,WPG,5,FLA,2
2022020409,2022-12-06,20222023,2,DAL,0,TOR,4
2022020410,2022-12-06,20222023,2,ANA,4,CAR,3
2022020411,2022-12-06,20222023,2,SEA,2,MTL,4
2022020412,2022-12-07,20222023,2,CBJ,4,BUF,9
2022020413,2022-12-07,20222023,2,PHI,1,WSH,4
2022020414,2022-12-07,20222023,2,CGY,5,MIN,3
2022020415,2022-12-07,20222023,2,COL,0,BOS,4
2022020416,2022-12-07,20222023,2,EDM,8,ARI,2
2022020417,2022-12-07,20222023,2,VGK,1,NYR,5
2022020418,2022-12-07,20222023,2,SJS,5,VAN,6
2022020419,2022-12-08,20222023,2,FLA,5,DET,1
2022020420,2022-12-08,20222023,2,TOR,5,LAK,0
2022020421,2022-12-08,20222023,2,TBL,5,NSH,2
2022020422,2022-12-08,20222023,2,STL,2,WPG,5
2022020423,2022-12-08,20222023,2,DAL,4,OTT,3
2022020424,2022-12-09,20222023,2,CBJ,3,CGY,1
2022020425,2022-12-09,20222023,2,NJD,4,NYI,6
2022020426,2022-12-09,20222023,2,BUF,3,PIT,4
2022020427,2022-12-09,20222023,2,WSH,4,SEA,1
2022020428,2022-12-09,20222023,2,CHI,1,WPG,3
2022020429,2022-12-09,20222023,2,EDM,5,MIN,2
2022020430,2022-12-09,20222023,2,COL,1,NYR,2
2022020431,2022-12-09,20222023,2,ARI,4,BOS,3
2022020432,2022-12-09,20222023,2,VGK,2,PHI,1
2022020433,2022-12-09,20222023,2,ANA,1,SJS,6
2022020434,2022-12-10,20222023,2,NSH,2,OTT,3
2022020435,2022-12-10,20222023,2,DAL,3,DET,2
2022020436,2022-12-10,20222023,2,TBL,4,FLA,1
2022020437,2022-12-10,20222023,2,PIT,3,BUF,1
2022020438,2022-12-10,20222023,2,TOR,5,CGY,4
2022020439,2022-12-10,20222023,2,MTL,2,LAK,4
2022020440,2022-12-10,20222023,2,NYI,0,CAR,3
2022020441,2022-12-10,20222023,2,VAN,0,MIN,3
2022020442,2022-12-11,20222023,2,STL,2,COL,3
2022020443,2022-12-11,20222023,2,CBJ,6,LAK,5
2022020444,2022-12-11,20222023,2,FLA,2,SEA,5
2022020445,2022-12-11,20222023,2,ARI,5,PHI,4
2022020446,2022-12-11,20222023,2,WPG,2,WSH,5
2022020447,2022-12-11,20222023,2,VGK,1,BOS,3
2022020448,2022-12-12,20222023,2,MTL,2,CGY,1
2022020449,2022-12-12,20222023,2,PIT,2,DAL,1
2022020450,2022-12-12,20222023,2,NYR,4,NJD,3
2022020451,2022-12-12,20222023,2,OTT,3,ANA,0
2022020452,2022-12-12,20222023,2,MIN,2,EDM,1
2022020453,2022-12-12,20222023,2,STL,1,NSH,0
2022020454,2022-12-13,20222023,2,TOR,7,ANA,0
2022020455,2022-12-13,20222023,2,FLA,4,CBJ,0
2022020456,2022-12-13,20222023,2,NJD,1,DAL,4
2022020457,2022-12-13,20222023,2,BUF,6,LAK,0
2022020458,2022-12-13,20222023,2,BOS,4,NYI,3
2022020459,2022-12-13,20222023,2,TBL,6,SEA,2
2022020460,2022-12-13,20222023,2,DET,0,CAR,1
2022020461,2022-12-13,20222023,2,NSH,3,EDM,6
2022020462,2022-12-13,20222023,2,WPG,5,VGK,6
2022020463,2022-12-13,20222023,2,CHI,3,WSH,7
2022020464,2022-12-13,20222023,2,COL,3,PHI,2
2022020465,2022-12-13,20222023,2,SJS,3,ARI,2
2022020466,2022-12-14,20222023,2,OTT,3,MTL,2
2022020467,2022-12-14,20222023,2,MIN,4,DET,1
2022020468,2022-12-14,20222023,2,CGY,3,VAN,4
2022020469,2022-12-15,20222023,2,MTL,2,ANA,5
2022020470,2022-12-15,20222023,2,TBL,4,CBJ,1
2022020471,2022-12-15,20222023,2,WSH,1,DAL,2
2022020472,2022-12-15,20222023,2,BOS,2,LAK,3
2022020473,2022-12-15,20222023,2,NJD,1,PHI,2
2022020474,2022-12-15,20222023,2,FLA,2,PIT,4
2022020475,2022-12-15,20222023,2,CAR,3,SEA,2
2022020476,2022-12-15,20222023,2,NYR,3,TOR,1
2022020477,2022-12-15,20222023,2,WPG,2,NSH,1
2022020478,2022-12-15,20222023,2,CHI,1,VGK,4
2022020479,2022-12-15,20222023,2,COL,2,BUF,4
2022020480,2022-12-15,20222023,2,EDM,3,STL,4
2022020481,2022-12-16,20222023,2,MIN,4,CHI,1
2022020482,2022-12-16,20222023,2,CGY,2,STL,5
2022020483,2022-12-16,20222023,2,ARI,5,NYI,4
2022020484,2022-12-17,20222023,2,BOS,4,CBJ,2
2022020485,2022-12-17,20222023,2,DET,3,OTT,6
2022020486,2022-12-17,20222023,2,EDM,3,ANA,4
2022020487,2022-12-17,20222023,2,CAR,5,DAL,4
2022020488,2022-12-17,20222023,2,NJD,2,FLA,4
2022020489,2022-12-17,20222023,2,PHI,3,NYR,6
2022020490,2022-12-17,20222023,2,MTL,1,TBL,5
2022020491,2022-12-17,20222023,2,WSH,5,TOR,2
2022020492,2022-12-17,20222023,2,ARI,2,BUF,5
2022020493,2022-12-17,20222023,2,COL,3,NSH,1
2022020494,2022-12-17,20222023,2,VGK,2,NYI,5
2022020495,2022-12-17,20222023,2,VAN,1,WPG,5
2022020496,2022-12-17,20222023,2,LAK,3,SJS,2
2022020497,2022-12-18,20222023,2,MIN,4,OTT,2
2022020498,2022-12-18,20222023,2,CAR,3,PIT,2
2022020499,2022-12-18,20222023,2,CHI,1,NYR,7
2022020500,2022-12-18,20222023,2,SEA,3,WPG,2
2022020501,2022-12-18,20222023,2,SJS,2,CGY,5
2022020502,2022-12-19,20222023,2,CBJ,1,DAL,2
2022020503,2022-12-19,20222023,2,WSH,4,DET,3
2022020504,2022-12-19,20222023,2,BOS,7,FLA,3
2022020505,2022-12-19,20222023,2,NSH,4,EDM,3
2022020506,2022-12-19,20222023,2,COL,1,NYI,0
2022020507,2022-12-19,20222023,2,VGK,2,BUF,3
2022020508,2022-12-19,20222023,2,ARI,2,MTL,3
2022020509,2022-12-19,20222023,2,VAN,1,STL,5
2022020510,2022-12-20,20222023,2,PHI,5,CBJ,3
2022020511,2022-12-20,20222023,2,PIT,3,NYR,2
2022020512,2022-12-20,20222023,2,CAR,4,NJD,1
2022020513,2022-12-20,20222023,2,TOR,4,TBL,1
2022020514,2022-12-20,20222023,2,WPG,5,OTT,1
2022020515,2022-12-20,20222023,2,SEA,5,STL,2
2022020516,2022-12-20,20222023,2,LAK,4,ANA,1
2022020517,2022-12-20,20222023,2,SJS,3,CGY,7
2022020518,2022-12-21,20222023,2,FLA,2,NJD,4
2022020519,2022-12-21,20222023,2,DET,7,TBL,4
2022020520,2022-12-21,20222023,2,COL,2,MTL,1
2022020521,2022-12-21,20222023,2,CHI,2,NSH,4
2022020522,2022-12-21,20222023,2,DAL,3,EDM,6
2022020523,2022-12-21,20222023,2,VGK,5,ARI,2
2022020524,2022-12-21,20222023,2,ANA,1,MIN,4
2022020525,2022-12-22,20222023,2,TOR,4,PHI,3
2022020526,2022-12-22,20222023,2,PIT,3,CAR,4
2022020527,2022-12-22,20222023,2,NYR,5,NYI,3
2022020528,2022-12-22,20222023,2,OTT,2,WSH,3
2022020529,2022-12-22,20222023,2,BOS,3,WPG,2
2022020530,2022-12-22,20222023,2,VAN,6,SEA,5
2022020531,2022-12-22,20222023,2,LAK,4,CGY,3
2022020532,2022-12-22,20222023,2,SJS,5,MIN,2
2022020533,2022-12-23,20222023,2,NJD,3,BOS,4
2022020535,2022-12-23,20222023,2,CAR,6,PHI,5
2022020537,2022-12-23,20222023,2,WSH,4,WPG,1
2022020538,2022-12-23,20222023,2,NYI,5,FLA,1
2022020539,2022-12-23,20222023,2,NSH,2,COL,3
2022020540,2022-12-23,20222023,2,CHI,5,CBJ,2
2022020541,2022-12-23,20222023,2,DAL,4,MTL,2
2022020542,2022-12-23,20222023,2,EDM,2,VAN,5
2022020543,2022-12-23,20222023,2,ARI,2,LAK,1
2022020544,2022-12-23,20222023,2,ANA,2,CGY,3
2022020545,2022-12-23,20222023,2,VGK,5,STL,4
2022020546,2022-12-27,20222023,2,OTT,3,BOS,2
2022020548,2022-12-27,20222023,2,CAR,3,CHI,0
2022020549,2022-12-27,20222023,2,NYR,0,WSH,4
2022020550,2022-12-27,20222023,2,NYI,5,PIT,1
2022020551,2022-12-27,20222023,2,NSH,2,DAL,3
2022020552,2022-12-27,20222023,2,WPG,1,MIN,4
2022020553,2022-12-27,20222023,2,STL,4,TOR,5
2022020554,2022-12-27,20222023,2,ARI,6,COL,3
2022020555,2022-12-27,20222023,2,CGY,1,EDM,2
2022020556,2022-12-27,20222023,2,VAN,6,SJS,2
2022020557,2022-12-27,20222023,2,LAK,4,VGK,2
2022020558,2022-12-28,20222023,2,NJD,1,BOS,3
2022020559,2022-12-28,20222023,2,TBL,4,MTL,1
2022020560,2022-12-28,20222023,2,PIT,4,DET,5
2022020561,2022-12-28,20222023,2,SEA,2,CGY,3
2022020562,2022-12-28,20222023,2,ANA,3,VGK,2
2022020563,2022-12-29,20222023,2,BUF,6,DET,3
2022020564,2022-12-29,20222023,2,FLA,7,MTL,2
2022020565,2022-12-29,20222023,2,TBL,2,NYR,1
2022020566,2022-12-29,20222023,2,WSH,3,OTT,4
2022020567,2022-12-29,20222023,2,NYI,2,CBJ,1
2022020568,2022-12-29,20222023,2,STL,3,CHI,1
2022020569,2022-12-29,20222023,2,MIN,1,DAL,4
2022020570,2022-12-29,20222023,2,WPG,4,VAN,2
2022020571,2022-12-29,20222023,2,COL,4,LAK,5
2022020572,2022-12-29,20222023,2,ARI,6,TOR,3
2022020573,2022-12-29,20222023,2,SJS,3,PHI,4
2022020574,2022-12-30,20222023,2,ANA,1,NSH,6
2022020575,2022-12-30,20222023,2,CAR,4,FLA,0
2022020576,2022-12-30,20222023,2,PIT,2,NJD,4
2022020577,2022-12-30,20222023,2,SEA,2,EDM,7
2022020578,2022-12-31,20222023,2,BOS,3,BUF,4
2022020579,2022-12-31,20222023,2,VGK,5,NSH,4
2022020580,2022-12-31,20222023,2,WSH,9,MTL,2
2022020581,2022-12-31,20222023,2,LAK,2,PHI,4
2022020582,2022-12-31,20222023,2,TBL,5,ARI,3
2022020583,2022-12-31,20222023,2,CBJ,4,CHI,1
2022020584,2022-12-31,20222023,2,DET,4,OTT,2
2022020585,2022-12-31,20222023,2,COL,2,TOR,6
2022020586,2022-12-31,20222023,2,DAL,5,SJS,2
2022020587,2022-12-31,20222023,2,CGY,3,VAN,2
2022020588,2022-12-31,20222023,2,EDM,1,WPG,2
2022020589,2022-12-31,20222023,2,STL,2,MIN,5
2022020590,2023-01-01,20222023,2,NJD,4,CAR,5
2022020591,2023-01-01,20222023,2,FLA,3,NYR,5
2022020592,2023-01-01,20222023,2,OTT,3,BUF,1
2022020593,2023-01-01,20222023,2,CHI,2,SJS,5
2022020594,2023-01-01,20222023,2,SEA,4,NYI,1
2022020595,2023-01-02,20222023,2,BOS,2,PIT,1
2022020596,2023-01-02,20222023,2,COL,2,VGK,3
2022020597,2023-01-02,20222023,2,ANA,1,PHI,4
2022020598,2023-01-03,20222023,2,FLA,5,ARI,3
2022020599,2023-01-03,20222023,2,WSH,4,BUF,5
2022020600,2023-01-03,20222023,2,NYR,5,CAR,3
2022020601,2023-01-03,20222023,2,OTT,4,CBJ,0
2022020602,2023-01-03,20222023,2,TOR,5,STL,6
2022020603,2023-01-03,20222023,2,WPG,3,CGY,2
2022020604,2023-01-03,20222023,2,NSH,6,MTL,3
2022020605,2023-01-03,20222023,2,CHI,1,TBL,4
2022020606,2023-01-03,20222023,2,EDM,2,SEA,5
2022020607,2023-01-03,20222023,2,VAN,2,NYI,6
2022020608,2023-01-03,20222023,2,LAK,3,DAL,2
2022020609,2023-01-04,20222023,2,DET,1,NJD,5
2022020610,2023-01-04,20222023,2,MIN,5,TBL,1
2022020611,2023-01-04,20222023,2,ANA,2,DAL,0
2022020612,2023-01-05,20222023,2,PHI,6,ARI,2
2022020613,2023-01-05,20222023,2,MTL,1,NYR,4
2022020614,2023-01-05,20222023,2,CAR,3,NSH,5
2022020615,2023-01-05,20222023,2,TOR,1,SEA,5
2022020616,2023-01-05,20222023,2,NJD,3,STL,5
2022020617,2023-01-05,20222023,2,CBJ,2,WSH,6
2022020618,2023-01-05,20222023,2,EDM,4,NYI,2
2022020619,2023-01-05,20222023,2,VAN,4,COL,2
2022020620,2023-01-05,20222023,2,VGK,5,PIT,2
2022020621,2023-01-05,20222023,2,LAK,2,BOS,5
2022020622,2023-01-06,20222023,2,WSH,2,NSH,3
2022020623,2023-01-06,20222023,2,DET,2,FLA,3
2022020624,2023-01-06,20222023,2,WPG,4,TBL,2
2022020625,2023-01-06,20222023,2,CHI,2,ARI,0
2022020626,2023-01-06,20222023,2,CGY,4,NYI,1
2022020627,2023-01-06,20222023,2,ANA,5,SJS,4
2022020628,2023-01-07,20222023,2,NJD,4,NYR,3
2022020629,2023-01-07,20222023,2,CBJ,4,CAR,3
2022020630,2023-01-07,20222023,2,TOR,4,DET,1
2022020631,2023-01-07,20222023,2,BUF,6,MIN,5
2022020632,2023-01-07,20222023,2,OTT,4,SEA,8
2022020633,2023-01-07,20222023,2,MTL,5,STL,4
2022020634,2023-01-07,20222023,2,EDM,2,COL,3
2022020635,2023-01-07,20222023,2,VGK,1,LAK,5
2022020636,2023-01-07,20222023,2,SJS,2,BOS,4
2022020637,2023-01-08,20222023,2,DAL,5,FLA,1
2022020638,2023-01-08,20222023,2,WPG,7,VAN,4
2022020639,2023-01-08,20222023,2,WSH,1,CBJ,0
2022020640,2023-01-08,20222023,2,CHI,4,CGY,3
2022020641,2023-01-08,20222023,2,ARI,1,PIT,4
2022020642,2023-01-08,20222023,2,MIN,0,STL,3
2022020643,2023-01-08,20222023,2,PHI,2,TOR,6
2022020644,2023-01-08,20222023,2,ANA,1,BOS,7
2022020645,2023-01-09,20222023,2,OTT,0,NSH,3
2022020646,2023-01-09,20222023,2,MTL,0,SEA,4
2022020647,2023-01-09,20222023,2,LAK,6,EDM,3
2022020990,2023-01-09,20222023,2,BUF,0,PHI,4
2022020648,2023-01-10,20222023,2,TBL,6,CBJ,3
2022020649,2023-01-10,20222023,2,NYR,4,MIN,3
2022020650,2023-01-10,20222023,2,CAR,3,NJD,5
2022020651,2023-01-10,20222023,2,BUF,3,SEA,4
2022020652,2023-01-10,20222023,2,PIT,5,VAN,4
2022020653,2023-01-10,20222023,2,NYI,1,DAL,2
2022020654,2023-01-10,20222023,2,DET,7,WPG,5
2022020655,2023-01-10,20222023,2,STL,4,CGY,3
2022020656,2023-01-10,20222023,2,COL,4,FLA,5
2022020657,2023-01-10,20222023,2,ARI,2,SJS,4
2022020658,2023-01-11,20222023,2,TOR,2,NSH,1
2022020659,2023-01-11,20222023,2,PHI,5,WSH,3
2022020660,2023-01-11,20222023,2,ANA,2,EDM,6
2022020661,2023-01-11,20222023,2,LAK,4,SJS,3
2022020662,2023-01-12,20222023,2,CBJ,2,CAR,6
2022020663,2023-01-12,20222023,2,NYR,2,DAL,1
2022020664,2023-01-12,20222023,2,MTL,4,NSH,3
2022020665,2023-01-12,20222023,2,BOS,0,SEA,3
2022020666,2023-01-12,20222023,2,DET,4,TOR,1
2022020667,2023-01-12,20222023,2,TBL,5,VAN,4
2022020668,2023-01-12,20222023,2,BUF,2,WPG,4
2022020669,2023-01-12,20222023,2,NYI,1,MIN,3
2022020670,2023-01-12,20222023,2,STL,1,CGY,4
2022020671,2023-01-12,20222023,2,CHI,3,COL,2
2022020672,2023-01-12,20222023,2,ARI,3,OTT,5
2022020673,2023-01-12,20222023,2,VGK,4,FLA,2
2022020674,2023-01-13,20222023,2,PIT,1,WPG,4
2022020675,2023-01-13,20222023,2,ANA,2,NJD,6
2022020676,2023-01-13,20222023,2,SJS,1,EDM,7
2022020677,2023-01-14,20222023,2,DAL,5,CGY,6
2022020678,2023-01-14,20222023,2,DET,3,CBJ,4
2022020679,2023-01-14,20222023,2,NYI,2,MTL,1
2022020680,2023-01-14,20222023,2,COL,7,OTT,0
2022020681,2023-01-14,20222023,2,WSH,1,PHI,3
2022020682,2023-01-14,20222023,2,CAR,2,PIT,1
2022020683,2023-01-14,20222023,2,BOS,4,TOR,3
2022020684,2023-01-14,20222023,2,FLA,4,VAN,3
2022020685,2023-01-14,20222023,2,MIN,2,ARI,1
2022020686,2023-01-14,20222023,2,NSH,3,BUF,5
2022020687,2023-01-14,20222023,2,CHI,5,SEA,8
2022020688,2023-01-14,20222023,2,STL,2,TBL,4
2022020689,2023-01-14,20222023,2,VGK,3,EDM,4
2022020690,2023-01-14,20222023,2,LAK,2,NJD,5
2022020691,2023-01-15,20222023,2,NYR,1,MTL,2
2022020692,2023-01-15,20222023,2,CAR,3,VAN,4
2022020693,2023-01-15,20222023,2,WPG,2,ARI,1
2022020694,2023-01-16,20222023,2,BUF,1,FLA,4
2022020695,2023-01-16,20222023,2,BOS,6,PHI,0
2022020696,2023-01-16,20222023,2,COL,6,DET,3
2022020697,2023-01-16,20222023,2,SJS,3,NJD,4
2022020698,2023-01-16,20222023,2,SEA,1,TBL,4
2022020699,2023-01-16,20222023,2,VGK,0,DAL,4
2022020700,2023-01-16,20222023,2,PIT,4,ANA,3
2022020701,2023-01-16,20222023,2,CBJ,1,NYR,3
2022020702,2023-01-16,20222023,2,NYI,3,WSH,4
2022020703,2023-01-16,20222023,2,NSH,2,CGY,1
2022020704,2023-01-16,20222023,2,STL,2,OTT,1
2022020338,2023-01-17,20222023,2,NSH,2,CBJ,1
2022020705,2023-01-17,20222023,2,PHI,5,ANA,2
2022020706,2023-01-17,20222023,2,TOR,5,FLA,4
2022020707,2023-01-17,20222023,2,WSH,2,MIN,4
2022020708,2023-01-17,20222023,2,MTL,4,WPG,1
2022020709,2023-01-17,20222023,2,CHI,4,BUF,3
2022020710,2023-01-17,20222023,2,ARI,4,DET,3
2022020711,2023-01-17,20222023,2,EDM,5,SEA,2
2022020712,2023-01-18,20222023,2,OTT,5,PIT,4
2022020713,2023-01-18,20222023,2,NYI,1,BOS,4
2022020714,2023-01-18,20222023,2,CGY,1,COL,4
2022020715,2023-01-18,20222023,2,VAN,2,TBL,5
2022020716,2023-01-18,20222023,2,SJS,5,DAL,3
2022020717,2023-01-19,20222023,2,CBJ,3,ANA,5
2022020718,2023-01-19,20222023,2,NYR,1,BOS,3
2022020719,2023-01-19,20222023,2,PHI,1,CHI,4
2022020720,2023-01-19,20222023,2,MTL,2,FLA,6
2022020721,2023-01-19,20222023,2,CAR,5,MIN,2
2022020722,2023-01-19,20222023,2,BUF,3,NYI,2
2022020723,2023-01-19,20222023,2,TOR,4,WPG,1
2022020724,2023-01-19,20222023,2,STL,5,NSH,2
2022020725,2023-01-19,20222023,2,EDM,5,TBL,3
2022020726,2023-01-19,20222023,2,ARI,0,WSH,4
2022020727,2023-01-19,20222023,2,VGK,2,DET,3
2022020728,2023-01-19,20222023,2,SEA,4,NJD,3
2022020729,2023-01-19,20222023,2,LAK,0,DAL,4
2022020730,2023-01-20,20222023,2,PIT,4,OTT,1
2022020731,2023-01-20,20222023,2,VAN,1,COL,4
2022020732,2023-01-21,20222023,2,BUF,6,ANA,3
2022020733,2023-01-21,20222023,2,CGY,6,TBL,3
2022020734,2023-01-21,20222023,2,FLA,5,MIN,3
2022020735,2023-01-21,20222023,2,DET,1,PHI,2
2022020736,2023-01-21,20222023,2,CBJ,5,SJS,3
2022020737,2023-01-21,20222023,2,MTL,3,TOR,2
2022020738,2023-01-21,20222023,2,OTT,1,WPG,5
2022020739,2023-01-21,20222023,2,NYI,2,CAR,5
2022020740,2023-01-21,20222023,2,DAL,4,ARI,0
2022020741,2023-01-21,20222023,2,STL,3,CHI,5
2022020742,2023-01-21,20222023,2,NSH,5,LAK,3
2022020743,2023-01-21,20222023,2,SEA,1,COL,2
2022020744,2023-01-21,20222023,2,VAN,2,EDM,4
2022020745,2023-01-21,20222023,2,VGK,6,WSH,2
2022020746,2023-01-22,20222023,2,NJD,2,PIT,1
2022020747,2023-01-22,20222023,2,CHI,1,LAK,2
2022020748,2023-01-22,20222023,2,BOS,4,SJS,0
2022020749,2023-01-22,20222023,2,PHI,3,WPG,5
2022020750,2023-01-22,20222023,2,ARI,4,VGK,1
2022020751,2023-01-23,20222023,2,NYR,6,FLA,2
2022020752,2023-01-23,20222023,2,TOR,5,NYI,2
2022020753,2023-01-23,20222023,2,DAL,2,BUF,3
2022020754,2023-01-23,20222023,2,CGY,4,CBJ,3
2022020755,2023-01-24,20222023,2,MTL,2,BOS,4
2022020756,2023-01-24,20222023,2,PIT,7,FLA,6
2022020757,2023-01-24,20222023,2,PHI,3,LAK,4
2022020758,2023-01-24,20222023,2,TBL,4,MIN,2
2022020759,2023-01-24,20222023,2,NJD,3,VGK,2
2022020760,2023-01-24,20222023,2,DET,3,SJS,2
2022020761,2023-01-24,20222023,2,STL,3,BUF,5
2022020762,2023-01-24,20222023,2,NSH,2,WPG,1
2022020763,2023-01-24,20222023,2,ARI,2,ANA,5
2022020764,2023-01-24,20222023,2,COL,3,WSH,2
2022020765,2023-01-24,20222023,2,VAN,5,CHI,2
2022020766,2023-01-25,20222023,2,OTT,2,NYI,1
2022020767,2023-01-25,20222023,2,TOR,3,NYR,2
2022020768,2023-01-25,20222023,2,DAL,2,CAR,3
2022020769,2023-01-25,20222023,2,EDM,2,CBJ,3
2022020770,2023-01-25,20222023,2,SEA,6,VAN,1
2022020771,2023-01-26,20222023,2,TBL,3,BOS,2
2022020772,2023-01-26,20222023,2,MTL,3,DET,4
2022020773,2023-01-26,20222023,2,WSH,3,PIT,2
2022020774,2023-01-26,20222023,2,WPG,2,BUF,3
2022020775,2023-01-26,20222023,2,NSH,6,NJD,4
2022020776,2023-01-26,20222023,2,COL,3,ANA,5
2022020777,2023-01-26,20222023,2,CGY,1,CHI,5
2022020778,2023-01-26,20222023,2,MIN,3,PHI,2
2022020779,2023-01-26,20222023,2,ARI,5,STL,0
2022020780,2023-01-27,20222023,2,NYI,2,DET,0
2022020781,2023-01-27,20222023,2,FLA,3,LAK,4
2022020782,2023-01-27,20222023,2,TOR,2,OTT,6
2022020783,2023-01-27,20222023,2,CAR,5,SJS,4
2022020784,2023-01-27,20222023,2,NYR,4,VGK,1
2022020785,2023-01-27,20222023,2,DAL,2,NJD,3
2022020786,2023-01-27,20222023,2,SEA,2,CGY,5
2022020787,2023-01-27,20222023,2,VAN,5,CBJ,2
2022020788,2023-01-28,20222023,2,COL,4,STL,2
2022020789,2023-01-28,20222023,2,FLA,4,BOS,3
2022020790,2023-01-28,20222023,2,TBL,5,LAK,2
2022020791,2023-01-28,20222023,2,OTT,5,MTL,0
2022020792,2023-01-28,20222023,2,WPG,0,PHI,4
2022020793,2023-01-28,20222023,2,PIT,4,SJS,6
2022020794,2023-01-28,20222023,2,NYI,2,VGK,1
2022020795,2023-01-28,20222023,2,MIN,3,BUF,2
2022020796,2023-01-28,20222023,2,ANA,2,ARI,1
2022020797,2023-01-28,20222023,2,EDM,7,CHI,3
2022020798,2023-01-28,20222023,2,SEA,3,CBJ,1
2022020799,2023-01-29,20222023,2,CAR,4,BOS,1
2022020800,2023-01-29,20222023,2,TOR,5,WSH,1
2022020801,2023-01-30,20222023,2,WPG,4,STL,2
2022020802,2023-01-31,20222023,2,CAR,5,LAK,4
2022020803,2023-01-31,20222023,2,MTL,4,OTT,5
2022020804,2023-01-31,20222023,2,CBJ,3,WSH,4
2022020805,2023-02-01,20222023,2,BUF,1,CAR,5
2022020806,2023-02-01,20222023,2,TOR,2,BOS,5
2022020807,2023-02-06,20222023,2,PHI,1,NYI,2
2022020808,2023-02-06,20222023,2,FLA,7,TBL,1
2022020809,2023-02-06,20222023,2,NYR,5,CGY,4
2022020810,2023-02-06,20222023,2,NJD,5,VAN,4
2022020811,2023-02-06,20222023,2,DAL,3,ANA,2
2022020812,2023-02-06,20222023,2,ARI,3,MIN,2
2022020813,2023-02-07,20222023,2,PIT,2,COL,1
2022020814,2023-02-07,20222023,2,TBL,3,SJS,4
2022020815,2023-02-07,20222023,2,DET,2,EDM,5
2022020816,2023-02-07,20222023,2,NYI,4,SEA,0
2022020817,2023-02-07,20222023,2,NSH,1,VGK,5
2022020818,2023-02-07,20222023,2,CHI,2,ANA,3
2022020819,2023-02-08,20222023,2,NYR,4,VAN,3
2022020820,2023-02-08,20222023,2,DAL,4,MIN,1
2022020821,2023-02-09,20222023,2,TBL,5,COL,0
2022020822,2023-02-09,20222023,2,PHI,2,EDM,1
2022020823,2023-02-09,20222023,2,FLA,4,SJS,1
2022020824,2023-02-09,20222023,2,NJD,3,SEA,1
2022020825,2023-02-09,20222023,2,DET,2,CGY,1
2022020826,2023-02-09,20222023,2,NYI,5,VAN,6
2022020827,2023-02-09,20222023,2,MIN,1,VGK,5
2022020828,2023-02-10,20222023,2,NYR,6,SEA,3
2022020829,2023-02-10,20222023,2,CBJ,0,TOR,3
2022020830,2023-02-10,20222023,2,CHI,4,ARI,3
2022020831,2023-02-10,20222023,2,ANA,3,PIT,6
2022020832,2023-02-11,20222023,2,DET,5,VAN,2
2022020833,2023-02-11,20222023,2,BUF,2,CGY,7
2022020834,2023-02-11,20222023,2,OTT,3,EDM,6
2022020835,2023-02-11,20222023,2,MTL,4,NYI,3
2022020836,2023-02-11,20222023,2,PHI,1,NSH,2
2022020837,2023-02-11,20222023,2,DAL,1,TBL,3
2022020838,2023-02-11,20222023,2,BOS,1,WSH,2
2022020839,2023-02-11,20222023,2,FLA,3,COL,5
2022020840,2023-02-11,20222023,2,TOR,3,CBJ,4
2022020841,2023-02-11,20222023,2,CAR,2,NYR,6
2022020842,2023-02-11,20222023,2,STL,6,ARI,5
2022020843,2023-02-11,20222023,2,MIN,3,NJD,2
2022020844,2023-02-11,20222023,2,WPG,4,CHI,1
2022020845,2023-02-11,20222023,2,LAK,6,PIT,0
2022020846,2023-02-12,20222023,2,MTL,6,EDM,2
2022020847,2023-02-12,20222023,2,WSH,1,SJS,4
2022020848,2023-02-12,20222023,2,PHI,3,SEA,4
2022020849,2023-02-12,20222023,2,VGK,7,ANA,2
2022020850,2023-02-13,20222023,2,OTT,4,CGY,3
2022020851,2023-02-13,20222023,2,NSH,2,ARI,4
2022020852,2023-02-13,20222023,2,MIN,1,FLA,2
2022020853,2023-02-13,20222023,2,VAN,1,DET,6
2022020854,2023-02-13,20222023,2,LAK,5,BUF,2
2022020855,2023-02-14,20222023,2,WSH,2,CAR,3
2022020856,2023-02-14,20222023,2,MTL,4,CHI,0
2022020857,2023-02-14,20222023,2,CBJ,2,NJD,3
2022020858,2023-02-14,20222023,2,NYI,2,OTT,3
2022020859,2023-02-14,20222023,2,STL,6,FLA,2
2022020860,2023-02-14,20222023,2,WPG,3,SEA,2
2022020861,2023-02-14,20222023,2,DAL,2,BOS,3
2022020862,2023-02-14,20222023,2,COL,3,TBL,4
2022020863,2023-02-14,20222023,2,SJS,1,PIT,3
2022020864,2023-02-15,20222023,2,TOR,5,CHI,2
2022020865,2023-02-15,20222023,2,ARI,1,TBL,0
2022020866,2023-02-15,20222023,2,MIN,2,COL,3
2022020867,2023-02-15,20222023,2,EDM,4,DET,5
2022020868,2023-02-15,20222023,2,ANA,3,BUF,7
2022020869,2023-02-15,20222023,2,VAN,4,NYR,6
2022020870,2023-02-16,20222023,2,WSH,3,FLA,6
2022020871,2023-02-16,20222023,2,CAR,6,MTL,2
2022020872,2023-02-16,20222023,2,CBJ,3,WPG,1
2022020873,2023-02-16,20222023,2,NSH,0,BOS,5
2022020874,2023-02-16,20222023,2,STL,4,NJD,2
2022020875,2023-02-16,20222023,2,CGY,2,DET,5
2022020876,2023-02-16,20222023,2,SEA,6,PHI,2
2022020877,2023-02-16,20222023,2,VGK,2,SJS,1
2022020878,2023-02-17,20222023,2,OTT,3,CHI,4
2022020879,2023-02-17,20222023,2,NYI,5,PIT,4
2022020880,2023-02-17,20222023,2,MIN,2,DAL,1
2022020881,2023-02-17,20222023,2,EDM,4,NYR,5
2022020882,2023-02-17,20222023,2,ANA,3,LAK,6
2022020883,2023-02-18,20222023,2,STL,1,COL,4
2022020884,2023-02-18,20222023,2,NSH,7,FLA,3
2022020885,2023-02-18,20222023,2,BOS,6,NYI,2
2022020886,2023-02-18,20222023,2,PIT,2,NJD,5
2022020887,2023-02-18,20222023,2,DAL,1,CBJ,4
2022020888,2023-02-18,20222023,2,TOR,5,MTL,1
2022020889,2023-02-18,20222023,2,CAR,4,WSH,1
2022020890,2023-02-18,20222023,2,CGY,3,NYR,2
2022020891,2023-02-18,20222023,2,VAN,6,PHI,2
2022020892,2023-02-18,20222023,2,LAK,6,ARI,5
2022020893,2023-02-18,20222023,2,SJS,2,BUF,4
2022020894,2023-02-18,20222023,2,SEA,4,DET,2
2022020895,2023-02-18,20222023,2,VGK,5,TBL,4
2022020896,2023-02-19,20222023,2,MIN,4,NSH,3
2022020897,2023-02-19,20222023,2,OTT,7,STL,2
2022020898,2023-02-19,20222023,2,COL,6,EDM,5
2022020899,2023-02-19,20222023,2,CHI,5,TOR,3
2022020900,2023-02-19,20222023,2,NJD,4,WPG,2
2022020901,2023-02-19,20222023,2,ARI,3,CBJ,2
2022020902,2023-02-20,20222023,2,FLA,4,ANA,3
2022020903,2023-02-20,20222023,2,BOS,3,OTT,1
2022020904,2023-02-20,20222023,2,CGY,3,PHI,4
2022020905,2023-02-20,20222023,2,SJS,4,SEA,0
2022020906,2023-02-20,20222023,2,PIT,2,NYI,4
2022020907,2023-02-20,20222023,2,NYR,1,WPG,4
2022020908,2023-02-21,20222023,2,TBL,6,ANA,1
2022020909,2023-02-21,20222023,2,WSH,1,DET,3
2022020910,2023-02-21,20222023,2,NJD,2,MTL,5
2022020911,2023-02-21,20222023,2,CAR,4,STL,1
2022020912,2023-02-21,20222023,2,BUF,3,TOR,6
2022020913,2023-02-21,20222023,2,MIN,2,LAK,1
2022020914,2023-02-21,20222023,2,NSH,5,VAN,4
2022020915,2023-02-21,20222023,2,CHI,3,VGK,2
2022020916,2023-02-21,20222023,2,EDM,4,PHI,2
2022020917,2023-02-22,20222023,2,NYI,2,WPG,1
2022020918,2023-02-22,20222023,2,DAL,3,CHI,4
2022020919,2023-02-22,20222023,2,ARI,3,CGY,6
2022020920,2023-02-23,20222023,2,WSH,2,ANA,4
2022020921,2023-02-23,20222023,2,TBL,5,BUF,6
2022020922,2023-02-23,20222023,2,PIT,2,EDM,7
2022020923,2023-02-23,20222023,2,NJD,4,LAK,3
2022020924,2023-02-23,20222023,2,CBJ,0,MIN,2
2022020925,2023-02-23,20222023,2,DET,4,NYR,1
2022020926,2023-02-23,20222023,2,STL,2,VAN,3
2022020927,2023-02-23,20222023,2,SEA,5,BOS,6
2022020928,2023-02-23,20222023,2,VGK,4,CGY,3
2022020929,2023-02-23,20222023,2,SJS,2,NSH,6
2022020930,2023-02-24,20222023,2,FLA,1,BUF,3
2022020931,2023-02-24,20222023,2,TOR,2,MIN,1
2022020932,2023-02-24,20222023,2,PHI,2,MTL,5
2022020933,2023-02-24,20222023,2,CAR,4,OTT,0
2022020934,2023-02-24,20222023,2,NYI,2,LAK,3
2022020935,2023-02-24,20222023,2,WPG,1,COL,5
2022020936,2023-02-25,20222023,2,CBJ,6,EDM,5
2022020937,2023-02-25,20222023,2,WSH,6,NYR,3
2022020938,2023-02-25,20222023,2,CAR,2,ANA,3
2022020939,2023-02-25,20222023,2,VAN,1,BOS,3
2022020940,2023-02-25,20222023,2,MTL,2,OTT,5
2022020941,2023-02-25,20222023,2,NJD,7,PHI,0
2022020942,2023-02-25,20222023,2,DET,0,TBL,3
2022020943,2023-02-25,20222023,2,STL,2,PIT,3
2022020944,2023-02-25,20222023,2,COL,4,CGY,1
2022020945,2023-02-25,20222023,2,VGK,2,DAL,3
2022020946,2023-02-25,20222023,2,SJS,3,CHI,4
2022020947,2023-02-26,20222023,2,BUF,7,WSH,4
2022020948,2023-02-26,20222023,2,MIN,3,CBJ,2
2022020949,2023-02-26,20222023,2,WPG,0,NYI,4
2022020950,2023-02-26,20222023,2,NYR,5,LAK,2
2022020951,2023-02-26,20222023,2,PIT,7,TBL,3
2022020952,2023-02-26,20222023,2,ARI,2,NSH,6
2022020953,2023-02-26,20222023,2,SEA,1,TOR,5
2022020534,2023-02-27,20222023,2,OTT,6,DET,2
2022020954,2023-02-27,20222023,2,EDM,2,BOS,3
2022020955,2023-02-27,20222023,2,DAL,4,VAN,5
2022020956,2023-02-27,20222023,2,COL,3,VGK,0
2022020957,2023-02-27,20222023,2,ANA,4,CHI,2
2022020958,2023-02-28,20222023,2,BUF,3,CBJ,5
2022020959,2023-02-28,20222023,2,OTT,6,DET,1
2022020960,2023-02-28,20222023,2,TBL,1,FLA,4
2022020961,2023-02-28,20222023,2,WPG,5,LAK,6
2022020962,2023-02-28,20222023,2,MIN,2,NYI,1
2022020963,2023-02-28,20222023,2,NSH,1,PIT,3
2022020964,2023-02-28,20222023,2,STL,3,SEA,5
2022020965,2023-02-28,20222023,2,CGY,3,BOS,4
2022020966,2023-02-28,20222023,2,ARI,4,CHI,1
2022020967,2023-02-28,20222023,2,SJS,1,MTL,3
2022020968,2023-03-01,20222023,2,PHI,2,NYR,3
2022020969,2023-03-01,20222023,2,EDM,5,TOR,2
2022020970,2023-03-01,20222023,2,DAL,4,ARI,2
2022020971,2023-03-01,20222023,2,COL,5,NJD,7
2022020972,2023-03-01,20222023,2,VGK,3,CAR,2
2022020973,2023-03-01,20222023,2,ANA,2,WSH,3
2022020974,2023-03-02,20222023,2,BOS,7,BUF,1
2022020975,2023-03-02,20222023,2,FLA,1,NSH,2
2022020976,2023-03-02,20222023,2,NYR,3,OTT,5
2022020977,2023-03-02,20222023,2,TBL,4,PIT,5
2022020978,2023-03-02,20222023,2,DET,4,SEA,5
2022020979,2023-03-02,20222023,2,CHI,2,DAL,5
2022020980,2023-03-02,20222023,2,CGY,1,TOR,2
2022020981,2023-03-02,20222023,2,VAN,1,MIN,2
2022020982,2023-03-02,20222023,2,LAK,3,MTL,2
2022020983,2023-03-02,20222023,2,SJS,3,STL,6
2022020984,2023-03-03,20222023,2,CBJ,2,SEA,4
2022020985,2023-03-03,20222023,2,EDM,6,WPG,3
2022020986,2023-03-03,20222023,2,ARI,1,CAR,6
2022020987,2023-03-03,20222023,2,ANA,3,MTL,2
2022020988,2023-03-03,20222023,2,VGK,4,NJD,3
2022020536,2023-03-04,20222023,2,BUF,5,TBL,3
2022020989,2023-03-04,20222023,2,NYI,4,DET,1
2022020991,2023-03-04,20222023,2,BOS,4,NYR,2
2022020992,2023-03-04,20222023,2,FLA,4,PIT,1
2022020993,2023-03-04,20222023,2,SJS,3,WSH,8
2022020994,2023-03-04,20222023,2,OTT,5,CBJ,2
2022020995,2023-03-04,20222023,2,WPG,7,EDM,5
2022020996,2023-03-04,20222023,2,VAN,4,TOR,1
2022020997,2023-03-04,20222023,2,DAL,7,COL,3
2022020998,2023-03-04,20222023,2,CHI,1,NSH,3
2022020999,2023-03-04,20222023,2,CGY,0,MIN,3
2022021000,2023-03-04,20222023,2,LAK,4,STL,2
2022021001,2023-03-05,20222023,2,CAR,6,TBL,0
2022021002,2023-03-05,20222023,2,PHI,3,DET,1
2022021003,2023-03-05,20222023,2,VGK,4,MTL,3
2022021004,2023-03-05,20222023,2,ARI,4,NJD,5
2022021005,2023-03-05,20222023,2,COL,2,SEA,3
2022021006,2023-03-06,20222023,2,BUF,2,EDM,3
2022021007,2023-03-06,20222023,2,WPG,2,SJS,3
2022021008,2023-03-06,20222023,2,DAL,4,CGY,5
2022021009,2023-03-06,20222023,2,CHI,5,OTT,0
2022021010,2023-03-06,20222023,2,VAN,4,NSH,3
2022021011,2023-03-06,20222023,2,LAK,4,WSH,2
2022021012,2023-03-07,20222023,2,MTL,3,CAR,4
2022021013,2023-03-07,20222023,2,PIT,5,CBJ,4
2022021014,2023-03-07,20222023,2,TBL,5,PHI,2
2022021015,2023-03-07,20222023,2,NJD,3,TOR,4
2022021016,2023-03-07,20222023,2,FLA,2,VGK,1
2022021017,2023-03-07,20222023,2,NYI,3,BUF,2
2022021018,2023-03-07,20222023,2,MIN,0,CGY,1
2022021019,2023-03-07,20222023,2,COL,6,SJS,0
2022021020,2023-03-07,20222023,2,ARI,6,STL,2
2022021021,2023-03-07,20222023,2,SEA,5,ANA,2
2022021022,2023-03-08,20222023,2,DET,4,CHI,3
2022021023,2023-03-08,20222023,2,WPG,2,MIN,4
2022021024,2023-03-08,20222023,2,VAN,3,ANA,2
2022021025,2023-03-09,20222023,2,BUF,4,DAL,10
2022021026,2023-03-09,20222023,2,BOS,2,EDM,3
2022021027,2023-03-09,20222023,2,PIT,3,NYI,4
2022021028,2023-03-09,20222023,2,MTL,3,NYR,4
2022021029,2023-03-09,20222023,2,WSH,2,NJD,3
2022021030,2023-03-09,20222023,2,CAR,1,PHI,0
2022021031,2023-03-09,20222023,2,TBL,3,VGK,4
2022021032,2023-03-09,20222023,2,STL,4,SJS,2
2022021033,2023-03-09,20222023,2,COL,2,LAK,5
2022021034,2023-03-09,20222023,2,ARI,4,NSH,1
2022021035,2023-03-09,20222023,2,SEA,4,OTT,5
2022021036,2023-03-10,20222023,2,FLA,4,CHI,3
2022021037,2023-03-10,20222023,2,CGY,1,ANA,3
2022021038,2023-03-11,20222023,2,BOS,3,DET,2
2022021039,2023-03-11,20222023,2,PIT,5,PHI,1
2022021040,2023-03-11,20222023,2,BUF,1,NYR,2
2022021041,2023-03-11,20222023,2,COL,3,ARI,2
2022021042,2023-03-11,20222023,2,TBL,3,CHI,1
2022021043,2023-03-11,20222023,2,TOR,7,EDM,4
2022021044,2023-03-11,20222023,2,MTL,1,NJD,3
2022021045,2023-03-11,20222023,2,CBJ,2,STL,5
2022021046,2023-03-11,20222023,2,CAR,0,VGK,4
2022021047,2023-03-11,20222023,2,FLA,4,WPG,5
2022021048,2023-03-11,20222023,2,NYI,1,WSH,5
2022021049,2023-03-11,20222023,2,SEA,3,DAL,4
2022021050,2023-03-11,20222023,2,VAN,5,OTT,2
2022021051,2023-03-11,20222023,2,SJS,2,MIN,5
2022021052,2023-03-11,20222023,2,LAK,1,NSH,2
2022021053,2023-03-12,20222023,2,DET,5,BOS,3
2022021054,2023-03-12,20222023,2,PIT,3,NYR,2
2022021055,2023-03-12,20222023,2,NJD,3,CAR,0
2022021056,2023-03-12,20222023,2,STL,3,VGK,5
2022021057,2023-03-12,20222023,2,TBL,2,WPG,3
2022021058,2023-03-12,20222023,2,ARI,5,MIN,4
2022021059,2023-03-12,20222023,2,CGY,5,OTT,1
2022021060,2023-03-12,20222023,2,ANA,4,NSH,5
2022021061,2023-03-13,20222023,2,TOR,3,BUF,4
2022021062,2023-03-13,20222023,2,MTL,4,COL,8
2022021063,2023-03-13,20222023,2,SEA,2,DAL,5
2022021064,2023-03-14,20222023,2,PIT,4,MTL,6
2022021065,2023-03-14,20222023,2,NJD,1,TBL,4
2022021066,2023-03-14,20222023,2,PHI,3,VGK,5
2022021067,2023-03-14,20222023,2,NYR,5,WSH,3
2022021068,2023-03-14,20222023,2,CAR,5,WPG,3
2022021069,2023-03-14,20222023,2,NSH,2,DET,1
2022021070,2023-03-14,20222023,2,CHI,6,BOS,3
2022021071,2023-03-14,20222023,2,EDM,6,OTT,3
2022021072,2023-03-14,20222023,2,ARI,4,CGY,3
2022021073,2023-03-14,20222023,2,VAN,5,DAL,2
2022021074,2023-03-14,20222023,2,SJS,5,CBJ,6
2022021075,2023-03-14,20222023,2,LAK,5,NYI,2
2022021076,2023-03-15,20222023,2,WSH,5,BUF,4
2022021077,2023-03-15,20222023,2,TOR,1,COL,2
2022021078,2023-03-15,20222023,2,STL,5,MIN,8
2022021079,2023-03-15,20222023,2,ANA,3,NYI,6
2022021080,2023-03-16,20222023,2,OTT,4,COL,5
2022021081,2023-03-16,20222023,2,FLA,9,MTL,5
2022021082,2023-03-16,20222023,2,NYR,4,PIT,2
2022021083,2023-03-16,20222023,2,NJD,3,TBL,4
2022021084,2023-03-16,20222023,2,WPG,0,BOS,3
2022021085,2023-03-16,20222023,2,NSH,1,CHI,2
2022021086,2023-03-16,20222023,2,EDM,4,DAL,1
2022021087,2023-03-16,20222023,2,VGK,2,CGY,7
2022021088,2023-03-16,20222023,2,ARI,3,VAN,2
2022021089,2023-03-16,20222023,2,LAK,4,CBJ,1
2022021090,2023-03-16,20222023,2,SJS,1,SEA,2
2022021091,2023-03-17,20222023,2,PHI,5,BUF,2
2022021092,2023-03-17,20222023,2,TOR,5,CAR,2
2022021093,2023-03-17,20222023,2,WSH,2,STL,5
2022021094,2023-03-17,20222023,2,ANA,7,CBJ,4
2022021095,2023-03-18,20222023,2,DET,1,COL,5
2022021096,2023-03-18,20222023,2,MIN,2,BOS,5
2022021097,2023-03-18,20222023,2,NSH,2,WPG,3
2022021098,2023-03-18,20222023,2,SEA,4,EDM,6
2022021099,2023-03-18,20222023,2,PHI,4,CAR,5
2022021100,2023-03-18,20222023,2,FLA,4,NJD,2
2022021101,2023-03-18,20222023,2,TBL,5,MTL,3
2022021102,2023-03-18,20222023,2,OTT,4,TOR,5
2022021103,2023-03-18,20222023,2,NYR,6,PIT,0
2022021104,2023-03-18,20222023,2,CGY,5,DAL,6
2022021105,2023-03-18,20222023,2,LAK,2,VAN,3
2022021106,2023-03-18,20222023,2,ARI,4,CHI,2
2022021107,2023-03-18,20222023,2,SJS,1,NYI,4
2022021108,2023-03-19,20222023,2,BUF,0,BOS,7
2022021109,2023-03-19,20222023,2,MIN,5,WSH,3
2022021110,2023-03-19,20222023,2,VGK,7,CBJ,2
2022021111,2023-03-19,20222023,2,NYR,7,NSH,0
2022021112,2023-03-19,20222023,2,TBL,2,NJD,5
2022021113,2023-03-19,20222023,2,STL,3,WPG,0
2022021114,2023-03-19,20222023,2,ANA,1,VAN,2
2022021115,2023-03-20,20222023,2,PIT,1,OTT,2
2022021116,2023-03-20,20222023,2,DET,2,FLA,5
2022021117,2023-03-20,20222023,2,COL,5,CHI,0
2022021118,2023-03-20,20222023,2,EDM,5,SJS,4
2022021119,2023-03-20,20222023,2,LAK,8,CGY,2
2022021120,2023-03-21,20222023,2,NYR,2,CAR,3
2022021121,2023-03-21,20222023,2,WSH,6,CBJ,7
2022021122,2023-03-21,20222023,2,PHI,6,FLA,3
2022021123,2023-03-21,20222023,2,NJD,1,MIN,2
2022021124,2023-03-21,20222023,2,BUF,3,NSH,7
2022021125,2023-03-21,20222023,2,BOS,2,OTT,1
2022021126,2023-03-21,20222023,2,MTL,3,TBL,2
2022021127,2023-03-21,20222023,2,NYI,7,TOR,2
2022021128,2023-03-21,20222023,2,WPG,2,ARI,1
2022021129,2023-03-21,20222023,2,STL,2,DET,3
2022021130,2023-03-21,20222023,2,DAL,4,SEA,5
2022021131,2023-03-21,20222023,2,ANA,1,CGY,5
2022021132,2023-03-21,20222023,2,VAN,3,VGK,4
2022021133,2023-03-22,20222023,2,COL,2,PIT,5
2022021134,2023-03-22,20222023,2,EDM,4,ARI,3
2022021135,2023-03-23,20222023,2,WSH,6,CHI,1
2022021136,2023-03-23,20222023,2,PHI,5,MIN,4
2022021137,2023-03-23,20222023,2,BOS,4,MTL,2
2022021138,2023-03-23,20222023,2,CAR,1,NYR,2
2022021139,2023-03-23,20222023,2,OTT,7,TBL,2
2022021140,2023-03-23,20222023,2,FLA,2,TOR,6
2022021141,2023-03-23,20222023,2,DET,3,STL,4
2022021142,2023-03-23,20222023,2,NSH,2,SEA,1
2022021143,2023-03-23,20222023,2,DAL,3,PIT,2
2022021144,2023-03-23,20222023,2,CGY,2,VGK,3
2022021145,2023-03-23,20222023,2,VAN,7,SJS,2
2022021146,2023-03-23,20222023,2,ANA,2,WPG,3
2022021147,2023-03-24,20222023,2,CBJ,5,NYI,4
2022021148,2023-03-24,20222023,2,BUF,5,NJD,4
2022021149,2023-03-24,20222023,2,COL,3,ARI,1
2022021150,2023-03-25,20222023,2,PHI,3,DET,0
2022021151,2023-03-25,20222023,2,BOS,2,TBL,1
2022021152,2023-03-25,20222023,2,NSH,2,SEA,7
2022021153,2023-03-25,20222023,2,CGY,5,SJS,3
2022021154,2023-03-25,20222023,2,LAK,4,WPG,1
2022021155,2023-03-25,20222023,2,MIN,3,CHI,1
2022021156,2023-03-25,20222023,2,FLA,3,NYR,4
2022021157,2023-03-25,20222023,2,NYI,0,BUF,2
2022021158,2023-03-25,20222023,2,MTL,8,CBJ,2
2022021159,2023-03-25,20222023,2,NJD,5,OTT,3
2022021160,2023-03-25,20222023,2,CAR,5,TOR,3
2022021161,2023-03-25,20222023,2,DAL,1,VAN,3
2022021162,2023-03-25,20222023,2,PIT,4,WSH,3
2022021163,2023-03-25,20222023,2,EDM,3,VGK,4
2022021164,2023-03-25,20222023,2,ANA,3,STL,6
2022021165,2023-03-26,20222023,2,ARI,3,COL,4
2022021166,2023-03-26,20222023,2,CAR,3,BOS,4
2022021167,2023-03-26,20222023,2,NSH,2,TOR,3
2022021168,2023-03-26,20222023,2,CHI,2,VAN,4
2022021169,2023-03-26,20222023,2,LAK,7,STL,6
2022021170,2023-03-27,20222023,2,OTT,5,FLA,2
2022021171,2023-03-27,20222023,2,BUF,3,MTL,4
2022021172,2023-03-27,20222023,2,NYI,5,NJD,1
2022021173,2023-03-27,20222023,2,MIN,5,SEA,1
2022021174,2023-03-27,20222023,2,ANA,1,COL,5
2022021175,2023-03-27,20222023,2,ARI,4,EDM,5
2022021176,2023-03-28,20222023,2,NYR,6,CBJ,2
2022021177,2023-03-28,20222023,2,PHI,3,MTL,2
2022021178,2023-03-28,20222023,2,BOS,1,NSH,2
2022021179,2023-03-28,20222023,2,CAR,0,TBL,4
2022021180,2023-03-28,20222023,2,DET,7,PIT,4
2022021181,2023-03-28,20222023,2,STL,6,VAN,5
2022021182,2023-03-28,20222023,2,CHI,1,DAL,4
2022021183,2023-03-28,20222023,2,CGY,2,LAK,1
2022021184,2023-03-28,20222023,2,VGK,4,EDM,7
2022021185,2023-03-28,20222023,2,SJS,3,WPG,0
2022021186,2023-03-29,20222023,2,TOR,2,FLA,3
2022021187,2023-03-29,20222023,2,WSH,1,NYI,2
2022021188,2023-03-29,20222023,2,COL,2,MIN,4
2022021189,2023-03-30,20222023,2,BOS,2,CBJ,1
2022021190,2023-03-30,20222023,2,MTL,2,FLA,5
2022021191,2023-03-30,20222023,2,NJD,2,NYR,1
2022021192,2023-03-30,20222023,2,PIT,2,NSH,0
2022021193,2023-03-30,20222023,2,OTT,5,PHI,4
2022021194,2023-03-30,20222023,2,TBL,5,WSH,1
2022021195,2023-03-30,20222023,2,DET,3,CAR,2
2022021196,2023-03-30,20222023,2,CHI,3,STL,5
2022021197,2023-03-30,20222023,2,EDM,2,LAK,0
2022021198,2023-03-30,20222023,2,SEA,4,ANA,1
2022021199,2023-03-30,20222023,2,SJS,4,VGK,3
2022021200,2023-03-31,20222023,2,BUF,3,NYR,2
2022021201,2023-03-31,20222023,2,WPG,6,DET,2
2022021202,2023-03-31,20222023,2,VAN,4,CGY,5
2022021203,2023-03-31,20222023,2,ARI,2,DAL,5
2022021204,2023-04-01,20222023,2,NSH,6,STL,1
2022021205,2023-04-01,20222023,2,PIT,3,BOS,4
2022021206,2023-04-01,20222023,2,PHI,3,BUF,6
2022021207,2023-04-01,20222023,2,MTL,0,CAR,3
2022021208,2023-04-01,20222023,2,CBJ,0,FLA,7
2022021209,2023-04-01,20222023,2,TBL,5,NYI,0
2022021210,2023-04-01,20222023,2,OTT,0,TOR,3
2022021211,2023-04-01,20222023,2,CHI,3,NJD,6
2022021212,2023-04-01,20222023,2,COL,5,DAL,2
2022021213,2023-04-01,20222023,2,EDM,6,ANA,0
2022021214,2023-04-01,20222023,2,SEA,1,LAK,3
2022021215,2023-04-01,20222023,2,VGK,4,MIN,1
2022021216,2023-04-01,20222023,2,ARI,2,SJS,7
2022021217,2023-04-02,20222023,2,WSH,2,NYR,5
2022021218,2023-04-02,20222023,2,STL,3,BOS,4
2022021219,2023-04-02,20222023,2,CAR,2,NYI,1
2022021220,2023-04-02,20222023,2,CBJ,4,OTT,3
2022021221,2023-04-02,20222023,2,PIT,4,PHI,2
2022021222,2023-04-02,20222023,2,TOR,2,DET,5
2022021223,2023-04-02,20222023,2,WPG,6,NJD,1
2022021224,2023-04-02,20222023,2,CGY,5,ANA,4
2022021225,2023-04-02,20222023,2,VAN,1,LAK,4
2022021226,2023-04-03,20222023,2,MIN,3,VGK,4
2022021227,2023-04-03,20222023,2,DAL,5,NSH,1
2022021228,2023-04-03,20222023,2,SEA,8,ARI,1
2022021229,2023-04-04,20222023,2,FLA,2,BUF,1
2022021230,2023-04-04,20222023,2,TOR,4,CBJ,2
2022021231,2023-04-04,20222023,2,MTL,0,DET,5
2022021232,2023-04-04,20222023,2,CAR,3,OTT,2
2022021233,2023-04-04,20222023,2,NJD,5,PIT,1
2022021234,2023-04-04,20222023,2,STL,4,PHI,2
2022021235,2023-04-04,20222023,2,NSH,3,VGK,2
2022021236,2023-04-04,20222023,2,CGY,3,CHI,4
2022021237,2023-04-04,20222023,2,LAK,1,EDM,3
2022021238,2023-04-04,20222023,2,VAN,2,SEA,5
2022021239,2023-04-04,20222023,2,SJS,3,COL,4
2022021240,2023-04-05,20222023,2,WPG,1,CGY,3
2022021241,2023-04-05,20222023,2,NYR,6,TBL,3
2022021242,2023-04-05,20222023,2,ANA,1,EDM,3
2022021243,2023-04-06,20222023,2,NJD,8,CBJ,1
2022021244,2023-04-06,20222023,2,PIT,4,MIN,1
2022021245,2023-04-06,20222023,2,FLA,7,OTT,2
2022021246,2023-04-06,20222023,2,BOS,2,TOR,1
2022021247,2023-04-06,20222023,2,MTL,6,WSH,2
2022021248,2023-04-06,20222023,2,DET,6,BUF,7
2022021249,2023-04-06,20222023,2,NYI,6,TBL,1
2022021250,2023-04-06,20222023,2,NSH,3,CAR,0
2022021251,2023-04-06,20222023,2,STL,3,NYR,2
2022021252,2023-04-06,20222023,2,DAL,4,PHI,1
2022021253,2023-04-06,20222023,2,SEA,4,ARI,2
2022021254,2023-04-06,20222023,2,VAN,3,CHI,0
2022021255,2023-04-06,20222023,2,VGK,5,LAK,2
2022021256,2023-04-06,20222023,2,SJS,2,COL,6
2022021257,2023-04-08,20222023,2,BUF,4,CAR,3
2022021258,2023-04-08,20222023,2,MIN,5,STL,3
2022021259,2023-04-08,20222023,2,SJS,1,EDM,6
2022021260,2023-04-08,20222023,2,ARI,5,ANA,4
2022021261,2023-04-08,20222023,2,WSH,2,FLA,4
2022021262,2023-04-08,20222023,2,TOR,7,MTL,1
2022021263,2023-04-08,20222023,2,CBJ,0,NYR,4
2022021264,2023-04-08,20222023,2,WPG,2,NSH,0
2022021265,2023-04-08,20222023,2,BOS,2,NJD,1
2022021266,2023-04-08,20222023,2,DET,1,PIT,5
2022021267,2023-04-08,20222023,2,OTT,7,TBL,4
2022021268,2023-04-08,20222023,2,NYI,4,PHI,0
2022021269,2023-04-08,20222023,2,DAL,2,VGK,1
2022021270,2023-04-08,20222023,2,VAN,3,CGY,2
2022021271,2023-04-08,20222023,2,SEA,7,CHI,3
2022021272,2023-04-08,20222023,2,LAK,3,COL,4
2022021273,2023-04-09,20222023,2,PHI,3,BOS,5
2022021274,2023-04-09,20222023,2,ANA,4,COL,5
2022021275,2023-04-10,20222023,2,NYR,2,BUF,3
2022021276,2023-04-10,20222023,2,OTT,3,CAR,2
2022021277,2023-04-10,20222023,2,WSH,5,NYI,2
2022021278,2023-04-10,20222023,2,WPG,6,SJS,2
2022021279,2023-04-10,20222023,2,FLA,1,TOR,2
2022021280,2023-04-10,20222023,2,DET,1,DAL,6
2022021281,2023-04-10,20222023,2,CHI,2,MIN,4
2022021282,2023-04-10,20222023,2,CGY,2,NSH,3
2022021283,2023-04-10,20222023,2,ARI,1,SEA,4
2022021284,2023-04-10,20222023,2,LAK,3,VAN,0
2022021285,2023-04-11,20222023,2,NJD,6,BUF,2
2022021286,2023-04-11,20222023,2,PIT,2,CHI,5
2022021287,2023-04-11,20222023,2,PHI,4,CBJ,3
2022021288,2023-04-11,20222023,2,CAR,4,DET,1
2022021289,2023-04-11,20222023,2,TBL,3,TOR,4
2022021290,2023-04-11,20222023,2,BOS,5,WSH,2
2022021291,2023-04-11,20222023,2,MIN,1,WPG,3
2022021292,2023-04-11,20222023,2,COL,1,EDM,2
2022021293,2023-04-11,20222023,2,VGK,4,SEA,1
2022021294,2023-04-11,20222023,2,ANA,2,VAN,3
2022021295,2023-04-12,20222023,2,NYI,4,MTL,2
2022021296,2023-04-12,20222023,2,STL,2,DAL,5
2022021297,2023-04-12,20222023,2,CGY,3,SJS,1
2022021298,2023-04-13,20222023,2,MTL,4,BOS,5
2022021299,2023-04-13,20222023,2,FLA,4,CAR,6
2022021300,2023-04-13,20222023,2,TBL,5,DET,0
2022021301,2023-04-13,20222023,2,WSH,4,NJD,5
2022021302,2023-04-13,20222023,2,BUF,4,OTT,3
2022021303,2023-04-13,20222023,2,CBJ,3,PIT,2
2022021304,2023-04-13,20222023,2,NYR,2,TOR,3
2022021305,2023-04-13,20222023,2,NSH,4,MIN,3
2022021306,2023-04-13,20222023,2,CHI,4,PHI,5
2022021307,2023-04-13,20222023,2,DAL,1,STL,0
2022021308,2023-04-13,20222023,2,EDM,5,SJS,2
2022021309,2023-04-13,20222023,2,COL,4,WPG,2
2022021310,2023-04-13,20222023,2,ANA,3,LAK,5
2022021311,2023-04-13,20222023,2,ARI,4,VAN,5
2022021312,2023-04-13,20222023,2,SEA,1,VGK,3
2022020320,2023-04-14,20222023,2,NSH,3,COL,4
2022020547,2023-04-14,20222023,2,CBJ,2,BUF,5
2022030111,2023-04-17,20222023,3,BOS,3,FLA,1
2022030131,2023-04-17,20222023,3,CAR,2,NYI,1
2022030161,2023-04-17,20222023,3,DAL,2,MIN,3
2022030181,2023-04-17,20222023,3,EDM,3,LAK,4
2022030121,2023-04-18,20222023,3,TOR,3,TBL,7
2022030141,2023-04-18,20222023,3,NJD,1,NYR,5
2022030151,2023-04-18,20222023,3,COL,1,SEA,3
2022030171,2023-04-18,20222023,3,VGK,1,WPG,5
2022030112,2023-04-19,20222023,3,BOS,3,FLA,6
2022030132,2023-04-19,20222023,3,CAR,4,NYI,3
2022030162,2023-04-19,20222023,3,DAL,7,MIN,3
2022030182,2023-04-19,20222023,3,EDM,4,LAK,2
2022030122,2023-04-20,20222023,3,TOR,7,TBL,2
2022030142,2023-04-20,20222023,3,NJD,1,NYR,5
2022030152,2023-04-20,20222023,3,COL,3,SEA,2
2022030172,2023-04-20,20222023,3,VGK,5,WPG,2
2022030113,2023-04-21,20222023,3,FLA,2,BOS,4
2022030133,2023-04-21,20222023,3,NYI,5,CAR,1
2022030163,2023-04-21,20222023,3,MIN,5,DAL,1
2022030183,2023-04-21,20222023,3,LAK,3,EDM,2
2022030123,2023-04-22,20222023,3,TBL,3,TOR,4
2022030143,2023-04-22,20222023,3,NYR,1,NJD,2
2022030153,2023-04-22,20222023,3,SEA,4,COL,6
2022030173,2023-04-22,20222023,3,WPG,4,VGK,5
2022030114,2023-04-23,20222023,3,FLA,2,BOS,6
2022030134,2023-04-23,20222023,3,NYI,2,CAR,5
2022030164,2023-04-23,20222023,3,MIN,2,DAL,3
2022030184,2023-04-23,20222023,3,LAK,4,EDM,5
2022030124,2023-04-24,20222023,3,TBL,4,TOR,5
2022030144,2023-04-24,20222023,3,NYR,1,NJD,3
2022030154,2023-04-24,20222023,3,SEA,3,COL,2
2022030174,2023-04-24,20222023,3,WPG,2,VGK,4
2022030135,2023-04-25,20222023,3,CAR,2,NYI,3
2022030165,2023-04-25,20222023,3,DAL,4,MIN,0
2022030185,2023-04-25,20222023,3,EDM,6,LAK,3
2022030115,2023-04-26,20222023,3,BOS,3,FLA,4
2022030155,2023-04-26,20222023,3,COL,2,SEA,3
2022030125,2023-04-27,20222023,3,TOR,2,TBL,4
2022030145,2023-04-27,20222023,3,NJD,4,NYR,0
2022030175,2023-04-27,20222023,3,VGK,4,WPG,1
2022030116,2023-04-28,20222023,3,FLA,7,BOS,5
2022030136,2023-04-28,20222023,3,NYI,1,CAR,2
2022030156,2023-04-28,20222023,3,SEA,1,COL,4
2022030166,2023-04-28,20222023,3,MIN,1,DAL,4
2022030126,2023-04-29,20222023,3,TBL,1,TOR,2
2022030146,2023-04-29,20222023,3,NYR,5,NJD,2
2022030186,2023-04-29,20222023,3,LAK,4,EDM,5
2022030117,2023-04-30,20222023,3,BOS,3,FLA,4
2022030157,2023-04-30,20222023,3,COL,1,SEA,2
2022030147,2023-05-01,20222023,3,NJD,4,NYR,0
2022030211,2023-05-02,20222023,3,TOR,2,FLA,4
2022030231,2023-05-02,20222023,3,DAL,4,SEA,5
2022030221,2023-05-03,20222023,3,CAR,5,NJD,1
2022030241,2023-05-03,20222023,3,VGK,6,EDM,4
2022030212,2023-05-04,20222023,3,TOR,2,FLA,3
2022030232,2023-05-04,20222023,3,DAL,4,SEA,2
2022030222,2023-05-05,20222023,3,CAR,6,NJD,1
2022030242,2023-05-06,20222023,3,VGK,1,EDM,5
2022030213,2023-05-07,20222023,3,FLA,3,TOR,2
2022030223,2023-05-07,20222023,3,NJD,8,CAR,4
2022030233,2023-05-07,20222023,3,SEA,7,DAL,2
2022030243,2023-05-08,20222023,3,EDM,1,VGK,5
2022030224,2023-05-09,20222023,3,NJD,1,CAR,6
2022030234,2023-05-09,20222023,3,SEA,3,DAL,6
2022030214,2023-05-10,20222023,3,FLA,1,TOR,2
2022030244,2023-05-10,20222023,3,EDM,4,VGK,1
2022030225,2023-05-11,20222023,3,CAR,3,NJD,2
2022030235,2023-05-11,20222023,3,DAL,5,SEA,2
2022030215,2023-05-12,20222023,3,TOR,2,FLA,3
2022030245,2023-05-12,20222023,3,VGK,4,EDM,3
2022030236,2023-05-13,20222023,3,SEA,6,DAL,3
2022030246,2023-05-14,20222023,3,EDM,2,VGK,5
2022030237,2023-05-15,20222023,3,DAL,2,SEA,1
2022030311,2023-05-18,20222023,3,CAR,2,FLA,3
2022030321,2023-05-19,20222023,3,VGK,4,DAL,3
2022030312,2023-05-20,20222023,3,CAR,1,FLA,2
2022030322,2023-05-21,20222023,3,VGK,3,DAL,2
2022030313,2023-05-22,20222023,3,FLA,1,CAR,0
2022030323,2023-05-23,20222023,3,DAL,0,VGK,4
2022030314,2023-05-24,20222023,3,FLA,4,CAR,3
2022030324,2023-05-25,20222023,3,DAL,3,VGK,2
2022030325,2023-05-27,20222023,3,VGK,2,DAL,4
2022030326,2023-05-29,20222023,3,DAL,0,VGK,6
2022030411,2023-06-03,20222023,3,VGK,5,FLA,2
2022030412,2023-06-05,20222023,3,VGK,7,FLA,2
2022030413,2023-06-08,20222023,3,FLA,3,VGK,2
2022030414,2023-06-10,20222023,3,FLA,2,VGK,3
2022030415,2023-06-13,20222023,3,VGK,9,FLA,3
2023020001,2023-10-10,20232024,2,TBL,5,NSH,3
2023020002,2023-10-10,20232024,2,PIT,2,CHI,4
2023020003,2023-10-10,20232024,2,VGK,4,SEA,1
2023020004,2023-10-11,20232024,2,CAR,5,OTT,3
2023020005,2023-10-11,20232024,2,TOR,6,MTL,5
2023020006,2023-10-11,20232024,2,BOS,3,CHI,1
2023020007,2023-10-11,20232024,2,CGY,5,WPG,3
2023020008,2023-10-11,20232024,2,LAK,2,COL,5
2023020009,2023-10-11,20232024,2,VAN,8,EDM,1
2023020010,2023-10-12,20232024,2,BUF,1,NYR,5
2023020011,2023-10-12,20232024,2,CBJ,2,PHI,4
2023020012,2023-10-12,20232024,2,NJD,4,DET,3
2023020013,2023-10-12,20232024,2,DAL,2,STL,1
2023020014,2023-10-12,20232024,2,MIN,2,FLA,0
2023020015,2023-10-12,20232024,2,NSH,3,SEA,0
2023020016,2023-10-12,20232024,2,SJS,1,VGK,4
2023020017,2023-10-13,20232024,2,NJD,3,ARI,4
2023020018,2023-10-13,20232024,2,WSH,0,PIT,4
2023020019,2023-10-14,20232024,2,OTT,5,PHI,2
2023020020,2023-10-14,20232024,2,WPG,6,FLA,4
2023020021,2023-10-14,20232024,2,BOS,3,NSH,2
2023020022,2023-10-14,20232024,2,CBJ,5,NYR,3
2023020023,2023-10-14,20232024,2,DET,6,TBL,4
2023020024,2023-10-14,20232024,2,MTL,3,CHI,2
2023020025,2023-10-14,20232024,2,PIT,5,CGY,2
2023020026,2023-10-14,20232024,2,TOR,7,MIN,4
2023020027,2023-10-14,20232024,2,NYI,3,BUF,2
2023020028,2023-10-14,20232024,2,STL,2,SEA,1
2023020029,2023-10-14,20232024,2,EDM,3,VAN,4
2023020030,2023-10-14,20232024,2,SJS,1,COL,2
2023020031,2023-10-14,20232024,2,VGK,4,ANA,1
2023020032,2023-10-14,20232024,2,LAK,5,CAR,6
2023020033,2023-10-15,20232024,2,OTT,5,TBL,2
2023020034,2023-10-15,20232024,2,ANA,6,CAR,3
2023020035,2023-10-16,20232024,2,CBJ,0,DET,4
2023020036,2023-10-16,20232024,2,NJD,3,FLA,4
2023020037,2023-10-16,20232024,2,NYR,2,ARI,1
2023020038,2023-10-16,20232024,2,TOR,1,CHI,4
2023020039,2023-10-16,20232024,2,WSH,3,CGY,2
2023020040,2023-10-17,20232024,2,BUF,3,TBL,2
2023020041,2023-10-17,20232024,2,MTL,2,MIN,5
2023020042,2023-10-17,20232024,2,PHI,2,VAN,0
2023020043,2023-10-17,20232024,2,NYI,1,ARI,0
2023020044,2023-10-17,20232024,2,NSH,1,EDM,6
2023020045,2023-10-17,20232024,2,WPG,1,LAK,5
2023020046,2023-10-17,20232024,2,SEA,1,COL,4
2023020047,2023-10-17,20232024,2,SJS,3,CAR,6
2023020048,2023-10-17,20232024,2,VGK,3,DAL,2
2023020049,2023-10-18,20232024,2,OTT,6,WSH,1
2023020050,2023-10-18,20232024,2,DET,6,PIT,3
2023020051,2023-10-19,20232024,2,BUF,3,CGY,4
2023020052,2023-10-19,20232024,2,FLA,3,TOR,1
2023020053,2023-10-19,20232024,2,NYR,1,NSH,4
2023020054,2023-10-19,20232024,2,PHI,4,EDM,1
2023020055,2023-10-19,20232024,2,TBL,4,VAN,3
2023020056,2023-10-19,20232024,2,MIN,3,LAK,7
2023020057,2023-10-19,20232024,2,STL,2,ARI,6
2023020058,2023-10-19,20232024,2,WPG,3,VGK,5
2023020059,2023-10-19,20232024,2,ANA,2,DAL,3
2023020060,2023-10-19,20232024,2,SEA,7,CAR,4
2023020061,2023-10-19,20232024,2,COL,4,CHI,0
2023020062,2023-10-19,20232024,2,SJS,1,BOS,3
2023020063,2023-10-20,20232024,2,CBJ,3,CGY,1
2023020064,2023-10-20,20232024,2,NYI,4,NJD,5
2023020065,2023-10-21,20232024,2,OTT,2,DET,5
2023020066,2023-10-21,20232024,2,ARI,2,ANA,1
2023020067,2023-10-21,20232024,2,BUF,3,NYI,1
2023020068,2023-10-21,20232024,2,FLA,3,VAN,5
2023020069,2023-10-21,20232024,2,MTL,3,WSH,2
2023020070,2023-10-21,20232024,2,TBL,3,TOR,4
2023020071,2023-10-21,20232024,2,CHI,3,VGK,5
2023020072,2023-10-21,20232024,2,DAL,5,PHI,4
2023020073,2023-10-21,20232024,2,MIN,4,CBJ,5
2023020074,2023-10-21,20232024,2,NSH,5,SJS,1
2023020075,2023-10-21,20232024,2,STL,4,PIT,2
2023020076,2023-10-21,20232024,2,COL,6,CAR,4
2023020077,2023-10-21,20232024,2,EDM,2,WPG,3
2023020078,2023-10-21,20232024,2,SEA,1,NYR,4
2023020079,2023-10-21,20232024,2,LAK,2,BOS,4
2023020080,2023-10-22,20232024,2,DET,6,CGY,2
2023020081,2023-10-22,20232024,2,ANA,1,BOS,3
2023020082,2023-10-23,20232024,2,BUF,1,MTL,3
2023020083,2023-10-24,20232024,2,WSH,1,TOR,4
2023020084,2023-10-24,20232024,2,CBJ,2,ANA,3
2023020085,2023-10-24,20232024,2,OTT,4,BUF,6
2023020086,2023-10-24,20232024,2,TBL,3,CAR,0
2023020087,2023-10-24,20232024,2,MTL,2,NJD,5
2023020088,2023-10-24,20232024,2,PIT,1,DAL,4
2023020089,2023-10-24,20232024,2,FLA,3,SJS,1
2023020090,2023-10-24,20232024,2,NYI,4,COL,7
2023020091,2023-10-24,20232024,2,DET,4,SEA,5
2023020092,2023-10-24,20232024,2,CHI,0,BOS,3
2023020093,2023-10-24,20232024,2,WPG,4,STL,2
2023020094,2023-10-24,20232024,2,MIN,7,EDM,4
2023020095,2023-10-24,20232024,2,NSH,2,VAN,3
2023020096,2023-10-24,20232024,2,CGY,1,NYR,3
2023020097,2023-10-24,20232024,2,LAK,6,ARI,3
2023020098,2023-10-24,20232024,2,VGK,3,PHI,2
2023020099,2023-10-25,20232024,2,NJD,4,WSH,6
2023020100,2023-10-26,20232024,2,BOS,3,ANA,4
2023020101,2023-10-26,20232024,2,CAR,3,SEA,2
2023020102,2023-10-26,20232024,2,DET,1,WPG,4
2023020103,2023-10-26,20232024,2,MTL,4,CBJ,3
2023020104,2023-10-26,20232024,2,PHI,6,MIN,2
2023020105,2023-10-26,20232024,2,PIT,4,COL,0
2023020106,2023-10-26,20232024,2,TBL,6,SJS,0
2023020107,2023-10-26,20232024,2,NYI,3,OTT,2
2023020108,2023-10-26,20232024,2,DAL,1,TOR,4
2023020109,2023-10-26,20232024,2,CGY,0,STL,3
2023020110,2023-10-26,20232024,2,EDM,0,NYR,3
2023020111,2023-10-27,20232024,2,VGK,3,CHI,4
2023020112,2023-10-27,20232024,2,CAR,3,SJS,0
2023020113,2023-10-27,20232024,2,NJD,5,BUF,4
2023020114,2023-10-27,20232024,2,WSH,3,MIN,2
2023020115,2023-10-27,20232024,2,ARI,4,LAK,5
2023020116,2023-10-27,20232024,2,VAN,5,STL,0
2023020117,2023-10-28,20232024,2,PHI,4,ANA,7
2023020118,2023-10-28,20232024,2,FLA,3,SEA,2
2023020119,2023-10-28,20232024,2,BOS,4,DET,1
2023020120,2023-10-28,20232024,2,CBJ,0,NYI,2
2023020121,2023-10-28,20232024,2,MTL,4,WPG,3
2023020122,2023-10-28,20232024,2,NSH,3,TOR,2
2023020123,2023-10-28,20232024,2,PIT,2,OTT,5
2023020124,2023-10-28,20232024,2,VAN,3,NYR,4
2023020125,2023-10-28,20232024,2,LAK,3,VGK,4
2023020126,2023-10-29,20232024,2,BUF,4,COL,0
2023020127,2023-10-29,20232024,2,NJD,4,MIN,3
2023020128,2023-10-29,20232024,2,WSH,3,SJS,1
2023020129,2023-10-29,20232024,2,EDM,5,CGY,2
2023020130,2023-10-30,20232024,2,BOS,3,FLA,2
2023020131,2023-10-30,20232024,2,PHI,2,CAR,3
2023020132,2023-10-30,20232024,2,PIT,3,ANA,4
2023020133,2023-10-30,20232024,2,TBL,3,SEA,4
2023020134,2023-10-30,20232024,2,NYI,3,DET,4
2023020135,2023-10-30,20232024,2,WPG,2,NYR,3
2023020136,2023-10-30,20232024,2,DAL,5,CBJ,3
2023020137,2023-10-30,20232024,2,ARI,8,CHI,1
2023020138,2023-10-30,20232024,2,VGK,3,MTL,2
2023020139,2023-10-31,20232024,2,TOR,1,LAK,4
2023020140,2023-10-31,20232024,2,VAN,5,NSH,2
2023020141,2023-11-01,20232024,2,PHI,2,BUF,5
2023020142,2023-11-01,20232024,2,CGY,3,DAL,4
2023020143,2023-11-01,20232024,2,COL,4,STL,1
2023020144,2023-11-01,20232024,2,ANA,4,ARI,3
2023020145,2023-11-02,20232024,2,BOS,3,TOR,2
2023020146,2023-11-02,20232024,2,CBJ,4,TBL,2
2023020147,2023-11-02,20232024,2,DET,0,FLA,2
2023020148,2023-11-02,20232024,2,NYR,2,CAR,1
2023020149,2023-11-02,20232024,2,OTT,2,LAK,3
2023020150,2023-11-02,20232024,2,WSH,0,NYI,3
2023020151,2023-11-02,20232024,2,MIN,3,NJD,5
2023020152,2023-11-02,20232024,2,EDM,3,DAL,4
2023020153,2023-11-02,20232024,2,ARI,3,MTL,2
2023020154,2023-11-02,20232024,2,SEA,4,NSH,2
2023020155,2023-11-02,20232024,2,VGK,5,WPG,2
2023020156,2023-11-02,20232024,2,SJS,1,VAN,10
2023020157,2023-11-03,20232024,2,BUF,1,PHI,5
2023020158,2023-11-03,20232024,2,STL,4,NJD,1
2023020159,2023-11-04,20232024,2,EDM,2,NSH,5
2023020160,2023-11-04,20232024,2,ARI,3,WPG,5
2023020161,2023-11-04,20232024,2,DET,5,BOS,4
2023020162,2023-11-04,20232024,2,OTT,4,TBL,6
2023020163,2023-11-04,20232024,2,PHI,0,LAK,5
2023020164,2023-11-04,20232024,2,STL,6,MTL,3
2023020165,2023-11-04,20232024,2,TOR,4,BUF,6
2023020166,2023-11-04,20232024,2,WSH,2,CBJ,1
2023020167,2023-11-04,20232024,2,NYI,3,CAR,4
2023020168,2023-11-04,20232024,2,CHI,5,FLA,2
2023020169,2023-11-04,20232024,2,MIN,5,NYR,4
2023020170,2023-11-04,20232024,2,SEA,3,CGY,6
2023020171,2023-11-04,20232024,2,SJS,2,PIT,10
2023020172,2023-11-04,20232024,2,VAN,2,DAL,0
2023020173,2023-11-04,20232024,2,VGK,7,COL,0
2023020174,2023-11-05,20232024,2,CHI,2,NJD,4
2023020175,2023-11-05,20232024,2,ANA,4,VGK,2
2023020176,2023-11-06,20232024,2,FLA,5,CBJ,4
2023020177,2023-11-06,20232024,2,TOR,6,TBL,5
2023020178,2023-11-06,20232024,2,DAL,2,BOS,3
2023020179,2023-11-06,20232024,2,VAN,6,EDM,2
2023020180,2023-11-07,20232024,2,CAR,3,BUF,2
2023020181,2023-11-07,20232024,2,MTL,3,TBL,5
2023020182,2023-11-07,20232024,2,NYI,2,MIN,4
2023020183,2023-11-07,20232024,2,NYR,5,DET,3
2023020184,2023-11-07,20232024,2,STL,2,WPG,5
2023020185,2023-11-07,20232024,2,ARI,4,SEA,3
2023020186,2023-11-07,20232024,2,CGY,4,NSH,2
2023020187,2023-11-07,20232024,2,ANA,0,PIT,2
2023020188,2023-11-07,20232024,2,COL,6,NJD,3
2023020189,2023-11-07,20232024,2,SJS,2,PHI,1
2023020190,2023-11-08,20232024,2,TOR,3,OTT,6
2023020191,2023-11-08,20232024,2,WSH,3,FLA,4
2023020192,2023-11-08,20232024,2,VGK,1,LAK,4
2023020193,2023-11-09,20232024,2,BOS,5,NYI,2
2023020194,2023-11-09,20232024,2,CBJ,2,DAL,5
2023020195,2023-11-09,20232024,2,DET,2,MTL,3
2023020196,2023-11-09,20232024,2,NYR,4,MIN,1
2023020197,2023-11-09,20232024,2,OTT,2,VAN,5
2023020198,2023-11-09,20232024,2,TBL,3,CHI,5
2023020199,2023-11-09,20232024,2,STL,2,ARI,1
2023020200,2023-11-09,20232024,2,WPG,6,NSH,3
2023020201,2023-11-09,20232024,2,COL,3,SEA,4
2023020202,2023-11-09,20232024,2,LAK,3,PIT,4
2023020203,2023-11-09,20232024,2,SJS,3,EDM,2
2023020204,2023-11-10,20232024,2,BUF,3,MIN,2
2023020205,2023-11-10,20232024,2,FLA,5,CAR,2
2023020206,2023-11-10,20232024,2,NJD,2,WSH,4
2023020207,2023-11-10,20232024,2,TOR,5,CGY,4
2023020208,2023-11-10,20232024,2,ANA,3,PHI,6
2023020209,2023-11-10,20232024,2,VGK,5,SJS,0
2023020210,2023-11-11,20232024,2,DET,5,CBJ,4
2023020211,2023-11-11,20232024,2,WPG,2,DAL,3
2023020212,2023-11-11,20232024,2,MTL,3,BOS,2
2023020213,2023-11-11,20232024,2,OTT,4,CGY,1
2023020214,2023-11-11,20232024,2,TBL,0,CAR,4
2023020215,2023-11-11,20232024,2,TOR,5,VAN,2
2023020216,2023-11-11,20232024,2,NYI,1,WSH,4
2023020217,2023-11-11,20232024,2,PIT,4,BUF,0
2023020218,2023-11-11,20232024,2,NSH,5,ARI,7
2023020219,2023-11-11,20232024,2,COL,2,STL,8
2023020220,2023-11-11,20232024,2,SEA,1,EDM,4
2023020221,2023-11-11,20232024,2,LAK,2,PHI,4
2023020222,2023-11-12,20232024,2,FLA,4,CHI,3
2023020223,2023-11-12,20232024,2,MIN,3,DAL,8
2023020224,2023-11-12,20232024,2,MTL,2,VAN,5
2023020225,2023-11-12,20232024,2,NYR,4,CBJ,3
2023020226,2023-11-12,20232024,2,ANA,4,SJS,1
2023020227,2023-11-13,20232024,2,EDM,4,NYI,1
2023020228,2023-11-13,20232024,2,SEA,1,COL,5
2023020229,2023-11-14,20232024,2,BUF,2,BOS,5
2023020230,2023-11-14,20232024,2,CBJ,3,PIT,5
2023020231,2023-11-14,20232024,2,MTL,1,CGY,2
2023020232,2023-11-14,20232024,2,WSH,3,VGK,0
2023020233,2023-11-14,20232024,2,DAL,4,ARI,3
2023020234,2023-11-14,20232024,2,NSH,2,ANA,3
2023020235,2023-11-14,20232024,2,STL,5,TBL,0
2023020236,2023-11-14,20232024,2,WPG,6,NJD,3
2023020237,2023-11-14,20232024,2,SJS,3,FLA,5
2023020238,2023-11-15,20232024,2,CAR,1,PHI,3
2023020239,2023-11-15,20232024,2,EDM,4,SEA,3
2023020240,2023-11-15,20232024,2,COL,8,ANA,2
2023020241,2023-11-15,20232024,2,VAN,4,NYI,3
2023020242,2023-11-16,20232024,2,OTT,5,DET,4
2023020243,2023-11-16,20232024,2,CBJ,2,ARI,3
2023020244,2023-11-16,20232024,2,MTL,5,VGK,6
2023020245,2023-11-16,20232024,2,PIT,2,NJD,5
2023020246,2023-11-16,20232024,2,CHI,2,TBL,4
2023020247,2023-11-16,20232024,2,CGY,5,VAN,2
2023020248,2023-11-16,20232024,2,SEA,4,NYI,3
2023020249,2023-11-16,20232024,2,LAK,2,FLA,1
2023020250,2023-11-16,20232024,2,SJS,5,STL,1
2023020251,2023-11-17,20232024,2,DET,2,TOR,3
2023020252,2023-11-17,20232024,2,WPG,3,BUF,2
2023020253,2023-11-17,20232024,2,ANA,1,FLA,2
2023020254,2023-11-18,20232024,2,OTT,2,MIN,1
2023020255,2023-11-18,20232024,2,PHI,4,VGK,3
2023020256,2023-11-18,20232024,2,NSH,4,CHI,2
2023020257,2023-11-18,20232024,2,TBL,6,EDM,4
2023020258,2023-11-18,20232024,2,BOS,5,MTL,2
2023020259,2023-11-18,20232024,2,CAR,4,PIT,2
2023020260,2023-11-18,20232024,2,CGY,4,NYI,5
2023020261,2023-11-18,20232024,2,NJD,3,NYR,5
2023020262,2023-11-18,20232024,2,WPG,5,ARI,2
2023020263,2023-11-18,20232024,2,WSH,4,CBJ,3
2023020264,2023-11-18,20232024,2,DAL,3,COL,6
2023020265,2023-11-18,20232024,2,VAN,3,SEA,4
2023020266,2023-11-18,20232024,2,LAK,5,STL,1
2023020267,2023-11-19,20232024,2,MIN,3,TOR,4
2023020268,2023-11-19,20232024,2,PHI,5,CBJ,2
2023020269,2023-11-19,20232024,2,PIT,3,VGK,0
2023020270,2023-11-19,20232024,2,CHI,2,BUF,3
2023020271,2023-11-19,20232024,2,ANA,1,STL,3
2023020272,2023-11-20,20232024,2,FLA,5,EDM,3
2023020273,2023-11-20,20232024,2,TBL,5,BOS,4
2023020274,2023-11-20,20232024,2,DAL,6,NYR,3
2023020275,2023-11-20,20232024,2,NSH,4,COL,3
2023020276,2023-11-20,20232024,2,ARI,1,LAK,4
2023020277,2023-11-20,20232024,2,SEA,3,CGY,4
2023020278,2023-11-20,20232024,2,VAN,3,SJS,1
2023020279,2023-11-22,20232024,2,CAR,6,EDM,3
2023020280,2023-11-22,20232024,2,CBJ,7,CHI,3
2023020281,2023-11-22,20232024,2,DET,4,NJD,0
2023020282,2023-11-22,20232024,2,FLA,1,BOS,3
2023020283,2023-11-22,20232024,2,PIT,0,NYR,1
2023020284,2023-11-22,20232024,2,TBL,2,WPG,3
2023020285,2023-11-22,20232024,2,WSH,4,BUF,3
2023020286,2023-11-22,20232024,2,NYI,3,PHI,2
2023020287,2023-11-22,20232024,2,ARI,5,STL,6
2023020288,2023-11-22,20232024,2,NSH,4,CGY,2
2023020289,2023-11-22,20232024,2,DAL,1,VGK,2
2023020290,2023-11-22,20232024,2,ANA,3,MTL,4
2023020291,2023-11-22,20232024,2,COL,5,VAN,2
2023020292,2023-11-22,20232024,2,SEA,7,SJS,1
2023020293,2023-11-24,20232024,2,BOS,2,DET,5
2023020294,2023-11-24,20232024,2,PHI,1,NYR,3
2023020295,2023-11-24,20232024,2,CHI,4,TOR,3
2023020296,2023-11-24,20232024,2,NJD,1,CBJ,2
2023020297,2023-11-24,20232024,2,STL,3,NSH,8
2023020298,2023-11-24,20232024,2,WSH,0,EDM,5
2023020299,2023-11-24,20232024,2,ANA,2,LAK,5
2023020300,2023-11-24,20232024,2,SJS,2,MTL,3
2023020301,2023-11-24,20232024,2,BUF,3,PIT,2
2023020302,2023-11-24,20232024,2,OTT,3,NYI,5
2023020303,2023-11-24,20232024,2,CAR,2,TBL,8
2023020304,2023-11-24,20232024,2,FLA,0,WPG,3
2023020305,2023-11-24,20232024,2,DAL,4,CGY,7
2023020306,2023-11-24,20232024,2,MIN,2,COL,3
2023020307,2023-11-24,20232024,2,SEA,1,VAN,5
2023020308,2023-11-25,20232024,2,NYR,7,BOS,4
2023020309,2023-11-25,20232024,2,LAK,4,MTL,0
2023020310,2023-11-25,20232024,2,NJD,7,BUF,2
2023020311,2023-11-25,20232024,2,PIT,3,TOR,2
2023020312,2023-11-25,20232024,2,NYI,0,PHI,1
2023020313,2023-11-25,20232024,2,COL,3,CGY,1
2023020314,2023-11-25,20232024,2,SJS,4,VAN,3
2023020315,2023-11-25,20232024,2,VGK,0,ARI,2
2023020316,2023-11-26,20232024,2,DET,4,MIN,1
2023020317,2023-11-26,20232024,2,CHI,2,STL,4
2023020318,2023-11-26,20232024,2,CAR,3,CBJ,2
2023020319,2023-11-26,20232024,2,NSH,3,WPG,2
2023020320,2023-11-26,20232024,2,EDM,8,ANA,2
2023020321,2023-11-27,20232024,2,CBJ,5,BOS,2
2023020322,2023-11-27,20232024,2,NYR,1,BUF,5
2023020323,2023-11-27,20232024,2,OTT,0,FLA,5
2023020324,2023-11-27,20232024,2,COL,4,TBL,1
2023020325,2023-11-27,20232024,2,CGY,2,VGK,1
2023020326,2023-11-27,20232024,2,SJS,2,WSH,1
2023020327,2023-11-28,20232024,2,NJD,5,NYI,4
2023020328,2023-11-28,20232024,2,PHI,1,CAR,4
2023020329,2023-11-28,20232024,2,TOR,2,FLA,1
2023020330,2023-11-28,20232024,2,MIN,3,STL,1
2023020331,2023-11-28,20232024,2,NSH,3,PIT,2
2023020332,2023-11-28,20232024,2,WPG,0,DAL,2
2023020333,2023-11-28,20232024,2,CHI,4,SEA,3
2023020334,2023-11-28,20232024,2,ARI,3,TBL,1
2023020335,2023-11-28,20232024,2,EDM,5,VGK,4
2023020336,2023-11-28,20232024,2,VAN,3,ANA,1
2023020337,2023-11-29,20232024,2,CBJ,2,MTL,4
2023020338,2023-11-29,20232024,2,NYR,3,DET,2
2023020339,2023-11-29,20232024,2,LAK,1,WSH,2
2023020340,2023-11-30,20232024,2,BOS,3,SJS,0
2023020341,2023-11-30,20232024,2,CAR,4,NYI,5
2023020342,2023-11-30,20232024,2,DET,5,CHI,1
2023020343,2023-11-30,20232024,2,MTL,1,FLA,5
2023020344,2023-11-30,20232024,2,PHI,3,NJD,4
2023020345,2023-11-30,20232024,2,TBL,2,PIT,4
2023020346,2023-11-30,20232024,2,TOR,4,SEA,3
2023020347,2023-11-30,20232024,2,NSH,1,MIN,6
2023020348,2023-11-30,20232024,2,STL,6,BUF,4
2023020349,2023-11-30,20232024,2,WPG,1,EDM,3
2023020350,2023-11-30,20232024,2,ARI,4,COL,3
2023020351,2023-11-30,20232024,2,CGY,4,DAL,3
2023020352,2023-11-30,20232024,2,ANA,4,WSH,5
2023020353,2023-11-30,20232024,2,VAN,1,VGK,4
2023020354,2023-12-01,20232024,2,CBJ,4,OTT,2
2023020355,2023-12-01,20232024,2,NJD,3,SJS,6
2023020356,2023-12-02,20232024,2,DAL,8,TBL,1
2023020357,2023-12-02,20232024,2,WPG,3,CHI,1
2023020358,2023-12-02,20232024,2,NSH,3,NYR,4
2023020359,2023-12-02,20232024,2,FLA,3,NYI,4
2023020360,2023-12-02,20232024,2,CAR,6,BUF,2
2023020361,2023-12-02,20232024,2,MTL,4,DET,5
2023020362,2023-12-02,20232024,2,OTT,2,SEA,0
2023020363,2023-12-02,20232024,2,PIT,3,PHI,4
2023020364,2023-12-02,20232024,2,TOR,3,BOS,4
2023020365,2023-12-02,20232024,2,ARI,4,STL,1
2023020366,2023-12-02,20232024,2,ANA,4,COL,3
2023020367,2023-12-02,20232024,2,CGY,3,VAN,4
2023020368,2023-12-02,20232024,2,VGK,4,WSH,1
2023020369,2023-12-03,20232024,2,MIN,4,CHI,1
2023020370,2023-12-03,20232024,2,NYR,6,SJS,5
2023020371,2023-12-03,20232024,2,BOS,3,CBJ,1
2023020372,2023-12-03,20232024,2,BUF,1,NSH,2
2023020373,2023-12-03,20232024,2,LAK,4,COL,1
2023020374,2023-12-04,20232024,2,PHI,2,PIT,1
2023020375,2023-12-04,20232024,2,TBL,4,DAL,0
2023020376,2023-12-04,20232024,2,MTL,4,SEA,2
2023020377,2023-12-04,20232024,2,WPG,2,CAR,1
2023020378,2023-12-04,20232024,2,ARI,6,WSH,0
2023020379,2023-12-04,20232024,2,VGK,1,STL,2
2023020380,2023-12-05,20232024,2,BUF,3,DET,5
2023020381,2023-12-05,20232024,2,CBJ,3,LAK,4
2023020382,2023-12-05,20232024,2,OTT,6,NYR,2
2023020383,2023-12-05,20232024,2,NYI,4,SJS,5
2023020384,2023-12-05,20232024,2,CHI,3,NSH,4
2023020385,2023-12-05,20232024,2,CGY,2,MIN,5
2023020386,2023-12-05,20232024,2,COL,3,ANA,2
2023020387,2023-12-05,20232024,2,VAN,5,NJD,6
2023020388,2023-12-06,20232024,2,FLA,5,DAL,4
2023020389,2023-12-06,20232024,2,TBL,3,PIT,1
2023020390,2023-12-06,20232024,2,STL,3,VGK,6
2023020391,2023-12-06,20232024,2,EDM,6,CAR,1
2023020392,2023-12-07,20232024,2,BOS,1,BUF,3
2023020393,2023-12-07,20232024,2,DET,5,SJS,6
2023020394,2023-12-07,20232024,2,MTL,0,LAK,4
2023020395,2023-12-07,20232024,2,OTT,3,TOR,4
2023020396,2023-12-07,20232024,2,WSH,4,DAL,5
2023020397,2023-12-07,20232024,2,NYI,7,CBJ,3
2023020398,2023-12-07,20232024,2,NSH,5,TBL,1
2023020399,2023-12-07,20232024,2,CHI,1,ANA,0
2023020400,2023-12-07,20232024,2,ARI,1,PHI,4
2023020401,2023-12-07,20232024,2,CGY,3,CAR,2
2023020402,2023-12-07,20232024,2,COL,2,WPG,4
2023020403,2023-12-07,20232024,2,SEA,1,NJD,2
2023020404,2023-12-07,20232024,2,VAN,2,MIN,0
2023020405,2023-12-08,20232024,2,CBJ,5,STL,2
2023020406,2023-12-08,20232024,2,FLA,3,PIT,1
2023020407,2023-12-08,20232024,2,EDM,4,MIN,3
2023020408,2023-12-09,20232024,2,BOS,5,ARI,3
2023020409,2023-12-09,20232024,2,CGY,2,NJD,4
2023020410,2023-12-09,20232024,2,DAL,1,VGK,6
2023020411,2023-12-09,20232024,2,BUF,2,MTL,3
2023020412,2023-12-09,20232024,2,DET,1,OTT,5
2023020413,2023-12-09,20232024,2,TOR,4,NSH,0
2023020414,2023-12-09,20232024,2,WSH,4,NYR,0
2023020415,2023-12-09,20232024,2,NYI,3,LAK,2
2023020416,2023-12-09,20232024,2,CHI,3,STL,1
2023020417,2023-12-09,20232024,2,COL,2,PHI,5
2023020418,2023-12-09,20232024,2,SEA,3,TBL,4
2023020419,2023-12-09,20232024,2,VAN,4,CAR,3
2023020420,2023-12-10,20232024,2,CBJ,2,FLA,5
2023020421,2023-12-10,20232024,2,EDM,4,NJD,1
2023020422,2023-12-10,20232024,2,CHI,2,WSH,4
2023020423,2023-12-10,20232024,2,MTL,1,NSH,2
2023020424,2023-12-10,20232024,2,NYR,4,LAK,1
2023020425,2023-12-10,20232024,2,ANA,2,WPG,4
2023020426,2023-12-10,20232024,2,SEA,0,MIN,3
2023020427,2023-12-10,20232024,2,VGK,5,SJS,4
2023020428,2023-12-11,20232024,2,BUF,5,ARI,2
2023020429,2023-12-11,20232024,2,NYI,4,TOR,3
2023020430,2023-12-11,20232024,2,DAL,6,DET,3
2023020431,2023-12-11,20232024,2,COL,6,CGY,5
2023020432,2023-12-12,20232024,2,NYR,3,TOR,7
2023020433,2023-12-12,20232024,2,OTT,1,CAR,4
2023020434,2023-12-12,20232024,2,PIT,4,ARI,2
2023020435,2023-12-12,20232024,2,NSH,3,PHI,2
2023020436,2023-12-12,20232024,2,STL,4,DET,6
2023020437,2023-12-12,20232024,2,EDM,4,CHI,1
2023020438,2023-12-12,20232024,2,SEA,4,FLA,0
2023020439,2023-12-12,20232024,2,VAN,4,TBL,1
2023020440,2023-12-12,20232024,2,VGK,5,CGY,4
2023020441,2023-12-12,20232024,2,SJS,2,WPG,1
2023020442,2023-12-13,20232024,2,MTL,3,PIT,4
2023020443,2023-12-13,20232024,2,NJD,2,BOS,1
2023020444,2023-12-13,20232024,2,NYI,4,ANA,3
2023020445,2023-12-13,20232024,2,COL,5,BUF,1
2023020446,2023-12-13,20232024,2,LAK,2,WPG,5
2023020447,2023-12-14,20232024,2,DET,1,CAR,2
2023020448,2023-12-14,20232024,2,PHI,4,WSH,3
2023020449,2023-12-14,20232024,2,TOR,5,CBJ,6
2023020450,2023-12-14,20232024,2,MIN,3,CGY,2
2023020451,2023-12-14,20232024,2,STL,4,OTT,2
2023020452,2023-12-14,20232024,2,EDM,4,TBL,7
2023020453,2023-12-14,20232024,2,SEA,7,CHI,1
2023020454,2023-12-14,20232024,2,VAN,4,FLA,0
2023020455,2023-12-15,20232024,2,CAR,5,NSH,6
2023020456,2023-12-15,20232024,2,NYR,5,ANA,1
2023020457,2023-12-15,20232024,2,NYI,4,BOS,5
2023020458,2023-12-15,20232024,2,DAL,5,OTT,4
2023020459,2023-12-15,20232024,2,ARI,1,SJS,0
2023020460,2023-12-15,20232024,2,VGK,2,BUF,5
2023020461,2023-12-16,20232024,2,MIN,2,VAN,1
2023020462,2023-12-16,20232024,2,BOS,1,NYR,2
2023020463,2023-12-16,20232024,2,CBJ,3,NJD,6
2023020464,2023-12-16,20232024,2,MTL,5,NYI,3
2023020465,2023-12-16,20232024,2,PHI,1,DET,0
2023020466,2023-12-16,20232024,2,TOR,7,PIT,0
2023020467,2023-12-16,20232024,2,WPG,6,COL,2
2023020468,2023-12-16,20232024,2,NSH,3,WSH,1
2023020469,2023-12-16,20232024,2,STL,4,DAL,3
2023020470,2023-12-16,20232024,2,ARI,2,BUF,0
2023020471,2023-12-16,20232024,2,CGY,4,TBL,2
2023020472,2023-12-16,20232024,2,EDM,1,FLA,5
2023020473,2023-12-16,20232024,2,SEA,2,LAK,3
2023020474,2023-12-17,20232024,2,CHI,3,VAN,4
2023020475,2023-12-17,20232024,2,CAR,1,WSH,2
2023020476,2023-12-17,20232024,2,NJD,1,ANA,5
2023020477,2023-12-17,20232024,2,COL,6,SJS,2
2023020478,2023-12-17,20232024,2,VGK,6,OTT,3
2023020479,2023-12-18,20232024,2,DET,3,ANA,4
2023020480,2023-12-18,20232024,2,PIT,4,MIN,3
2023020481,2023-12-18,20232024,2,WPG,2,MTL,3
2023020482,2023-12-18,20232024,2,DAL,4,SEA,3
2023020483,2023-12-18,20232024,2,CGY,3,FLA,1
2023020484,2023-12-19,20232024,2,BOS,3,MIN,4
2023020485,2023-12-19,20232024,2,BUF,4,CBJ,9
2023020486,2023-12-19,20232024,2,CAR,6,VGK,3
2023020487,2023-12-19,20232024,2,NJD,2,PHI,3
2023020488,2023-12-19,20232024,2,TBL,6,STL,1
2023020489,2023-12-19,20232024,2,TOR,2,NYR,5
2023020490,2023-12-19,20232024,2,NYI,3,EDM,1
2023020491,2023-12-19,20232024,2,NSH,2,VAN,5
2023020492,2023-12-19,20232024,2,CHI,3,COL,2
2023020493,2023-12-19,20232024,2,ARI,4,OTT,3
2023020494,2023-12-19,20232024,2,SJS,1,LAK,4
2023020495,2023-12-20,20232024,2,WPG,5,DET,2
2023020496,2023-12-20,20232024,2,WSH,3,NYI,2
2023020497,2023-12-20,20232024,2,LAK,1,SEA,2
2023020498,2023-12-21,20232024,2,BUF,9,TOR,3
2023020499,2023-12-21,20232024,2,CBJ,2,WSH,3
2023020500,2023-12-21,20232024,2,FLA,1,STL,4
2023020501,2023-12-21,20232024,2,NJD,3,EDM,6
2023020502,2023-12-21,20232024,2,PHI,2,NSH,4
2023020503,2023-12-21,20232024,2,PIT,2,CAR,1
2023020504,2023-12-21,20232024,2,TBL,5,VGK,4
2023020505,2023-12-21,20232024,2,DAL,4,VAN,3
2023020506,2023-12-21,20232024,2,MIN,4,MTL,3
2023020507,2023-12-21,20232024,2,COL,6,OTT,4
2023020508,2023-12-21,20232024,2,ANA,0,CGY,3
2023020509,2023-12-21,20232024,2,SJS,2,ARI,5
2023020510,2023-12-22,20232024,2,DET,7,PHI,6
2023020511,2023-12-22,20232024,2,NYR,3,EDM,4
2023020512,2023-12-22,20232024,2,WPG,5,BOS,1
2023020513,2023-12-22,20232024,2,CHI,2,MTL,5
2023020514,2023-12-23,20232024,2,FLA,4,VGK,2
2023020515,2023-12-23,20232024,2,NSH,2,DAL,3
2023020516,2023-12-23,20232024,2,CAR,4,NYI,5
2023020517,2023-12-23,20232024,2,CBJ,1,TOR,4
2023020518,2023-12-23,20232024,2,MIN,3,BOS,2
2023020519,2023-12-23,20232024,2,NJD,3,DET,2
2023020520,2023-12-23,20232024,2,OTT,5,PIT,4
2023020521,2023-12-23,20232024,2,WSH,1,TBL,2
2023020522,2023-12-23,20232024,2,NYR,4,BUF,3
2023020523,2023-12-23,20232024,2,ANA,2,SEA,3
2023020524,2023-12-23,20232024,2,STL,7,CHI,5
2023020525,2023-12-23,20232024,2,COL,4,ARI,1
2023020526,2023-12-23,20232024,2,LAK,5,CGY,3
2023020527,2023-12-23,20232024,2,VAN,7,SJS,4
2023020528,2023-12-27,20232024,2,NJD,4,CBJ,3
2023020529,2023-12-27,20232024,2,NYR,5,WSH,1
2023020530,2023-12-27,20232024,2,TBL,2,FLA,3
2023020531,2023-12-27,20232024,2,TOR,2,OTT,4
2023020532,2023-12-27,20232024,2,BUF,1,BOS,4
2023020533,2023-12-27,20232024,2,NYI,0,PIT,7
2023020534,2023-12-27,20232024,2,MIN,6,DET,3
2023020535,2023-12-27,20232024,2,NSH,2,CAR,5
2023020536,2023-12-27,20232024,2,STL,2,DAL,1
2023020537,2023-12-27,20232024,2,ARI,5,COL,4
2023020538,2023-12-27,20232024,2,CHI,2,WPG,1
2023020539,2023-12-27,20232024,2,CGY,1,SEA,2
2023020540,2023-12-27,20232024,2,ANA,5,VGK,2
2023020541,2023-12-27,20232024,2,LAK,5,SJS,1
2023020542,2023-12-28,20232024,2,CAR,5,MTL,3
2023020543,2023-12-28,20232024,2,VAN,1,PHI,4
2023020544,2023-12-28,20232024,2,VGK,3,LAK,2
2023020545,2023-12-28,20232024,2,SJS,0,EDM,5
2023020546,2023-12-29,20232024,2,CBJ,6,TOR,5
2023020547,2023-12-29,20232024,2,DET,5,NSH,4
2023020548,2023-12-29,20232024,2,FLA,4,NYR,3
2023020549,2023-12-29,20232024,2,OTT,2,NJD,6
2023020550,2023-12-29,20232024,2,NYI,5,WSH,1
2023020551,2023-12-29,20232024,2,DAL,5,CHI,4
2023020552,2023-12-29,20232024,2,STL,1,COL,2
2023020553,2023-12-29,20232024,2,ANA,0,ARI,2
2023020554,2023-12-29,20232024,2,SEA,2,PHI,1
2023020555,2023-12-30,20232024,2,WPG,4,MIN,2
2023020556,2023-12-30,20232024,2,BUF,3,CBJ,2
2023020557,2023-12-30,20232024,2,BOS,5,NJD,2
2023020558,2023-12-30,20232024,2,FLA,4,MTL,1
2023020559,2023-12-30,20232024,2,PIT,4,STL,2
2023020560,2023-12-30,20232024,2,TBL,1,NYR,5
2023020561,2023-12-30,20232024,2,TOR,2,CAR,3
2023020562,2023-12-30,20232024,2,WSH,2,NSH,3
2023020563,2023-12-30,20232024,2,LAK,2,EDM,3
2023020564,2023-12-31,20232024,2,MIN,2,WPG,3
2023020565,2023-12-31,20232024,2,DET,3,BOS,5
2023020566,2023-12-31,20232024,2,OTT,5,BUF,1
2023020567,2023-12-31,20232024,2,PIT,3,NYI,1
2023020568,2023-12-31,20232024,2,TBL,4,MTL,3
2023020569,2023-12-31,20232024,2,ANA,2,EDM,7
2023020570,2023-12-31,20232024,2,CGY,4,PHI,3
2023020571,2023-12-31,20232024,2,COL,3,SJS,1
2023020572,2023-12-31,20232024,2,DAL,8,CHI,1
2023020573,2024-01-01,20232024,2,SEA,3,VGK,0
2023020574,2024-01-02,20232024,2,CBJ,1,BOS,4
2023020575,2024-01-02,20232024,2,NYR,1,CAR,6
2023020576,2024-01-02,20232024,2,PIT,3,WSH,4
2023020577,2024-01-02,20232024,2,DAL,3,MTL,4
2023020578,2024-01-02,20232024,2,MIN,1,CGY,3
2023020579,2024-01-02,20232024,2,NSH,3,CHI,0
2023020580,2024-01-02,20232024,2,WPG,4,TBL,2
2023020581,2024-01-02,20232024,2,ARI,1,FLA,4
2023020582,2024-01-02,20232024,2,COL,5,NYI,4
2023020583,2024-01-02,20232024,2,EDM,5,PHI,2
2023020584,2024-01-02,20232024,2,VAN,6,OTT,3
2023020585,2024-01-02,20232024,2,LAK,0,TOR,3
2023020586,2024-01-02,20232024,2,SJS,3,DET,5
2023020587,2024-01-03,20232024,2,WSH,3,NJD,6
2023020588,2024-01-03,20232024,2,ANA,1,TOR,2
2023020589,2024-01-04,20232024,2,BOS,5,PIT,6
2023020590,2024-01-04,20232024,2,MTL,1,BUF,6
2023020591,2024-01-04,20232024,2,NYR,4,CHI,1
2023020592,2024-01-04,20232024,2,PHI,2,CBJ,3
2023020593,2024-01-04,20232024,2,DAL,4,COL,5
2023020594,2024-01-04,20232024,2,MIN,1,TBL,4
2023020595,2024-01-04,20232024,2,NSH,3,CGY,6
2023020596,2024-01-04,20232024,2,STL,2,VAN,1
2023020597,2024-01-04,20232024,2,ARI,1,NYI,5
2023020598,2024-01-04,20232024,2,SEA,4,OTT,1
2023020599,2024-01-04,20232024,2,VGK,1,FLA,4
2023020600,2024-01-04,20232024,2,LAK,3,DET,4
2023020601,2024-01-04,20232024,2,SJS,1,WPG,2
2023020602,2024-01-05,20232024,2,NJD,4,CHI,2
2023020603,2024-01-05,20232024,2,WSH,2,CAR,6
2023020604,2024-01-05,20232024,2,ANA,1,WPG,3
2023020605,2024-01-06,20232024,2,PHI,3,CGY,2
2023020606,2024-01-06,20232024,2,COL,4,FLA,8
2023020607,2024-01-06,20232024,2,BOS,7,TBL,3
2023020608,2024-01-06,20232024,2,CAR,1,STL,2
2023020609,2024-01-06,20232024,2,CBJ,3,MIN,4
2023020610,2024-01-06,20232024,2,MTL,4,NYR,3
2023020611,2024-01-06,20232024,2,NJD,4,VAN,6
2023020612,2024-01-06,20232024,2,PIT,1,BUF,3
2023020613,2024-01-06,20232024,2,SJS,1,TOR,4
2023020614,2024-01-06,20232024,2,DAL,3,NSH,4
2023020615,2024-01-06,20232024,2,EDM,3,OTT,1
2023020616,2024-01-06,20232024,2,VGK,5,NYI,2
2023020617,2024-01-07,20232024,2,CHI,4,CGY,3
2023020618,2024-01-07,20232024,2,WSH,4,LAK,3
2023020619,2024-01-07,20232024,2,ARI,2,WPG,6
2023020620,2024-01-07,20232024,2,ANA,2,DET,3
2023020621,2024-01-08,20232024,2,NYR,3,VAN,6
2023020622,2024-01-08,20232024,2,PHI,1,PIT,4
2023020623,2024-01-08,20232024,2,MIN,0,DAL,4
2023020624,2024-01-08,20232024,2,COL,4,BOS,3
2023020625,2024-01-09,20232024,2,BUF,2,SEA,5
2023020626,2024-01-09,20232024,2,TBL,3,LAK,2
2023020627,2024-01-09,20232024,2,TOR,7,SJS,1
2023020628,2024-01-09,20232024,2,NYI,2,VAN,5
2023020629,2024-01-09,20232024,2,NSH,3,ANA,5
2023020630,2024-01-09,20232024,2,STL,1,FLA,5
2023020631,2024-01-09,20232024,2,WPG,5,CBJ,0
2023020632,2024-01-09,20232024,2,CHI,1,EDM,2
2023020633,2024-01-09,20232024,2,ARI,4,BOS,3
2023020634,2024-01-09,20232024,2,CGY,6,OTT,3
2023020635,2024-01-10,20232024,2,PHI,3,MTL,2
2023020636,2024-01-10,20232024,2,DAL,7,MIN,2
2023020637,2024-01-10,20232024,2,COL,3,VGK,0
2023020638,2024-01-11,20232024,2,BUF,5,OTT,3
2023020639,2024-01-11,20232024,2,CAR,6,ANA,3
2023020640,2024-01-11,20232024,2,DET,2,EDM,3
2023020641,2024-01-11,20232024,2,FLA,3,LAK,2
2023020642,2024-01-11,20232024,2,MTL,2,SJS,3
2023020643,2024-01-11,20232024,2,PIT,3,VAN,4
2023020644,2024-01-11,20232024,2,TBL,4,NJD,3
2023020645,2024-01-11,20232024,2,WSH,1,SEA,4
2023020646,2024-01-11,20232024,2,NYI,4,TOR,3
2023020647,2024-01-11,20232024,2,STL,5,NYR,2
2023020648,2024-01-11,20232024,2,WPG,2,CHI,1
2023020649,2024-01-11,20232024,2,ARI,2,CGY,6
2023020650,2024-01-11,20232024,2,VGK,2,BOS,1
2023020651,2024-01-12,20232024,2,DAL,3,NSH,6
2023020652,2024-01-12,20232024,2,MIN,3,PHI,4
2023020653,2024-01-13,20232024,2,WSH,3,NYR,2
2023020654,2024-01-13,20232024,2,BUF,0,VAN,1
2023020655,2024-01-13,20232024,2,OTT,5,SJS,4
2023020656,2024-01-13,20232024,2,FLA,1,NJD,4
2023020657,2024-01-13,20232024,2,CAR,3,PIT,2
2023020658,2024-01-13,20232024,2,CBJ,4,SEA,7
2023020659,2024-01-13,20232024,2,DET,5,LAK,3
2023020660,2024-01-13,20232024,2,MTL,1,EDM,2
2023020661,2024-01-13,20232024,2,TBL,5,ANA,1
2023020662,2024-01-13,20232024,2,TOR,3,COL,5
2023020663,2024-01-13,20232024,2,WPG,0,PHI,2
2023020664,2024-01-13,20232024,2,CHI,1,DAL,3
2023020665,2024-01-13,20232024,2,MIN,0,ARI,6
2023020666,2024-01-13,20232024,2,NSH,3,NYI,1
2023020667,2024-01-13,20232024,2,STL,3,BOS,4
2023020668,2024-01-13,20232024,2,VGK,1,CGY,3
2023020669,2024-01-14,20232024,2,NYR,2,WSH,1
2023020670,2024-01-14,20232024,2,TOR,2,DET,4
2023020671,2024-01-15,20232024,2,BOS,3,NJD,0
2023020672,2024-01-15,20232024,2,BUF,3,SJS,0
2023020673,2024-01-15,20232024,2,CBJ,4,VAN,3
2023020674,2024-01-15,20232024,2,FLA,4,ANA,5
2023020675,2024-01-15,20232024,2,CAR,2,LAK,5
2023020676,2024-01-15,20232024,2,MIN,5,NYI,0
2023020677,2024-01-15,20232024,2,PIT,3,SEA,0
2023020678,2024-01-15,20232024,2,MTL,4,COL,3
2023020679,2024-01-15,20232024,2,STL,2,PHI,4
2023020680,2024-01-15,20232024,2,VGK,4,NSH,1
2023020681,2024-01-16,20232024,2,NYR,5,SEA,2
2023020682,2024-01-16,20232024,2,OTT,4,COL,7
2023020683,2024-01-16,20232024,2,WSH,2,ANA,0
2023020684,2024-01-16,20232024,2,DAL,5,LAK,1
2023020685,2024-01-16,20232024,2,WPG,4,NYI,2
2023020686,2024-01-16,20232024,2,CHI,2,SJS,1
2023020687,2024-01-16,20232024,2,CGY,3,ARI,2
2023020688,2024-01-16,20232024,2,EDM,4,TOR,2
2023020689,2024-01-17,20232024,2,FLA,2,DET,3
2023020690,2024-01-17,20232024,2,NJD,2,MTL,3
2023020691,2024-01-18,20232024,2,BUF,3,CHI,0
2023020692,2024-01-18,20232024,2,BOS,5,COL,2
2023020693,2024-01-18,20232024,2,OTT,6,MTL,2
2023020694,2024-01-18,20232024,2,PHI,5,DAL,1
2023020695,2024-01-18,20232024,2,TBL,7,MIN,3
2023020696,2024-01-18,20232024,2,WSH,5,STL,2
2023020697,2024-01-18,20232024,2,CGY,3,TOR,4
2023020698,2024-01-18,20232024,2,EDM,4,SEA,2
2023020699,2024-01-18,20232024,2,LAK,1,NSH,2
2023020700,2024-01-18,20232024,2,VAN,2,ARI,1
2023020701,2024-01-18,20232024,2,VGK,5,NYR,1
2023020702,2024-01-19,20232024,2,CAR,4,DET,2
2023020703,2024-01-19,20232024,2,CBJ,1,NJD,4
2023020704,2024-01-19,20232024,2,FLA,4,MIN,6
2023020705,2024-01-19,20232024,2,CHI,4,NYI,3
2023020706,2024-01-20,20232024,2,BUF,1,TBL,3
2023020707,2024-01-20,20232024,2,PHI,4,COL,7
2023020708,2024-01-20,20232024,2,ARI,3,NSH,2
2023020709,2024-01-20,20232024,2,OTT,1,WPG,2
2023020710,2024-01-20,20232024,2,BOS,9,MTL,4
2023020711,2024-01-20,20232024,2,NJD,2,DAL,6
2023020712,2024-01-20,20232024,2,VAN,6,TOR,4
2023020713,2024-01-20,20232024,2,STL,3,WSH,0
2023020714,2024-01-20,20232024,2,CGY,1,EDM,3
2023020715,2024-01-20,20232024,2,SJS,5,ANA,3
2023020716,2024-01-20,20232024,2,VGK,3,PIT,2
2023020717,2024-01-20,20232024,2,LAK,2,NYR,1
2023020718,2024-01-21,20232024,2,PHI,3,OTT,5
2023020719,2024-01-21,20232024,2,CAR,2,MIN,5
2023020720,2024-01-21,20232024,2,DET,2,TBL,1
2023020721,2024-01-21,20232024,2,NYI,3,DAL,2
2023020722,2024-01-21,20232024,2,ANA,2,NYR,5
2023020723,2024-01-21,20232024,2,SEA,1,TOR,3
2023020724,2024-01-22,20232024,2,BOS,4,WPG,1
2023020725,2024-01-22,20232024,2,NJD,6,VGK,5
2023020726,2024-01-22,20232024,2,NSH,1,FLA,4
2023020727,2024-01-22,20232024,2,ARI,5,PIT,2
2023020728,2024-01-22,20232024,2,VAN,2,CHI,0
2023020729,2024-01-22,20232024,2,LAK,3,SJS,4
2023020730,2024-01-23,20232024,2,DET,4,DAL,5
2023020731,2024-01-23,20232024,2,MTL,1,OTT,4
2023020732,2024-01-23,20232024,2,PHI,3,TBL,6
2023020733,2024-01-23,20232024,2,NYI,2,VGK,3
2023020734,2024-01-23,20232024,2,MIN,5,WSH,3
2023020735,2024-01-23,20232024,2,CGY,3,STL,4
2023020736,2024-01-23,20232024,2,EDM,4,CBJ,1
2023020737,2024-01-23,20232024,2,ANA,4,BUF,2
2023020738,2024-01-23,20232024,2,SJS,3,NYR,2
2023020739,2024-01-24,20232024,2,FLA,6,ARI,2
2023020740,2024-01-24,20232024,2,TOR,1,WPG,0
2023020741,2024-01-24,20232024,2,BOS,2,CAR,3
2023020742,2024-01-24,20232024,2,COL,6,WSH,2
2023020743,2024-01-24,20232024,2,SEA,6,CHI,2
2023020744,2024-01-24,20232024,2,VAN,3,STL,4
2023020745,2024-01-24,20232024,2,LAK,3,BUF,5
2023020746,2024-01-25,20232024,2,CAR,3,NJD,2
2023020747,2024-01-25,20232024,2,DET,3,PHI,0
2023020748,2024-01-25,20232024,2,MTL,4,NYI,3
2023020749,2024-01-25,20232024,2,OTT,2,BOS,3
2023020750,2024-01-25,20232024,2,TBL,6,ARI,3
2023020751,2024-01-25,20232024,2,DAL,4,ANA,3
2023020752,2024-01-25,20232024,2,MIN,2,NSH,3
2023020753,2024-01-25,20232024,2,CGY,2,CBJ,5
2023020754,2024-01-25,20232024,2,EDM,3,CHI,0
2023020755,2024-01-26,20232024,2,NYR,2,VGK,5
2023020756,2024-01-26,20232024,2,PIT,2,FLA,3
2023020757,2024-01-26,20232024,2,COL,5,LAK,1
2023020758,2024-01-26,20232024,2,SEA,3,STL,4
2023020759,2024-01-27,20232024,2,PHI,2,BOS,6
2023020760,2024-01-27,20232024,2,DAL,5,WSH,4
2023020761,2024-01-27,20232024,2,EDM,4,NSH,1
2023020762,2024-01-27,20232024,2,SJS,2,BUF,5
2023020763,2024-01-27,20232024,2,CAR,3,ARI,1
2023020764,2024-01-27,20232024,2,DET,5,VGK,2
2023020765,2024-01-27,20232024,2,OTT,2,NYR,7
2023020766,2024-01-27,20232024,2,PIT,3,MTL,2
2023020767,2024-01-27,20232024,2,TBL,6,NJD,3
2023020768,2024-01-27,20232024,2,WPG,2,TOR,4
2023020769,2024-01-27,20232024,2,NYI,2,FLA,3
2023020770,2024-01-27,20232024,2,MIN,2,ANA,3
2023020771,2024-01-27,20232024,2,CGY,1,CHI,0
2023020772,2024-01-27,20232024,2,VAN,5,CBJ,4
2023020773,2024-01-28,20232024,2,STL,4,LAK,3
2023020774,2024-01-28,20232024,2,SEA,4,CBJ,2
2023020775,2024-01-29,20232024,2,OTT,4,NSH,3
2023020776,2024-01-30,20232024,2,STL,0,CBJ,1
2023020777,2024-01-30,20232024,2,SJS,2,SEA,0
2023020778,2024-01-31,20232024,2,DET,2,OTT,3
2023020779,2024-01-31,20232024,2,NSH,2,LAK,4
2023020780,2024-01-31,20232024,2,ANA,3,SJS,2
2023020781,2024-02-05,20232024,2,NYR,2,COL,1
2023020782,2024-02-05,20232024,2,TOR,2,NYI,3
2023020783,2024-02-06,20232024,2,BOS,1,CGY,4
2023020784,2024-02-06,20232024,2,BUF,1,DAL,2
2023020785,2024-02-06,20232024,2,CAR,2,VAN,3
2023020786,2024-02-06,20232024,2,FLA,1,PHI,2
2023020787,2024-02-06,20232024,2,NJD,5,COL,3
2023020788,2024-02-06,20232024,2,PIT,3,WPG,0
2023020789,2024-02-06,20232024,2,WSH,2,MTL,5
2023020790,2024-02-06,20232024,2,VGK,3,EDM,1
2023020791,2024-02-07,20232024,2,NYR,3,TBL,1
2023020792,2024-02-07,20232024,2,TOR,5,DAL,4
2023020793,2024-02-07,20232024,2,CHI,1,MIN,2
2023020794,2024-02-08,20232024,2,BOS,4,VAN,0
2023020795,2024-02-08,20232024,2,FLA,4,WSH,2
2023020796,2024-02-08,20232024,2,NJD,3,CGY,5
2023020797,2024-02-08,20232024,2,PHI,4,WPG,1
2023020798,2024-02-08,20232024,2,NYI,6,TBL,2
2023020799,2024-02-08,20232024,2,CAR,5,COL,2
2023020800,2024-02-08,20232024,2,ARI,2,VGK,3
2023020801,2024-02-09,20232024,2,MIN,3,PIT,2
2023020802,2024-02-09,20232024,2,CHI,3,NYR,4
2023020803,2024-02-09,20232024,2,ANA,3,EDM,5
2023020804,2024-02-10,20232024,2,BUF,1,STL,3
2023020805,2024-02-10,20232024,2,DET,4,VAN,3
2023020806,2024-02-10,20232024,2,MTL,2,DAL,3
2023020807,2024-02-10,20232024,2,NYI,2,CGY,5
2023020808,2024-02-10,20232024,2,BOS,0,WSH,3
2023020809,2024-02-10,20232024,2,FLA,4,COL,0
2023020810,2024-02-10,20232024,2,CAR,1,NJD,0
2023020811,2024-02-10,20232024,2,CBJ,2,TBL,4
2023020812,2024-02-10,20232024,2,OTT,5,TOR,3
2023020813,2024-02-10,20232024,2,PHI,3,SEA,2
2023020814,2024-02-10,20232024,2,WPG,2,PIT,1
2023020815,2024-02-10,20232024,2,NSH,5,ARI,4
2023020816,2024-02-10,20232024,2,LAK,4,EDM,0
2023020817,2024-02-11,20232024,2,MTL,2,STL,7
2023020818,2024-02-11,20232024,2,WSH,2,VAN,3
2023020819,2024-02-12,20232024,2,NJD,3,SEA,1
2023020820,2024-02-12,20232024,2,NYR,2,CGY,0
2023020821,2024-02-12,20232024,2,PHI,5,ARI,3
2023020822,2024-02-12,20232024,2,VGK,3,MIN,5
2023020823,2024-02-13,20232024,2,BOS,2,TBL,3
2023020824,2024-02-13,20232024,2,BUF,7,LAK,0
2023020825,2024-02-13,20232024,2,MTL,5,ANA,0
2023020826,2024-02-13,20232024,2,OTT,6,CBJ,3
2023020827,2024-02-13,20232024,2,TOR,4,STL,1
2023020828,2024-02-13,20232024,2,WSH,3,COL,6
2023020829,2024-02-13,20232024,2,NYI,1,SEA,2
2023020830,2024-02-13,20232024,2,DAL,4,CAR,2
2023020831,2024-02-13,20232024,2,NSH,2,NJD,4
2023020832,2024-02-13,20232024,2,CHI,2,VAN,4
2023020833,2024-02-13,20232024,2,EDM,8,DET,4
2023020834,2024-02-14,20232024,2,PIT,2,FLA,5
2023020835,2024-02-14,20232024,2,WPG,1,SJS,0
2023020836,2024-02-14,20232024,2,ARI,1,MIN,3
2023020837,2024-02-15,20232024,2,BOS,1,SEA,4
2023020838,2024-02-15,20232024,2,BUF,0,FLA,4
2023020839,2024-02-15,20232024,2,NJD,1,LAK,2
2023020840,2024-02-15,20232024,2,NYR,7,MTL,4
2023020841,2024-02-15,20232024,2,OTT,1,ANA,5
2023020842,2024-02-15,20232024,2,TBL,6,COL,3
2023020843,2024-02-15,20232024,2,TOR,4,PHI,3
2023020844,2024-02-15,20232024,2,STL,6,EDM,3
2023020845,2024-02-15,20232024,2,CHI,1,PIT,4
2023020846,2024-02-15,20232024,2,CGY,3,SJS,6
2023020847,2024-02-15,20232024,2,NSH,2,DAL,9
2023020848,2024-02-15,20232024,2,VAN,4,DET,1
2023020849,2024-02-16,20232024,2,ARI,1,CAR,5
2023020850,2024-02-17,20232024,2,DAL,3,EDM,4
2023020851,2024-02-17,20232024,2,CHI,3,OTT,2
2023020852,2024-02-17,20232024,2,CGY,0,DET,5
2023020853,2024-02-17,20232024,2,BOS,4,LAK,5
2023020854,2024-02-17,20232024,2,MIN,2,BUF,3
2023020855,2024-02-17,20232024,2,STL,2,NSH,5
2023020856,2024-02-17,20232024,2,TBL,2,FLA,9
2023020857,2024-02-17,20232024,2,MTL,3,WSH,4
2023020858,2024-02-17,20232024,2,TOR,9,ANA,2
2023020859,2024-02-17,20232024,2,NJD,6,PHI,3
2023020860,2024-02-17,20232024,2,VAN,2,WPG,4
2023020861,2024-02-17,20232024,2,SJS,3,CBJ,4
2023020862,2024-02-17,20232024,2,VGK,1,CAR,3
2023020863,2024-02-18,20232024,2,NYI,5,NYR,6
2023020864,2024-02-18,20232024,2,COL,4,ARI,3
2023020865,2024-02-18,20232024,2,PIT,1,LAK,2
2023020866,2024-02-19,20232024,2,BUF,3,ANA,4
2023020867,2024-02-19,20232024,2,BOS,4,DAL,3
2023020868,2024-02-19,20232024,2,STL,2,TOR,4
2023020869,2024-02-19,20232024,2,MIN,10,VAN,7
2023020870,2024-02-19,20232024,2,SEA,3,DET,4
2023020871,2024-02-19,20232024,2,ARI,3,EDM,6
2023020872,2024-02-19,20232024,2,CGY,6,WPG,3
2023020873,2024-02-19,20232024,2,SJS,0,VGK,4
2023020874,2024-02-19,20232024,2,CAR,6,CHI,3
2023020875,2024-02-19,20232024,2,TBL,2,OTT,4
2023020876,2024-02-20,20232024,2,FLA,3,OTT,2
2023020877,2024-02-20,20232024,2,NYR,3,DAL,1
2023020878,2024-02-20,20232024,2,PIT,4,NYI,5
2023020879,2024-02-20,20232024,2,WSH,6,NJD,2
2023020880,2024-02-20,20232024,2,WPG,6,MIN,3
2023020881,2024-02-20,20232024,2,COL,3,VAN,1
2023020882,2024-02-20,20232024,2,VGK,3,NSH,5
2023020883,2024-02-20,20232024,2,LAK,5,CBJ,1
2023020884,2024-02-21,20232024,2,MTL,2,BUF,3
2023020885,2024-02-21,20232024,2,CHI,1,PHI,3
2023020886,2024-02-21,20232024,2,ANA,4,CBJ,7
2023020887,2024-02-21,20232024,2,ARI,3,TOR,6
2023020888,2024-02-21,20232024,2,EDM,5,BOS,6
2023020889,2024-02-22,20232024,2,CAR,1,FLA,0
2023020890,2024-02-22,20232024,2,DET,2,COL,1
2023020891,2024-02-22,20232024,2,NJD,1,NYR,5
2023020892,2024-02-22,20232024,2,OTT,4,DAL,1
2023020893,2024-02-22,20232024,2,PIT,4,MTL,1
2023020894,2024-02-22,20232024,2,TBL,3,WSH,5
2023020895,2024-02-22,20232024,2,STL,4,NYI,0
2023020896,2024-02-22,20232024,2,CGY,3,BOS,2
2023020897,2024-02-22,20232024,2,SEA,5,VAN,2
2023020898,2024-02-22,20232024,2,VGK,3,TOR,7
2023020899,2024-02-22,20232024,2,LAK,1,NSH,4
2023020900,2024-02-23,20232024,2,CBJ,1,BUF,2
2023020901,2024-02-23,20232024,2,CHI,2,WPG,3
2023020902,2024-02-23,20232024,2,EDM,2,MIN,4
2023020903,2024-02-24,20232024,2,NJD,4,MTL,3
2023020904,2024-02-24,20232024,2,NYI,2,TBL,4
2023020905,2024-02-24,20232024,2,PHI,1,NYR,2
2023020906,2024-02-24,20232024,2,FLA,3,WSH,2
2023020907,2024-02-24,20232024,2,CAR,1,DAL,2
2023020908,2024-02-24,20232024,2,COL,3,TOR,4
2023020909,2024-02-24,20232024,2,DET,6,STL,1
2023020910,2024-02-24,20232024,2,OTT,4,VGK,3
2023020911,2024-02-24,20232024,2,VAN,3,BOS,2
2023020912,2024-02-24,20232024,2,EDM,3,CGY,6
2023020913,2024-02-24,20232024,2,SEA,2,MIN,5
2023020914,2024-02-24,20232024,2,SJS,2,NSH,4
2023020915,2024-02-24,20232024,2,LAK,3,ANA,2
2023020916,2024-02-25,20232024,2,NJD,1,TBL,4
2023020917,2024-02-25,20232024,2,PIT,7,PHI,6
2023020918,2024-02-25,20232024,2,BUF,3,CAR,2
2023020919,2024-02-25,20232024,2,CBJ,4,NYR,2
2023020920,2024-02-25,20232024,2,CHI,2,DET,3
2023020921,2024-02-25,20232024,2,WPG,4,ARI,3
2023020922,2024-02-25,20232024,2,ANA,2,NSH,4
2023020923,2024-02-26,20232024,2,WSH,6,OTT,3
2023020924,2024-02-26,20232024,2,DAL,2,NYI,3
2023020925,2024-02-26,20232024,2,EDM,4,LAK,2
2023020926,2024-02-26,20232024,2,SEA,4,BOS,3
2023020927,2024-02-27,20232024,2,DET,8,WSH,3
2023020928,2024-02-27,20232024,2,FLA,3,BUF,2
2023020929,2024-02-27,20232024,2,MTL,4,ARI,2
2023020930,2024-02-27,20232024,2,PHI,6,TBL,2
2023020931,2024-02-27,20232024,2,TOR,2,VGK,6
2023020932,2024-02-27,20232024,2,MIN,2,CAR,3
2023020933,2024-02-27,20232024,2,NSH,4,OTT,1
2023020934,2024-02-27,20232024,2,WPG,4,STL,2
2023020935,2024-02-27,20232024,2,CGY,4,LAK,2
2023020936,2024-02-27,20232024,2,COL,5,DAL,1
2023020937,2024-02-27,20232024,2,VAN,3,PIT,4
2023020938,2024-02-27,20232024,2,SJS,2,NJD,7
2023020939,2024-02-28,20232024,2,NYR,4,CBJ,1
2023020940,2024-02-28,20232024,2,EDM,3,STL,2
2023020941,2024-02-29,20232024,2,BOS,5,VGK,4
2023020942,2024-02-29,20232024,2,CBJ,2,CAR,4
2023020943,2024-02-29,20232024,2,DET,3,NYI,5
2023020944,2024-02-29,20232024,2,FLA,4,MTL,3
2023020945,2024-02-29,20232024,2,TBL,2,BUF,3
2023020946,2024-02-29,20232024,2,TOR,4,ARI,2
2023020947,2024-02-29,20232024,2,DAL,4,WPG,1
2023020948,2024-02-29,20232024,2,NSH,6,MIN,1
2023020949,2024-02-29,20232024,2,CHI,0,COL,5
2023020950,2024-02-29,20232024,2,SEA,2,PIT,0
2023020951,2024-02-29,20232024,2,VAN,1,LAK,5
2023020952,2024-02-29,20232024,2,SJS,4,ANA,6
2023020953,2024-03-01,20232024,2,OTT,3,ARI,5
2023020954,2024-03-01,20232024,2,WSH,5,PHI,2
2023020955,2024-03-01,20232024,2,ANA,4,NJD,3
2023020956,2024-03-02,20232024,2,CAR,3,WPG,5
2023020957,2024-03-02,20232024,2,NYI,5,BOS,1
2023020958,2024-03-02,20232024,2,SEA,1,EDM,2
2023020959,2024-03-02,20232024,2,NSH,5,COL,1
2023020960,2024-03-02,20232024,2,BUF,7,VGK,2
2023020961,2024-03-02,20232024,2,DET,0,FLA,4
2023020962,2024-03-02,20232024,2,PHI,4,OTT,2
2023020963,2024-03-02,20232024,2,TBL,4,MTL,3
2023020964,2024-03-02,20232024,2,TOR,4,NYR,3
2023020965,2024-03-02,20232024,2,CHI,2,CBJ,5
2023020966,2024-03-02,20232024,2,DAL,3,SJS,2
2023020967,2024-03-02,20232024,2,STL,3,MIN,1
2023020968,2024-03-02,20232024,2,CGY,4,PIT,3
2023020969,2024-03-03,20232024,2,WSH,2,ARI,5
2023020970,2024-03-03,20232024,2,LAK,5,NJD,1
2023020971,2024-03-03,20232024,2,BUF,2,WPG,5
2023020972,2024-03-03,20232024,2,MIN,4,SJS,3
2023020973,2024-03-03,20232024,2,ANA,1,VAN,2
2023020974,2024-03-03,20232024,2,EDM,6,PIT,1
2023020975,2024-03-04,20232024,2,CBJ,6,VGK,3
2023020976,2024-03-04,20232024,2,NYR,2,FLA,4
2023020977,2024-03-04,20232024,2,PHI,1,STL,2
2023020978,2024-03-04,20232024,2,TOR,1,BOS,4
2023020979,2024-03-04,20232024,2,COL,5,CHI,0
2023020980,2024-03-04,20232024,2,CGY,2,SEA,4
2023020981,2024-03-05,20232024,2,BOS,1,EDM,2
2023020982,2024-03-05,20232024,2,NJD,3,FLA,5
2023020983,2024-03-05,20232024,2,PIT,5,CBJ,3
2023020984,2024-03-05,20232024,2,NYI,4,STL,2
2023020985,2024-03-05,20232024,2,NSH,3,MTL,4
2023020986,2024-03-05,20232024,2,WPG,3,SEA,4
2023020987,2024-03-05,20232024,2,ARI,2,CHI,5
2023020988,2024-03-05,20232024,2,LAK,1,VAN,2
2023020989,2024-03-05,20232024,2,SJS,6,DAL,7
2023020990,2024-03-06,20232024,2,TOR,2,BUF,1
2023020991,2024-03-06,20232024,2,COL,7,DET,2
2023020992,2024-03-06,20232024,2,ANA,2,OTT,1
2023020993,2024-03-07,20232024,2,BOS,4,TOR,1
2023020994,2024-03-07,20232024,2,CAR,4,MTL,1
2023020995,2024-03-07,20232024,2,CBJ,4,EDM,2
2023020996,2024-03-07,20232024,2,FLA,1,PHI,2
2023020997,2024-03-07,20232024,2,NJD,4,STL,1
2023020998,2024-03-07,20232024,2,PIT,0,WSH,6
2023020999,2024-03-07,20232024,2,TBL,3,CGY,6
2023021000,2024-03-07,20232024,2,NSH,4,BUF,2
2023021001,2024-03-07,20232024,2,ARI,2,MIN,5
2023021002,2024-03-07,20232024,2,VGK,1,VAN,3
2023021003,2024-03-07,20232024,2,LAK,4,OTT,3
2023021004,2024-03-07,20232024,2,SJS,2,NYI,7
2023021005,2024-03-08,20232024,2,ARI,4,DET,0
2023021006,2024-03-08,20232024,2,COL,2,MIN,1
2023021007,2024-03-08,20232024,2,ANA,2,DAL,6
2023021008,2024-03-08,20232024,2,SEA,0,WPG,3
2023021009,2024-03-09,20232024,2,BUF,3,EDM,2
2023021010,2024-03-09,20232024,2,CBJ,1,NSH,2
2023021011,2024-03-09,20232024,2,NJD,2,CAR,4
2023021012,2024-03-09,20232024,2,BOS,5,PIT,1
2023021013,2024-03-09,20232024,2,FLA,5,CGY,1
2023021014,2024-03-09,20232024,2,MTL,2,TOR,3
2023021015,2024-03-09,20232024,2,SJS,2,OTT,1
2023021016,2024-03-09,20232024,2,TBL,7,PHI,0
2023021017,2024-03-09,20232024,2,WSH,4,CHI,1
2023021018,2024-03-09,20232024,2,NYR,4,STL,0
2023021019,2024-03-09,20232024,2,VAN,5,WPG,0
2023021020,2024-03-09,20232024,2,VGK,5,DET,3
2023021021,2024-03-09,20232024,2,LAK,1,DAL,4
2023021022,2024-03-10,20232024,2,PIT,0,EDM,4
2023021023,2024-03-10,20232024,2,MIN,4,NSH,3
2023021024,2024-03-10,20232024,2,CAR,7,CGY,2
2023021025,2024-03-10,20232024,2,CHI,7,ARI,4
2023021026,2024-03-10,20232024,2,ANA,1,NYI,6
2023021027,2024-03-11,20232024,2,BOS,1,STL,5
2023021028,2024-03-11,20232024,2,NYR,3,NJD,1
2023021029,2024-03-11,20232024,2,WPG,3,WSH,0
2023021030,2024-03-11,20232024,2,LAK,3,NYI,0
2023021031,2024-03-12,20232024,2,BUF,7,DET,3
2023021032,2024-03-12,20232024,2,CAR,0,NYR,1
2023021033,2024-03-12,20232024,2,MTL,3,CBJ,0
2023021034,2024-03-12,20232024,2,OTT,2,PIT,1
2023021035,2024-03-12,20232024,2,PHI,3,SJS,2
2023021036,2024-03-12,20232024,2,DAL,3,FLA,4
2023021037,2024-03-12,20232024,2,MIN,4,ARI,1
2023021038,2024-03-12,20232024,2,CHI,7,ANA,2
2023021039,2024-03-12,20232024,2,CGY,2,COL,6
2023021040,2024-03-12,20232024,2,SEA,4,VGK,5
2023021041,2024-03-13,20232024,2,STL,3,LAK,1
2023021042,2024-03-13,20232024,2,WPG,2,NSH,4
2023021043,2024-03-13,20232024,2,EDM,7,WSH,2
2023021044,2024-03-13,20232024,2,VAN,3,COL,4
2023021045,2024-03-14,20232024,2,BUF,4,NYI,0
2023021046,2024-03-14,20232024,2,CAR,4,FLA,0
2023021047,2024-03-14,20232024,2,CBJ,2,OTT,3
2023021048,2024-03-14,20232024,2,DET,1,ARI,4
2023021049,2024-03-14,20232024,2,MTL,1,BOS,2
2023021050,2024-03-14,20232024,2,PHI,2,TOR,6
2023021051,2024-03-14,20232024,2,PIT,6,SJS,3
2023021052,2024-03-14,20232024,2,TBL,6,NYR,3
2023021053,2024-03-14,20232024,2,DAL,2,NJD,6
2023021054,2024-03-14,20232024,2,MIN,2,ANA,0
2023021055,2024-03-14,20232024,2,CGY,4,VGK,1
2023021056,2024-03-14,20232024,2,SEA,1,WSH,2
2023021057,2024-03-15,20232024,2,WPG,6,ANA,0
2023021058,2024-03-15,20232024,2,CHI,0,LAK,5
2023021059,2024-03-16,20232024,2,DET,4,BUF,1
2023021060,2024-03-16,20232024,2,NYI,3,OTT,4
2023021061,2024-03-16,20232024,2,PIT,4,NYR,7
2023021062,2024-03-16,20232024,2,ARI,4,NJD,1
2023021063,2024-03-16,20232024,2,FLA,3,TBL,5
2023021064,2024-03-16,20232024,2,BOS,6,PHI,5
2023021065,2024-03-16,20232024,2,CBJ,4,SJS,2
2023021066,2024-03-16,20232024,2,CGY,5,MTL,2
2023021067,2024-03-16,20232024,2,TOR,4,CAR,5
2023021068,2024-03-16,20232024,2,DAL,4,LAK,1
2023021069,2024-03-16,20232024,2,STL,3,MIN,2
2023021070,2024-03-16,20232024,2,EDM,2,COL,3
2023021071,2024-03-16,20232024,2,SEA,1,NSH,4
2023021072,2024-03-16,20232024,2,VAN,1,WSH,2
2023021073,2024-03-17,20232024,2,NYR,5,NYI,2
2023021074,2024-03-17,20232024,2,VGK,3,NJD,1
2023021075,2024-03-17,20232024,2,CBJ,1,WPG,6
2023021076,2024-03-17,20232024,2,CHI,5,SJS,2
2023021077,2024-03-17,20232024,2,OTT,2,CAR,7
2023021078,2024-03-17,20232024,2,PIT,6,DET,3
2023021079,2024-03-17,20232024,2,STL,4,ANA,2
2023021080,2024-03-18,20232024,2,CGY,2,WSH,5
2023021081,2024-03-18,20232024,2,SEA,2,BUF,6
2023021082,2024-03-19,20232024,2,BOS,6,OTT,2
2023021083,2024-03-19,20232024,2,DET,4,CBJ,3
2023021084,2024-03-19,20232024,2,NJD,5,PIT,2
2023021085,2024-03-19,20232024,2,NYR,2,WPG,4
2023021086,2024-03-19,20232024,2,PHI,4,TOR,3
2023021087,2024-03-19,20232024,2,NYI,1,CAR,4
2023021088,2024-03-19,20232024,2,NSH,8,SJS,2
2023021089,2024-03-19,20232024,2,STL,3,COL,4
2023021090,2024-03-19,20232024,2,EDM,3,MTL,2
2023021091,2024-03-19,20232024,2,ANA,0,MIN,4
2023021092,2024-03-19,20232024,2,LAK,6,CHI,2
2023021093,2024-03-19,20232024,2,VAN,3,BUF,2
2023021094,2024-03-19,20232024,2,VGK,3,TBL,5
2023021095,2024-03-20,20232024,2,WSH,3,TOR,7
2023021096,2024-03-20,20232024,2,DAL,5,ARI,2
2023021097,2024-03-20,20232024,2,LAK,6,MIN,0
2023021098,2024-03-21,20232024,2,BOS,2,NYR,5
2023021099,2024-03-21,20232024,2,CAR,3,PHI,2
2023021100,2024-03-21,20232024,2,DET,6,NYI,3
2023021101,2024-03-21,20232024,2,FLA,0,NSH,3
2023021102,2024-03-21,20232024,2,NJD,4,WPG,1
2023021103,2024-03-21,20232024,2,OTT,2,STL,5
2023021104,2024-03-21,20232024,2,EDM,8,BUF,3
2023021105,2024-03-21,20232024,2,ANA,4,CHI,0
2023021106,2024-03-21,20232024,2,VAN,4,MTL,1
2023021107,2024-03-21,20232024,2,VGK,3,SEA,1
2023021108,2024-03-21,20232024,2,SJS,1,TBL,4
2023021109,2024-03-22,20232024,2,WSH,7,CAR,6
2023021110,2024-03-22,20232024,2,DAL,4,PIT,2
2023021111,2024-03-22,20232024,2,COL,6,CBJ,1
2023021112,2024-03-22,20232024,2,ARI,2,SEA,1
2023021113,2024-03-23,20232024,2,NYI,6,WPG,3
2023021114,2024-03-23,20232024,2,PHI,3,BOS,2
2023021115,2024-03-23,20232024,2,MIN,4,STL,5
2023021116,2024-03-23,20232024,2,NSH,1,DET,0
2023021117,2024-03-23,20232024,2,NJD,2,OTT,5
2023021118,2024-03-23,20232024,2,TOR,6,EDM,3
2023021119,2024-03-23,20232024,2,NYR,4,FLA,3
2023021120,2024-03-23,20232024,2,VAN,4,CGY,2
2023021121,2024-03-23,20232024,2,LAK,4,TBL,3
2023021122,2024-03-23,20232024,2,SJS,4,CHI,5
2023021123,2024-03-23,20232024,2,VGK,4,CBJ,2
2023021124,2024-03-24,20232024,2,WSH,3,WPG,0
2023021125,2024-03-24,20232024,2,COL,5,PIT,4
2023021126,2024-03-24,20232024,2,NYI,0,NJD,4
2023021127,2024-03-24,20232024,2,CAR,2,TOR,1
2023021128,2024-03-24,20232024,2,OTT,5,EDM,3
2023021129,2024-03-24,20232024,2,PHI,1,FLA,4
2023021130,2024-03-24,20232024,2,ARI,2,DAL,4
2023021131,2024-03-24,20232024,2,ANA,2,TBL,3
2023021132,2024-03-24,20232024,2,CGY,1,BUF,4
2023021133,2024-03-24,20232024,2,SEA,1,MTL,5
2023021134,2024-03-25,20232024,2,STL,1,VGK,2
2023021135,2024-03-25,20232024,2,VAN,2,LAK,3
2023021136,2024-03-26,20232024,2,FLA,3,BOS,4
2023021137,2024-03-26,20232024,2,NYR,6,PHI,5
2023021138,2024-03-26,20232024,2,PIT,4,CAR,1
2023021139,2024-03-26,20232024,2,TOR,3,NJD,6
2023021140,2024-03-26,20232024,2,WSH,4,DET,3
2023021141,2024-03-26,20232024,2,NSH,5,VGK,4
2023021142,2024-03-26,20232024,2,WPG,3,EDM,4
2023021143,2024-03-26,20232024,2,CHI,3,CGY,1
2023021144,2024-03-26,20232024,2,COL,1,MTL,2
2023021145,2024-03-26,20232024,2,ARI,6,CBJ,2
2023021146,2024-03-26,20232024,2,SEA,4,ANA,0
2023021147,2024-03-26,20232024,2,SJS,3,DAL,6
2023021148,2024-03-27,20232024,2,BUF,2,OTT,6
2023021149,2024-03-27,20232024,2,TBL,3,BOS,1
2023021150,2024-03-28,20232024,2,CAR,4,DET,0
2023021151,2024-03-28,20232024,2,FLA,2,NYI,3
2023021152,2024-03-28,20232024,2,MTL,4,PHI,1
2023021153,2024-03-28,20232024,2,OTT,2,CHI,0
2023021154,2024-03-28,20232024,2,PIT,3,CBJ,2
2023021155,2024-03-28,20232024,2,TOR,5,WSH,1
2023021156,2024-03-28,20232024,2,MIN,3,SJS,1
2023021157,2024-03-28,20232024,2,STL,5,CGY,3
2023021158,2024-03-28,20232024,2,WPG,1,VGK,4
2023021159,2024-03-28,20232024,2,COL,2,NYR,3
2023021160,2024-03-28,20232024,2,EDM,4,LAK,1
2023021161,2024-03-28,20232024,2,ARI,8,NSH,4
2023021162,2024-03-28,20232024,2,SEA,4,ANA,2
2023021163,2024-03-28,20232024,2,VAN,1,DAL,3
2023021164,2024-03-29,20232024,2,BUF,5,NJD,2
2023021165,2024-03-30,20232024,2,FLA,3,DET,2
2023021166,2024-03-30,20232024,2,MIN,1,VGK,2
2023021167,2024-03-30,20232024,2,EDM,6,ANA,1
2023021168,2024-03-30,20232024,2,ARI,5,NYR,8
2023021169,2024-03-30,20232024,2,COL,7,NSH,4
2023021170,2024-03-30,20232024,2,BUF,0,TOR,3
2023021171,2024-03-30,20232024,2,CBJ,4,PIT,3
2023021172,2024-03-30,20232024,2,MTL,0,CAR,3
2023021173,2024-03-30,20232024,2,PHI,1,CHI,5
2023021174,2024-03-30,20232024,2,TBL,4,NYI,1
2023021175,2024-03-30,20232024,2,WPG,2,OTT,3
2023021176,2024-03-30,20232024,2,WSH,2,BOS,3
2023021177,2024-03-30,20232024,2,STL,0,SJS,4
2023021178,2024-03-30,20232024,2,CGY,4,LAK,2
2023021179,2024-03-30,20232024,2,SEA,0,DAL,3
2023021180,2024-03-31,20232024,2,VAN,3,ANA,2
2023021181,2024-04-01,20232024,2,CBJ,4,COL,1
2023021182,2024-04-01,20232024,2,NYR,2,PIT,5
2023021183,2024-04-01,20232024,2,PHI,3,NYI,4
2023021184,2024-04-01,20232024,2,TBL,2,DET,4
2023021185,2024-04-01,20232024,2,TOR,6,FLA,4
2023021186,2024-04-01,20232024,2,STL,3,EDM,2
2023021187,2024-04-01,20232024,2,WPG,4,LAK,3
2023021188,2024-04-01,20232024,2,SJS,2,SEA,4
2023021189,2024-04-02,20232024,2,BUF,6,WSH,2
2023021190,2024-04-02,20232024,2,MTL,5,FLA,3
2023021191,2024-04-02,20232024,2,NJD,3,PIT,6
2023021192,2024-04-02,20232024,2,NYI,2,CHI,1
2023021193,2024-04-02,20232024,2,MIN,3,OTT,2
2023021194,2024-04-02,20232024,2,NSH,0,BOS,3
2023021195,2024-04-02,20232024,2,CGY,3,ANA,5
2023021196,2024-04-02,20232024,2,VGK,6,VAN,3
2023021197,2024-04-03,20232024,2,TOR,1,TBL,4
2023021198,2024-04-03,20232024,2,NYR,4,NJD,3
2023021199,2024-04-03,20232024,2,DAL,5,EDM,0
2023021200,2024-04-03,20232024,2,ARI,1,VAN,2
2023021201,2024-04-03,20232024,2,LAK,5,SEA,2
2023021202,2024-04-04,20232024,2,CAR,1,BOS,4
2023021203,2024-04-04,20232024,2,CBJ,2,NYI,4
2023021204,2024-04-04,20232024,2,MTL,4,TBL,7
2023021205,2024-04-04,20232024,2,OTT,0,FLA,6
2023021206,2024-04-04,20232024,2,WSH,1,PIT,4
2023021207,2024-04-04,20232024,2,MIN,2,COL,5
2023021208,2024-04-04,20232024,2,NSH,6,STL,3
2023021209,2024-04-04,20232024,2,WPG,5,CGY,2
2023021210,2024-04-04,20232024,2,SJS,1,LAK,2
2023021211,2024-04-05,20232024,2,BUF,4,PHI,2
2023021212,2024-04-05,20232024,2,CAR,4,WSH,2
2023021213,2024-04-05,20232024,2,DET,3,NYR,4
2023021214,2024-04-05,20232024,2,EDM,6,COL,2
2023021215,2024-04-05,20232024,2,ANA,1,SEA,3
2023021216,2024-04-05,20232024,2,ARI,7,VGK,4
2023021217,2024-04-06,20232024,2,PIT,5,TBL,4
2023021218,2024-04-06,20232024,2,BOS,3,FLA,2
2023021219,2024-04-06,20232024,2,MIN,2,WPG,4
2023021220,2024-04-06,20232024,2,CHI,3,DAL,2
2023021221,2024-04-06,20232024,2,SJS,3,STL,2
2023021222,2024-04-06,20232024,2,CBJ,6,PHI,2
2023021223,2024-04-06,20232024,2,MTL,2,TOR,4
2023021224,2024-04-06,20232024,2,OTT,3,NJD,4
2023021225,2024-04-06,20232024,2,NYI,2,NSH,0
2023021226,2024-04-06,20232024,2,CGY,2,EDM,4
2023021227,2024-04-06,20232024,2,LAK,6,VAN,3
2023021228,2024-04-07,20232024,2,DET,3,BUF,1
2023021229,2024-04-07,20232024,2,CHI,0,MIN,4
2023021230,2024-04-07,20232024,2,CAR,3,CBJ,0
2023021231,2024-04-07,20232024,2,SJS,2,ARI,5
2023021232,2024-04-07,20232024,2,WSH,2,OTT,3
2023021233,2024-04-07,20232024,2,NJD,2,NSH,3
2023021234,2024-04-07,20232024,2,NYR,5,MTL,2
2023021235,2024-04-07,20232024,2,ANA,5,STL,6
2023021236,2024-04-07,20232024,2,COL,4,DAL,7
2023021237,2024-04-08,20232024,2,TOR,3,PIT,2
2023021238,2024-04-08,20232024,2,VAN,4,VGK,3
2023021239,2024-04-09,20232024,2,BOS,1,CAR,4
2023021240,2024-04-09,20232024,2,DET,1,WSH,2
2023021241,2024-04-09,20232024,2,FLA,2,OTT,0
2023021242,2024-04-09,20232024,2,MTL,9,PHI,3
2023021243,2024-04-09,20232024,2,NJD,2,TOR,5
2023021244,2024-04-09,20232024,2,NYI,4,NYR,2
2023021245,2024-04-09,20232024,2,TBL,5,CBJ,2
2023021246,2024-04-09,20232024,2,DAL,3,BUF,2
2023021247,2024-04-09,20232024,2,NSH,3,WPG,4
2023021248,2024-04-09,20232024,2,COL,5,MIN,2
2023021249,2024-04-09,20232024,2,ANA,3,LAK,1
2023021250,2024-04-09,20232024,2,SEA,5,ARI,0
2023021251,2024-04-09,20232024,2,SJS,2,CGY,3
2023021252,2024-04-10,20232024,2,STL,5,CHI,2
2023021253,2024-04-10,20232024,2,EDM,5,VGK,1
2023021254,2024-04-10,20232024,2,VAN,3,ARI,4
2023021255,2024-04-11,20232024,2,BUF,4,WSH,2
2023021256,2024-04-11,20232024,2,FLA,4,CBJ,0
2023021257,2024-04-11,20232024,2,NYR,1,PHI,4
2023021258,2024-04-11,20232024,2,PIT,6,DET,5
2023021259,2024-04-11,20232024,2,TBL,2,OTT,3
2023021260,2024-04-11,20232024,2,TOR,5,NJD,6
2023021261,2024-04-11,20232024,2,NYI,3,MTL,2
2023021262,2024-04-11,20232024,2,DAL,0,WPG,3
2023021263,2024-04-11,20232024,2,SEA,1,SJS,3
2023021264,2024-04-11,20232024,2,LAK,4,CGY,1
2023021265,2024-04-12,20232024,2,STL,2,CAR,5
2023021266,2024-04-12,20232024,2,CHI,1,NSH,5
2023021267,2024-04-12,20232024,2,EDM,2,ARI,3
2023021268,2024-04-12,20232024,2,ANA,3,CGY,6
2023021269,2024-04-12,20232024,2,VGK,7,MIN,2
2023021270,2024-04-13,20232024,2,NYR,3,NYI,2
2023021271,2024-04-13,20232024,2,DAL,3,SEA,1
2023021272,2024-04-13,20232024,2,COL,0,WPG,7
2023021273,2024-04-13,20232024,2,FLA,3,BUF,2
2023021274,2024-04-13,20232024,2,PHI,1,NJD,0
2023021275,2024-04-13,20232024,2,WSH,4,TBL,2
2023021276,2024-04-13,20232024,2,OTT,5,MTL,4
2023021277,2024-04-13,20232024,2,TOR,4,DET,5
2023021278,2024-04-13,20232024,2,NSH,6,CBJ,4
2023021279,2024-04-13,20232024,2,PIT,4,BOS,6
2023021280,2024-04-13,20232024,2,EDM,1,VAN,3
2023021281,2024-04-13,20232024,2,LAK,3,ANA,1
2023021282,2024-04-13,20232024,2,SJS,2,MIN,6
2023021283,2024-04-14,20232024,2,STL,4,SEA,1
2023021284,2024-04-14,20232024,2,VGK,4,COL,3
2023021285,2024-04-14,20232024,2,CHI,2,CAR,4
2023021286,2024-04-14,20232024,2,CGY,6,ARI,5
2023021287,2024-04-15,20232024,2,DET,5,MTL,4
2023021288,2024-04-15,20232024,2,NJD,1,NYI,4
2023021289,2024-04-15,20232024,2,PIT,4,NSH,2
2023021290,2024-04-15,20232024,2,TBL,2,BUF,4
2023021291,2024-04-15,20232024,2,WSH,2,BOS,0
2023021292,2024-04-15,20232024,2,NYR,4,OTT,0
2023021293,2024-04-15,20232024,2,EDM,9,SJS,2
2023021294,2024-04-15,20232024,2,LAK,1,MIN,3
2023021295,2024-04-16,20232024,2,BOS,1,OTT,3
2023021296,2024-04-16,20232024,2,CBJ,6,CAR,3
2023021297,2024-04-16,20232024,2,FLA,5,TOR,2
2023021298,2024-04-16,20232024,2,MTL,4,DET,5
2023021299,2024-04-16,20232024,2,PHI,1,WSH,2
2023021300,2024-04-16,20232024,2,WPG,4,SEA,3
2023021301,2024-04-16,20232024,2,VGK,3,CHI,1
2023021302,2024-04-16,20232024,2,VAN,4,CGY,1
2023021303,2024-04-17,20232024,2,NYI,5,PIT,4
2023021304,2024-04-17,20232024,2,TBL,6,TOR,4
2023021305,2024-04-17,20232024,2,DAL,2,STL,1
2023021306,2024-04-17,20232024,2,ARI,5,EDM,2
2023021307,2024-04-18,20232024,2,MIN,3,SEA,4
2023021308,2024-04-18,20232024,2,WPG,4,VAN,2
2023021309,2024-04-18,20232024,2,CGY,5,SJS,1
2023021310,2024-04-18,20232024,2,COL,5,EDM,1
2023021311,2024-04-18,20232024,2,VGK,1,ANA,4
2023021312,2024-04-18,20232024,2,LAK,5,CHI,4
2023030121,2024-04-20,20232024,3,BOS,5,TOR,1
2023030141,2024-04-20,20232024,3,CAR,3,NYI,1
2023030111,2024-04-21,20232024,3,FLA,3,TBL,2
2023030131,2024-04-21,20232024,3,NYR,4,WSH,1
2023030161,2024-04-21,20232024,3,WPG,7,COL,6
2023030171,2024-04-21,20232024,3,VAN,4,NSH,2
2023030122,2024-04-22,20232024,3,BOS,2,TOR,3
2023030142,2024-04-22,20232024,3,CAR,5,NYI,3
2023030151,2024-04-22,20232024,3,DAL,3,VGK,4
2023030181,2024-04-22,20232024,3,EDM,7,LAK,4
2023030112,2024-04-23,20232024,3,FLA,3,TBL,2
2023030132,2024-04-23,20232024,3,NYR,4,WSH,3
2023030162,2024-04-23,20232024,3,WPG,2,COL,5
2023030172,2024-04-23,20232024,3,VAN,1,NSH,4
2023030123,2024-04-24,20232024,3,TOR,2,BOS,4
2023030152,2024-04-24,20232024,3,DAL,1,VGK,3
2023030182,2024-04-24,20232024,3,EDM,4,LAK,5
2023030113,2024-04-25,20232024,3,TBL,3,FLA,5
2023030143,2024-04-25,20232024,3,NYI,2,CAR,3
2023030133,2024-04-26,20232024,3,WSH,1,NYR,3
2023030163,2024-04-26,20232024,3,COL,6,WPG,2
2023030173,2024-04-26,20232024,3,NSH,1,VAN,2
2023030183,2024-04-26,20232024,3,LAK,1,EDM,6
2023030114,2024-04-27,20232024,3,TBL,6,FLA,3
2023030124,2024-04-27,20232024,3,TOR,1,BOS,3
2023030144,2024-04-27,20232024,3,NYI,3,CAR,2
2023030153,2024-04-27,20232024,3,VGK,2,DAL,3
2023030134,2024-04-28,20232024,3,WSH,2,NYR,4
2023030164,2024-04-28,20232024,3,COL,5,WPG,1
2023030174,2024-04-28,20232024,3,NSH,3,VAN,4
2023030184,2024-04-28,20232024,3,LAK,0,EDM,1
2023030115,2024-04-29,20232024,3,FLA,6,TBL,1
2023030154,2024-04-29,20232024,3,VGK,2,DAL,4
2023030125,2024-04-30,20232024,3,BOS,1,TOR,2
2023030145,2024-04-30,20232024,3,CAR,6,NYI,3
2023030165,2024-04-30,20232024,3,WPG,3,COL,6
2023030175,2024-04-30,20232024,3,VAN,1,NSH,2
2023030155,2024-05-01,20232024,3,DAL,3,VGK,2
2023030185,2024-05-01,20232024,3,EDM,4,LAK,3
2023030126,2024-05-02,20232024,3,TOR,2,BOS,1
2023030156,2024-05-03,20232024,3,VGK,2,DAL,0
2023030176,2024-05-03,20232024,3,NSH,0,VAN,1
2023030127,2024-05-04,20232024,3,BOS,2,TOR,1
2023030157,2024-05-05,20232024,3,DAL,2,VGK,1
2023030221,2024-05-05,20232024,3,NYR,4,CAR,3
2023030211,2024-05-06,20232024,3,FLA,1,BOS,5
2023030222,2024-05-07,20232024,3,NYR,4,CAR,3
2023030231,2024-05-07,20232024,3,DAL,3,COL,4
2023030212,2024-05-08,20232024,3,FLA,6,BOS,1
2023030241,2024-05-08,20232024,3,VAN,5,EDM,4
2023030223,2024-05-09,20232024,3,CAR,2,NYR,3
2023030232,2024-05-09,20232024,3,DAL,5,COL,3
2023030213,2024-05-10,20232024,3,BOS,2,FLA,6
2023030242,2024-05-10,20232024,3,VAN,3,EDM,4
2023030224,2024-05-11,20232024,3,CAR,4,NYR,3
2023030233,2024-05-11,20232024,3,COL,1,DAL,4
2023030214,2024-05-12,20232024,3,BOS,2,FLA,3
2023030243,2024-05-12,20232024,3,EDM,3,VAN,4
2023030225,2024-05-13,20232024,3,NYR,1,CAR,4
2023030234,2024-05-13,20232024,3,COL,1,DAL,5
2023030215,2024-05-14,20232024,3,FLA,1,BOS,2
2023030244,2024-05-14,20232024,3,EDM,3,VAN,2
2023030235,2024-05-15,20232024,3,DAL,3,COL,5
2023030226,2024-05-16,20232024,3,CAR,3,NYR,5
2023030245,2024-05-16,20232024,3,VAN,3,EDM,2
2023030216,2024-05-17,20232024,3,BOS,1,FLA,2
2023030236,2024-05-17,20232024,3,COL,1,DAL,2
2023030246,2024-05-18,20232024,3,EDM,5,VAN,1
2023030247,2024-05-20,20232024,3,VAN,2,EDM,3
2023030311,2024-05-22,20232024,3,NYR,0,FLA,3
2023030321,2024-05-23,20232024,3,DAL,2,EDM,3
2023030312,2024-05-24,20232024,3,NYR,2,FLA,1
2023030322,2024-05-25,20232024,3,DAL,3,EDM,1
2023030313,2024-05-26,20232024,3,FLA,4,NYR,5
2023030323,2024-05-27,20232024,3,EDM,3,DAL,5
2023030314,2024-05-28,20232024,3,FLA,3,NYR,2
2023030324,2024-05-29,20232024,3,EDM,5,DAL,2
2023030315,2024-05-30,20232024,3,NYR,2,FLA,3
2023030325,2024-05-31,20232024,3,DAL,1,EDM,3
2023030316,2024-06-01,20232024,3,FLA,2,NYR,1
2023030326,2024-06-02,20232024,3,EDM,2,DAL,1
2023030411,2024-06-08,20232024,3,FLA,3,EDM,0
2023030412,2024-06-10,20232024,3,FLA,4,EDM,1
2023030413,2024-06-13,20232024,3,EDM,3,FLA,4
2023030414,2024-06-15,20232024,3,EDM,8,FLA,1
2023030415,2024-06-18,20232024,3,FLA,3,EDM,5
2023030416,2024-06-21,20232024,3,EDM,5,FLA,1
2023030417,2024-06-24,20232024,3,FLA,2,EDM,1
2024020001,2024-10-04,20242025,2,BUF,1,NJD,4
2024020002,2024-10-05,20242025,2,NJD,3,BUF,1
2024020003,2024-10-08,20242025,2,SEA,2,STL,3
2024020004,2024-10-08,20242025,2,FLA,6,BOS,4
2024020005,2024-10-08,20242025,2,UTA,5,CHI,2
2024020006,2024-10-09,20242025,2,MTL,1,TOR,0
2024020007,2024-10-09,20242025,2,PIT,0,NYR,6
2024020008,2024-10-09,20242025,2,EDM,0,WPG,6
2024020009,2024-10-09,20242025,2,VAN,5,CGY,6
2024020010,2024-10-09,20242025,2,VGK,8,COL,4
2024020011,2024-10-10,20242025,2,BOS,6,MTL,4
2024020012,2024-10-10,20242025,2,BUF,1,LAK,3
2024020013,2024-10-10,20242025,2,OTT,3,FLA,1
2024020014,2024-10-10,20242025,2,DET,3,PIT,6
2024020015,2024-10-10,20242025,2,NJD,2,TOR,4
2024020016,2024-10-10,20242025,2,NYI,4,UTA,5
2024020017,2024-10-10,20242025,2,NSH,3,DAL,4
2024020018,2024-10-10,20242025,2,MIN,3,CBJ,2
2024020019,2024-10-10,20242025,2,SJS,4,STL,5
2024020020,2024-10-11,20242025,2,CAR,1,TBL,4
2024020021,2024-10-11,20242025,2,WPG,2,CHI,1
2024020022,2024-10-11,20242025,2,VAN,2,PHI,3
2024020023,2024-10-11,20242025,2,VGK,4,STL,3
2024020024,2024-10-12,20242025,2,BOS,2,LAK,1
2024020025,2024-10-12,20242025,2,BUF,5,FLA,2
2024020026,2024-10-12,20242025,2,TOR,4,PIT,2
2024020027,2024-10-12,20242025,2,MTL,4,OTT,1
2024020028,2024-10-12,20242025,2,DET,3,NSH,0
2024020030,2024-10-12,20242025,2,NYR,5,UTA,6
2024020031,2024-10-12,20242025,2,WSH,3,NJD,5
2024020032,2024-10-12,20242025,2,DAL,3,NYI,0
2024020033,2024-10-12,20242025,2,MIN,4,SEA,5
2024020034,2024-10-12,20242025,2,COL,4,CBJ,6
2024020035,2024-10-12,20242025,2,CGY,6,PHI,3
2024020036,2024-10-12,20242025,2,EDM,2,CHI,5
2024020037,2024-10-12,20242025,2,SJS,0,ANA,2
2024020038,2024-10-13,20242025,2,WPG,2,MIN,1
2024020039,2024-10-13,20242025,2,DAL,2,SEA,0
2024020040,2024-10-13,20242025,2,EDM,1,CGY,4
2024020041,2024-10-13,20242025,2,VGK,3,ANA,1
2024020042,2024-10-14,20242025,2,BOS,3,FLA,4
2024020043,2024-10-14,20242025,2,OTT,8,LAK,7
2024020044,2024-10-14,20242025,2,NJD,3,UTA,0
2024020045,2024-10-14,20242025,2,NYR,4,DET,1
2024020046,2024-10-14,20242025,2,MTL,3,PIT,6
2024020047,2024-10-14,20242025,2,COL,2,NYI,6
2024020048,2024-10-15,20242025,2,TBL,4,VAN,1
2024020049,2024-10-15,20242025,2,WSH,4,VGK,2
2024020050,2024-10-15,20242025,2,CAR,4,NJD,2
2024020051,2024-10-15,20242025,2,CBJ,3,FLA,4
2024020052,2024-10-15,20242025,2,STL,1,MIN,4
2024020053,2024-10-15,20242025,2,NSH,3,SEA,7
2024020054,2024-10-15,20242025,2,DAL,3,SJS,2
2024020055,2024-10-15,20242025,2,CGY,3,CHI,1
2024020056,2024-10-15,20242025,2,EDM,4,PHI,3
2024020057,2024-10-16,20242025,2,PIT,6,BUF,5
2024020058,2024-10-16,20242025,2,TOR,6,LAK,2
2024020059,2024-10-16,20242025,2,COL,3,BOS,5
2024020060,2024-10-16,20242025,2,ANA,5,UTA,4
2024020061,2024-10-17,20242025,2,MTL,1,LAK,4
2024020062,2024-10-17,20242025,2,OTT,1,NJD,3
2024020063,2024-10-17,20242025,2,DET,2,NYR,5
2024020064,2024-10-17,20242025,2,TBL,4,VGK,3
2024020065,2024-10-17,20242025,2,FLA,2,VAN,3
2024020066,2024-10-17,20242025,2,WSH,3,DAL,2
2024020067,2024-10-17,20242025,2,CBJ,6,BUF,4
2024020068,2024-10-17,20242025,2,STL,1,NYI,0
2024020069,2024-10-17,20242025,2,NSH,2,EDM,4
2024020070,2024-10-17,20242025,2,CHI,4,SJS,2
2024020071,2024-10-17,20242025,2,SEA,6,PHI,4
2024020072,2024-10-18,20242025,2,PIT,1,CAR,4
2024020073,2024-10-18,20242025,2,WPG,8,SJS,3
2024020074,2024-10-18,20242025,2,COL,4,ANA,3
2024020075,2024-10-19,20242025,2,OTT,5,TBL,4
2024020076,2024-10-19,20242025,2,NSH,2,DET,5
2024020077,2024-10-19,20242025,2,DAL,4,EDM,1
2024020078,2024-10-19,20242025,2,FLA,4,VGK,3
2024020079,2024-10-19,20242025,2,TOR,1,NYR,4
2024020080,2024-10-19,20242025,2,NJD,5,WSH,6
2024020081,2024-10-19,20242025,2,NYI,4,MTL,3
2024020082,2024-10-19,20242025,2,PHI,0,VAN,3
2024020083,2024-10-19,20242025,2,CBJ,1,MIN,3
2024020084,2024-10-19,20242025,2,STL,4,CAR,3
2024020085,2024-10-19,20242025,2,CHI,2,BUF,4
2024020086,2024-10-19,20242025,2,UTA,2,BOS,1
2024020087,2024-10-19,20242025,2,SEA,2,CGY,1
2024020088,2024-10-20,20242025,2,WPG,6,PIT,3
2024020089,2024-10-20,20242025,2,SJS,1,COL,4
2024020090,2024-10-20,20242025,2,ANA,1,LAK,4
2024020091,2024-10-21,20242025,2,TOR,5,TBL,2
2024020092,2024-10-22,20242025,2,PHI,1,WSH,4
2024020093,2024-10-22,20242025,2,FLA,1,MIN,5
2024020094,2024-10-22,20242025,2,NJD,5,TBL,8
2024020095,2024-10-22,20242025,2,BUF,4,DAL,2
2024020096,2024-10-22,20242025,2,MTL,2,NYR,7
2024020097,2024-10-22,20242025,2,CBJ,6,TOR,2
2024020098,2024-10-22,20242025,2,NYI,0,DET,1
2024020099,2024-10-22,20242025,2,STL,2,WPG,3
2024020100,2024-10-22,20242025,2,CHI,3,VAN,6
2024020101,2024-10-22,20242025,2,NSH,4,BOS,0
2024020102,2024-10-22,20242025,2,CGY,4,PIT,3
2024020103,2024-10-22,20242025,2,EDM,2,CAR,3
2024020104,2024-10-22,20242025,2,UTA,0,OTT,4
2024020105,2024-10-22,20242025,2,ANA,3,SJS,1
2024020106,2024-10-22,20242025,2,SEA,2,COL,3
2024020107,2024-10-22,20242025,2,VGK,6,LAK,1
2024020108,2024-10-23,20242025,2,WSH,6,PHI,3
2024020109,2024-10-24,20242025,2,BOS,2,DAL,5
2024020110,2024-10-24,20242025,2,TOR,1,STL,5
2024020111,2024-10-24,20242025,2,DET,5,NJD,3
2024020112,2024-10-24,20242025,2,TBL,2,MIN,4
2024020113,2024-10-24,20242025,2,NYR,1,FLA,3
2024020114,2024-10-24,20242025,2,CGY,2,CAR,4
2024020115,2024-10-24,20242025,2,UTA,1,COL,5
2024020116,2024-10-24,20242025,2,SEA,3,WPG,4
2024020117,2024-10-24,20242025,2,LAK,3,SJS,2
2024020118,2024-10-25,20242025,2,VGK,6,OTT,4
2024020119,2024-10-25,20242025,2,NJD,3,NYI,4
2024020120,2024-10-25,20242025,2,CHI,2,NSH,3
2024020121,2024-10-25,20242025,2,EDM,4,PIT,0
2024020122,2024-10-26,20242025,2,BUF,5,DET,3
2024020123,2024-10-26,20242025,2,PHI,7,MIN,5
2024020124,2024-10-26,20242025,2,LAK,3,UTA,2
2024020125,2024-10-26,20242025,2,BOS,4,TOR,3
2024020126,2024-10-26,20242025,2,MTL,5,STL,2
2024020127,2024-10-26,20242025,2,TBL,3,WSH,0
2024020128,2024-10-26,20242025,2,NYR,2,ANA,1
2024020129,2024-10-26,20242025,2,CGY,3,WPG,5
2024020130,2024-10-26,20242025,2,NYI,3,FLA,6
2024020131,2024-10-26,20242025,2,NSH,4,CBJ,3
2024020132,2024-10-26,20242025,2,DAL,4,CHI,2
2024020133,2024-10-26,20242025,2,VAN,4,PIT,3
2024020134,2024-10-26,20242025,2,VGK,7,SJS,3
2024020135,2024-10-26,20242025,2,SEA,1,CAR,4
2024020136,2024-10-27,20242025,2,DET,2,EDM,3
2024020137,2024-10-27,20242025,2,NJD,6,ANA,2
2024020138,2024-10-27,20242025,2,PHI,3,MTL,4
2024020139,2024-10-27,20242025,2,COL,5,OTT,4
2024020140,2024-10-28,20242025,2,BUF,2,FLA,5
2024020141,2024-10-28,20242025,2,TBL,3,NSH,2
2024020142,2024-10-28,20242025,2,CBJ,6,EDM,1
2024020143,2024-10-28,20242025,2,WPG,4,TOR,6
2024020144,2024-10-28,20242025,2,COL,2,CHI,5
2024020145,2024-10-28,20242025,2,UTA,4,SJS,5
2024020146,2024-10-28,20242025,2,VAN,3,CAR,4
2024020147,2024-10-28,20242025,2,VGK,5,CGY,0
2024020148,2024-10-29,20242025,2,BOS,0,PHI,2
2024020149,2024-10-29,20242025,2,MTL,2,SEA,8
2024020150,2024-10-29,20242025,2,OTT,8,STL,1
2024020151,2024-10-29,20242025,2,WSH,5,NYR,3
2024020152,2024-10-29,20242025,2,NYI,1,ANA,3
2024020153,2024-10-29,20242025,2,PIT,3,MIN,5
2024020154,2024-10-29,20242025,2,SJS,4,LAK,2
2024020155,2024-10-30,20242025,2,CBJ,2,NYI,0
2024020156,2024-10-30,20242025,2,DET,2,WPG,6
2024020157,2024-10-30,20242025,2,COL,2,TBL,5
2024020158,2024-10-30,20242025,2,UTA,5,CGY,1
2024020159,2024-10-30,20242025,2,VAN,0,NJD,6
2024020160,2024-10-30,20242025,2,LAK,6,VGK,3
2024020161,2024-10-31,20242025,2,TOR,4,SEA,1
2024020162,2024-10-31,20242025,2,PHI,2,STL,1
2024020163,2024-10-31,20242025,2,PIT,2,ANA,1
2024020164,2024-10-31,20242025,2,WSH,6,MTL,3
2024020165,2024-10-31,20242025,2,CAR,8,BOS,2
2024020166,2024-10-31,20242025,2,NSH,1,EDM,5
2024020167,2024-10-31,20242025,2,SJS,3,CHI,2
2024020168,2024-11-01,20242025,2,DAL,4,FLA,6
2024020169,2024-11-01,20242025,2,BUF,3,NYI,4
2024020170,2024-11-01,20242025,2,NYR,2,OTT,1
2024020171,2024-11-01,20242025,2,CBJ,2,WPG,6
2024020172,2024-11-01,20242025,2,MIN,5,TBL,3
2024020173,2024-11-01,20242025,2,CGY,3,NJD,0
2024020174,2024-11-02,20242025,2,FLA,4,DAL,2
2024020175,2024-11-02,20242025,2,PHI,0,BOS,3
2024020176,2024-11-02,20242025,2,LAK,3,CHI,4
2024020177,2024-11-02,20242025,2,WSH,7,CBJ,2
2024020178,2024-11-02,20242025,2,OTT,3,SEA,0
2024020179,2024-11-02,20242025,2,DET,2,BUF,1
2024020180,2024-11-02,20242025,2,PIT,3,MTL,1
2024020181,2024-11-02,20242025,2,STL,4,TOR,2
2024020182,2024-11-02,20242025,2,NSH,5,COL,2
2024020183,2024-11-02,20242025,2,VGK,4,UTA,3
2024020184,2024-11-02,20242025,2,SJS,2,VAN,3
2024020185,2024-11-03,20242025,2,NYR,5,NYI,2
2024020186,2024-11-03,20242025,2,WPG,7,TBL,4
2024020187,2024-11-03,20242025,2,BOS,2,SEA,0
2024020188,2024-11-03,20242025,2,CAR,4,WSH,2
2024020189,2024-11-03,20242025,2,MIN,2,TOR,1
2024020190,2024-11-03,20242025,2,CGY,2,EDM,4
2024020191,2024-11-03,20242025,2,ANA,2,CHI,4
2024020192,2024-11-04,20242025,2,NSH,0,LAK,3
2024020193,2024-11-04,20242025,2,EDM,0,NJD,3
2024020194,2024-11-05,20242025,2,BUF,5,OTT,1
2024020195,2024-11-05,20242025,2,TOR,4,BOS,0
2024020196,2024-11-05,20242025,2,MTL,2,CGY,3
2024020197,2024-11-05,20242025,2,CAR,6,PHI,4
2024020198,2024-11-05,20242025,2,NYI,4,PIT,3
2024020199,2024-11-05,20242025,2,STL,3,TBL,2
2024020200,2024-11-05,20242025,2,MIN,1,LAK,5
2024020201,2024-11-05,20242025,2,WPG,3,UTA,0
2024020202,2024-11-05,20242025,2,COL,6,SEA,3
2024020203,2024-11-05,20242025,2,ANA,1,VAN,5
2024020204,2024-11-05,20242025,2,SJS,2,CBJ,1
2024020205,2024-11-06,20242025,2,WSH,3,NSH,2
2024020206,2024-11-06,20242025,2,CHI,1,DET,4
2024020207,2024-11-06,20242025,2,EDM,2,VGK,4
2024020208,2024-11-07,20242025,2,BOS,4,CGY,3
2024020209,2024-11-07,20242025,2,OTT,2,NYI,4
2024020210,2024-11-07,20242025,2,TBL,1,PHI,2
2024020211,2024-11-07,20242025,2,FLA,6,NSH,2
2024020212,2024-11-07,20242025,2,NJD,5,MTL,3
2024020213,2024-11-07,20242025,2,NYR,1,BUF,6
2024020214,2024-11-07,20242025,2,CAR,5,PIT,1
2024020215,2024-11-07,20242025,2,STL,2,UTA,4
2024020216,2024-11-07,20242025,2,DAL,3,CHI,1
2024020217,2024-11-07,20242025,2,WPG,1,COL,0
2024020218,2024-11-07,20242025,2,LAK,2,VAN,4
2024020219,2024-11-07,20242025,2,SJS,2,MIN,5
2024020220,2024-11-08,20242025,2,TOR,3,DET,1
2024020221,2024-11-08,20242025,2,WSH,2,PIT,4
2024020222,2024-11-08,20242025,2,ANA,2,MIN,5
2024020223,2024-11-08,20242025,2,SEA,4,VGK,3
2024020224,2024-11-09,20242025,2,BUF,3,CGY,2
2024020225,2024-11-09,20242025,2,FLA,4,PHI,3
2024020226,2024-11-09,20242025,2,BOS,2,OTT,3
2024020227,2024-11-09,20242025,2,TOR,4,MTL,1
2024020228,2024-11-09,20242025,2,DET,0,NYR,4
2024020229,2024-11-09,20242025,2,STL,1,WSH,8
2024020230,2024-11-09,20242025,2,WPG,4,DAL,1
2024020231,2024-11-09,20242025,2,NYI,3,NJD,4
2024020232,2024-11-09,20242025,2,NSH,4,UTA,0
2024020233,2024-11-09,20242025,2,COL,6,CAR,4
2024020234,2024-11-09,20242025,2,LAK,5,CBJ,2
2024020235,2024-11-09,20242025,2,VAN,3,EDM,7
2024020236,2024-11-10,20242025,2,NJD,0,SJS,1
2024020237,2024-11-10,20242025,2,CHI,2,MIN,1
2024020238,2024-11-10,20242025,2,ANA,4,CBJ,2
2024020239,2024-11-11,20242025,2,BUF,5,MTL,7
2024020240,2024-11-11,20242025,2,PHI,4,SJS,3
2024020241,2024-11-11,20242025,2,PIT,1,DAL,7
2024020242,2024-11-11,20242025,2,CGY,3,LAK,1
2024020243,2024-11-11,20242025,2,COL,3,NSH,2
2024020244,2024-11-11,20242025,2,VGK,2,CAR,5
2024020245,2024-11-12,20242025,2,TOR,0,OTT,3
2024020246,2024-11-12,20242025,2,FLA,1,NJD,4
2024020247,2024-11-12,20242025,2,NYR,3,WPG,6
2024020248,2024-11-12,20242025,2,STL,2,BOS,3
2024020249,2024-11-12,20242025,2,EDM,4,NYI,3
2024020250,2024-11-12,20242025,2,VAN,3,CGY,1
2024020251,2024-11-12,20242025,2,SEA,5,CBJ,2
2024020252,2024-11-13,20242025,2,PIT,2,DET,3
2024020253,2024-11-13,20242025,2,WSH,3,TOR,4
2024020254,2024-11-13,20242025,2,UTA,4,CAR,1
2024020255,2024-11-13,20242025,2,COL,4,LAK,2
2024020256,2024-11-13,20242025,2,ANA,2,VGK,3
2024020257,2024-11-14,20242025,2,BUF,4,STL,3
2024020258,2024-11-14,20242025,2,OTT,4,PHI,5
2024020259,2024-11-14,20242025,2,TBL,4,WPG,1
2024020260,2024-11-14,20242025,2,FLA,2,NJD,6
2024020261,2024-11-14,20242025,2,NYR,3,SJS,2
2024020262,2024-11-14,20242025,2,DAL,7,BOS,2
2024020263,2024-11-14,20242025,2,MIN,3,MTL,0
2024020264,2024-11-14,20242025,2,EDM,3,NSH,2
2024020265,2024-11-14,20242025,2,VAN,2,NYI,5
2024020266,2024-11-14,20242025,2,SEA,3,CHI,1
2024020267,2024-11-15,20242025,2,CBJ,6,PIT,2
2024020268,2024-11-15,20242025,2,COL,2,WSH,5
2024020269,2024-11-15,20242025,2,CGY,2,NSH,0
2024020270,2024-11-15,20242025,2,UTA,2,VGK,4
2024020271,2024-11-15,20242025,2,ANA,6,DET,4
2024020272,2024-11-16,20242025,2,BOS,2,STL,3
2024020273,2024-11-16,20242025,2,SEA,3,NYI,2
2024020274,2024-11-16,20242025,2,TOR,4,EDM,3
2024020275,2024-11-16,20242025,2,MTL,5,CBJ,1
2024020276,2024-11-16,20242025,2,TBL,4,NJD,0
2024020277,2024-11-16,20242025,2,FLA,5,WPG,0
2024020278,2024-11-16,20242025,2,PHI,5,BUF,2
2024020279,2024-11-16,20242025,2,PIT,4,SJS,3
2024020280,2024-11-16,20242025,2,CAR,4,OTT,0
2024020281,2024-11-16,20242025,2,MIN,1,DAL,2
2024020282,2024-11-16,20242025,2,LAK,4,DET,1
2024020283,2024-11-16,20242025,2,VAN,4,CHI,1
2024020284,2024-11-17,20242025,2,CAR,4,STL,1
2024020285,2024-11-17,20242025,2,VAN,3,NSH,5
2024020286,2024-11-17,20242025,2,VGK,2,WSH,5
2024020287,2024-11-17,20242025,2,SEA,0,NYR,2
2024020288,2024-11-18,20242025,2,BOS,1,CBJ,5
2024020289,2024-11-18,20242025,2,PHI,2,COL,3
2024020290,2024-11-18,20242025,2,MTL,3,EDM,0
2024020291,2024-11-18,20242025,2,DAL,2,ANA,4
2024020292,2024-11-18,20242025,2,UTA,2,WSH,6
2024020293,2024-11-18,20242025,2,SJS,5,DET,4
2024020294,2024-11-19,20242025,2,OTT,2,EDM,5
2024020295,2024-11-19,20242025,2,PIT,2,TBL,3
2024020296,2024-11-19,20242025,2,STL,2,MIN,4
2024020297,2024-11-19,20242025,2,WPG,6,FLA,3
2024020298,2024-11-19,20242025,2,CHI,2,ANA,3
2024020299,2024-11-19,20242025,2,CGY,2,NYI,1
2024020300,2024-11-19,20242025,2,VAN,3,NYR,4
2024020301,2024-11-20,20242025,2,TOR,3,VGK,0
2024020302,2024-11-20,20242025,2,PHI,1,CAR,4
2024020303,2024-11-20,20242025,2,DAL,5,SJS,2
2024020304,2024-11-20,20242025,2,SEA,3,NSH,0
2024020305,2024-11-20,20242025,2,LAK,0,BUF,1
2024020306,2024-11-21,20242025,2,BOS,1,UTA,0
2024020307,2024-11-21,20242025,2,OTT,2,VGK,3
2024020308,2024-11-21,20242025,2,DET,2,NYI,1
2024020309,2024-11-21,20242025,2,NJD,4,CAR,2
2024020310,2024-11-21,20242025,2,WSH,1,COL,2
2024020311,2024-11-21,20242025,2,CBJ,7,TBL,6
2024020312,2024-11-21,20242025,2,STL,3,SJS,2
2024020313,2024-11-21,20242025,2,CHI,3,FLA,1
2024020314,2024-11-21,20242025,2,CGY,3,NYR,2
2024020315,2024-11-21,20242025,2,EDM,3,MIN,5
2024020316,2024-11-22,20242025,2,PIT,1,WPG,4
2024020317,2024-11-22,20242025,2,ANA,2,BUF,3
2024020318,2024-11-23,20242025,2,PHI,3,CHI,2
2024020319,2024-11-23,20242025,2,CGY,4,MIN,3
2024020320,2024-11-23,20242025,2,LAK,2,SEA,1
2024020321,2024-11-23,20242025,2,FLA,4,COL,7
2024020322,2024-11-23,20242025,2,MTL,2,VGK,6
2024020323,2024-11-23,20242025,2,OTT,3,VAN,4
2024020324,2024-11-23,20242025,2,DET,1,BOS,2
2024020325,2024-11-23,20242025,2,TBL,2,DAL,4
2024020326,2024-11-23,20242025,2,PIT,1,UTA,6
2024020327,2024-11-23,20242025,2,WSH,2,NJD,3
2024020328,2024-11-23,20242025,2,CBJ,5,CAR,4
2024020329,2024-11-23,20242025,2,NSH,4,WPG,1
2024020330,2024-11-23,20242025,2,NYI,3,STL,1
2024020331,2024-11-23,20242025,2,SJS,2,BUF,4
2024020332,2024-11-23,20242025,2,EDM,6,NYR,2
2024020333,2024-11-24,20242025,2,TOR,3,UTA,2
2024020334,2024-11-25,20242025,2,TBL,8,COL,2
2024020335,2024-11-25,20242025,2,FLA,1,WSH,4
2024020336,2024-11-25,20242025,2,NJD,5,NSH,2
2024020337,2024-11-25,20242025,2,NYR,2,STL,5
2024020338,2024-11-25,20242025,2,PHI,4,VGK,5
2024020339,2024-11-25,20242025,2,CAR,6,DAL,4
2024020340,2024-11-25,20242025,2,OTT,4,CGY,3
2024020341,2024-11-25,20242025,2,NYI,2,DET,4
2024020342,2024-11-25,20242025,2,MIN,1,WPG,4
2024020343,2024-11-25,20242025,2,ANA,2,SEA,3
2024020344,2024-11-25,20242025,2,SJS,7,LAK,2
2024020345,2024-11-26,20242025,2,BOS,0,VAN,2
2024020346,2024-11-26,20242025,2,MTL,2,UTA,3
2024020347,2024-11-27,20242025,2,BUF,0,MIN,1
2024020348,2024-11-27,20242025,2,NJD,0,STL,3
2024020349,2024-11-27,20242025,2,CAR,4,NYR,3
2024020350,2024-11-27,20242025,2,DET,2,CGY,1
2024020351,2024-11-27,20242025,2,TBL,4,WSH,5
2024020352,2024-11-27,20242025,2,FLA,5,TOR,1
2024020353,2024-11-27,20242025,2,NYI,3,BOS,6
2024020354,2024-11-27,20242025,2,PIT,5,VAN,4
2024020355,2024-11-27,20242025,2,CBJ,3,MTL,4
2024020356,2024-11-27,20242025,2,NSH,2,PHI,3
2024020357,2024-11-27,20242025,2,CHI,6,DAL,2
2024020358,2024-11-27,20242025,2,COL,2,VGK,1
2024020359,2024-11-27,20242025,2,LAK,4,WPG,1
2024020360,2024-11-27,20242025,2,SEA,2,ANA,5
2024020361,2024-11-27,20242025,2,SJS,3,OTT,4
2024020362,2024-11-29,20242025,2,PHI,3,NYR,1
2024020363,2024-11-29,20242025,2,MIN,3,CHI,2
2024020364,2024-11-29,20242025,2,BUF,3,VAN,4
2024020365,2024-11-29,20242025,2,DET,4,NJD,5
2024020366,2024-11-29,20242025,2,WSH,5,NYI,4
2024020367,2024-11-29,20242025,2,CAR,3,FLA,6
2024020368,2024-11-29,20242025,2,CBJ,5,CGY,2
2024020369,2024-11-29,20242025,2,NSH,2,TBL,3
2024020370,2024-11-29,20242025,2,ANA,1,LAK,2
2024020371,2024-11-29,20242025,2,SJS,8,SEA,5
2024020372,2024-11-29,20242025,2,BOS,1,PIT,2
2024020373,2024-11-29,20242025,2,DAL,5,COL,3
2024020374,2024-11-29,20242025,2,VGK,4,WPG,3
2024020375,2024-11-29,20242025,2,UTA,3,EDM,4
2024020376,2024-11-30,20242025,2,NYR,4,MTL,3
2024020377,2024-11-30,20242025,2,FLA,6,CAR,0
2024020378,2024-11-30,20242025,2,TBL,3,TOR,5
2024020379,2024-11-30,20242025,2,NJD,5,WSH,6
2024020380,2024-11-30,20242025,2,PIT,6,CGY,2
2024020381,2024-11-30,20242025,2,STL,2,PHI,3
2024020382,2024-11-30,20242025,2,LAK,5,OTT,2
2024020383,2024-11-30,20242025,2,NYI,3,BUF,0
2024020384,2024-11-30,20242025,2,MIN,3,NSH,2
2024020385,2024-11-30,20242025,2,COL,1,EDM,4
2024020386,2024-11-30,20242025,2,VGK,0,UTA,6
2024020387,2024-11-30,20242025,2,SEA,2,SJS,4
2024020388,2024-12-01,20242025,2,DET,4,VAN,5
2024020389,2024-12-01,20242025,2,BOS,6,MTL,3
2024020390,2024-12-01,20242025,2,CHI,3,CBJ,6
2024020391,2024-12-01,20242025,2,DAL,3,WPG,1
2024020392,2024-12-01,20242025,2,ANA,4,OTT,3
2024020393,2024-12-02,20242025,2,NYR,1,NJD,5
2024020394,2024-12-02,20242025,2,TOR,4,CHI,1
2024020395,2024-12-02,20242025,2,UTA,1,DAL,2
2024020396,2024-12-03,20242025,2,BOS,3,DET,2
2024020397,2024-12-03,20242025,2,BUF,4,COL,5
2024020398,2024-12-03,20242025,2,MTL,2,NYI,1
2024020399,2024-12-03,20242025,2,PIT,5,FLA,4
2024020400,2024-12-03,20242025,2,WSH,1,SJS,2
2024020401,2024-12-03,20242025,2,CAR,2,SEA,4
2024020402,2024-12-03,20242025,2,MIN,3,VAN,2
2024020403,2024-12-03,20242025,2,WPG,1,STL,4
2024020404,2024-12-03,20242025,2,CGY,3,CBJ,0
2024020405,2024-12-03,20242025,2,VGK,1,EDM,0
2024020406,2024-12-04,20242025,2,TOR,3,NSH,2
2024020407,2024-12-04,20242025,2,CHI,2,BOS,4
2024020408,2024-12-04,20242025,2,ANA,1,VGK,4
2024020409,2024-12-04,20242025,2,LAK,3,DAL,2
2024020410,2024-12-05,20242025,2,BUF,2,WPG,3
2024020411,2024-12-05,20242025,2,MTL,3,NSH,0
2024020412,2024-12-05,20242025,2,OTT,2,DET,1
2024020413,2024-12-05,20242025,2,TBL,8,SJS,1
2024020414,2024-12-05,20242025,2,PHI,5,FLA,7
2024020415,2024-12-05,20242025,2,CAR,5,COL,3
2024020416,2024-12-05,20242025,2,NYI,2,SEA,5
2024020417,2024-12-05,20242025,2,CGY,3,STL,4
2024020418,2024-12-05,20242025,2,EDM,6,CBJ,3
2024020419,2024-12-06,20242025,2,TOR,1,WSH,3
2024020420,2024-12-06,20242025,2,NJD,3,SEA,2
2024020421,2024-12-06,20242025,2,NYR,4,PIT,2
2024020422,2024-12-06,20242025,2,VAN,5,CBJ,2
2024020423,2024-12-06,20242025,2,VGK,3,DAL,2
2024020424,2024-12-06,20242025,2,ANA,1,MIN,5
2024020425,2024-12-07,20242025,2,BOS,4,PHI,3
2024020426,2024-12-07,20242025,2,BUF,2,UTA,5
2024020427,2024-12-07,20242025,2,CHI,2,WPG,4
2024020428,2024-12-07,20242025,2,NYI,4,CAR,3
2024020429,2024-12-07,20242025,2,FLA,3,SJS,1
2024020430,2024-12-07,20242025,2,MTL,2,WSH,4
2024020431,2024-12-07,20242025,2,OTT,3,NSH,1
2024020432,2024-12-07,20242025,2,DET,1,COL,2
2024020433,2024-12-07,20242025,2,PIT,5,TOR,2
2024020434,2024-12-07,20242025,2,LAK,4,MIN,1
2024020435,2024-12-07,20242025,2,EDM,4,STL,2
2024020436,2024-12-08,20242025,2,NYR,5,SEA,7
2024020437,2024-12-08,20242025,2,VAN,2,TBL,4
2024020438,2024-12-08,20242025,2,OTT,2,NYI,4
2024020439,2024-12-08,20242025,2,WPG,1,CBJ,4
2024020440,2024-12-08,20242025,2,NJD,0,COL,4
2024020441,2024-12-08,20242025,2,PHI,2,UTA,4
2024020442,2024-12-08,20242025,2,DAL,6,CGY,2
2024020443,2024-12-09,20242025,2,BUF,5,DET,6
2024020444,2024-12-09,20242025,2,NYR,1,CHI,2
2024020445,2024-12-09,20242025,2,MTL,3,ANA,2
2024020446,2024-12-10,20242025,2,NJD,1,TOR,2
2024020447,2024-12-10,20242025,2,PIT,2,COL,6
2024020448,2024-12-10,20242025,2,CAR,3,SJS,2
2024020449,2024-12-10,20242025,2,CBJ,3,PHI,5
2024020450,2024-12-10,20242025,2,NYI,1,LAK,3
2024020451,2024-12-10,20242025,2,NSH,3,CGY,4
2024020452,2024-12-10,20242025,2,WPG,8,BOS,1
2024020453,2024-12-10,20242025,2,EDM,2,TBL,1
2024020454,2024-12-10,20242025,2,UTA,4,MIN,5
2024020455,2024-12-10,20242025,2,VAN,3,STL,4
2024020456,2024-12-10,20242025,2,SEA,1,FLA,2
2024020457,2024-12-11,20242025,2,BUF,2,NYR,3
2024020458,2024-12-11,20242025,2,OTT,5,ANA,1
2024020459,2024-12-12,20242025,2,TOR,3,ANA,2
2024020460,2024-12-12,20242025,2,MTL,2,PIT,9
2024020461,2024-12-12,20242025,2,NJD,3,LAK,1
2024020462,2024-12-12,20242025,2,PHI,4,DET,1
2024020463,2024-12-12,20242025,2,CBJ,1,WSH,2
2024020464,2024-12-12,20242025,2,NYI,5,CHI,4
2024020465,2024-12-12,20242025,2,STL,3,SJS,4
2024020466,2024-12-12,20242025,2,DAL,1,NSH,4
2024020467,2024-12-12,20242025,2,MIN,1,EDM,7
2024020468,2024-12-12,20242025,2,WPG,2,VGK,3
2024020469,2024-12-12,20242025,2,COL,1,UTA,4
2024020470,2024-12-12,20242025,2,CGY,3,TBL,8
2024020471,2024-12-12,20242025,2,VAN,4,FLA,0
2024020472,2024-12-12,20242025,2,SEA,5,BOS,1
2024020473,2024-12-13,20242025,2,CAR,0,OTT,3
2024020474,2024-12-14,20242025,2,NJD,4,CHI,1
2024020475,2024-12-14,20242025,2,NYR,1,LAK,5
2024020476,2024-12-14,20242025,2,MIN,4,PHI,1
2024020477,2024-12-14,20242025,2,EDM,6,VGK,3
2024020478,2024-12-14,20242025,2,OTT,3,PIT,2
2024020479,2024-12-14,20242025,2,DET,4,TOR,2
2024020480,2024-12-14,20242025,2,WSH,4,BUF,2
2024020481,2024-12-14,20242025,2,CBJ,3,ANA,4
2024020482,2024-12-14,20242025,2,WPG,4,MTL,2
2024020483,2024-12-14,20242025,2,DAL,2,STL,1
2024020484,2024-12-14,20242025,2,COL,5,NSH,2
2024020485,2024-12-14,20242025,2,CGY,3,FLA,0
2024020486,2024-12-14,20242025,2,VAN,1,BOS,5
2024020487,2024-12-14,20242025,2,SJS,3,UTA,4
2024020488,2024-12-14,20242025,2,SEA,1,TBL,5
2024020489,2024-12-15,20242025,2,CHI,5,NYI,3
2024020490,2024-12-15,20242025,2,TOR,5,BUF,3
2024020491,2024-12-15,20242025,2,CAR,4,CBJ,1
2024020492,2024-12-15,20242025,2,STL,3,NYR,2
2024020493,2024-12-15,20242025,2,MIN,2,VGK,3
2024020494,2024-12-16,20242025,2,DAL,3,WSH,1
2024020495,2024-12-16,20242025,2,EDM,5,FLA,6
2024020496,2024-12-16,20242025,2,VAN,3,COL,1
2024020497,2024-12-17,20242025,2,MTL,6,BUF,1
2024020498,2024-12-17,20242025,2,TBL,5,CBJ,3
2024020499,2024-12-17,20242025,2,PIT,3,LAK,2
2024020500,2024-12-17,20242025,2,CAR,4,NYI,0
2024020501,2024-12-17,20242025,2,STL,1,NJD,4
2024020502,2024-12-17,20242025,2,NSH,2,NYR,0
2024020503,2024-12-17,20242025,2,CHI,3,WSH,2
2024020504,2024-12-17,20242025,2,CGY,3,BOS,4
2024020505,2024-12-17,20242025,2,SEA,0,OTT,3
2024020506,2024-12-17,20242025,2,SJS,3,WPG,4
2024020507,2024-12-18,20242025,2,DET,6,PHI,4
2024020508,2024-12-18,20242025,2,DAL,3,TOR,5
2024020509,2024-12-18,20242025,2,MIN,1,FLA,6
2024020510,2024-12-18,20242025,2,UTA,3,VAN,2
2024020511,2024-12-18,20242025,2,ANA,3,WPG,2
2024020512,2024-12-19,20242025,2,TBL,3,STL,1
2024020513,2024-12-19,20242025,2,PHI,3,LAK,7
2024020514,2024-12-19,20242025,2,CBJ,4,NJD,2
2024020515,2024-12-19,20242025,2,NSH,4,PIT,5
2024020516,2024-12-19,20242025,2,CHI,3,SEA,1
2024020517,2024-12-19,20242025,2,CGY,2,OTT,3
2024020518,2024-12-19,20242025,2,EDM,3,BOS,2
2024020519,2024-12-19,20242025,2,VGK,3,VAN,1
2024020520,2024-12-19,20242025,2,SJS,2,COL,4
2024020521,2024-12-20,20242025,2,BUF,3,TOR,6
2024020522,2024-12-20,20242025,2,DET,3,MTL,4
2024020523,2024-12-20,20242025,2,FLA,2,STL,1
2024020524,2024-12-20,20242025,2,WSH,3,CAR,1
2024020525,2024-12-20,20242025,2,DAL,1,NYR,3
2024020526,2024-12-20,20242025,2,MIN,1,UTA,2
2024020527,2024-12-20,20242025,2,ANA,2,COL,4
2024020528,2024-12-21,20242025,2,NSH,3,LAK,2
2024020529,2024-12-21,20242025,2,CGY,6,CHI,4
2024020530,2024-12-21,20242025,2,EDM,3,SJS,2
2024020531,2024-12-21,20242025,2,BOS,3,BUF,1
2024020532,2024-12-21,20242025,2,TOR,3,NYI,6
2024020533,2024-12-21,20242025,2,MTL,5,DET,1
2024020534,2024-12-21,20242025,2,NJD,3,PIT,0
2024020535,2024-12-21,20242025,2,PHI,5,CBJ,4
2024020536,2024-12-21,20242025,2,WPG,5,MIN,0
2024020537,2024-12-21,20242025,2,VAN,4,OTT,5
2024020538,2024-12-21,20242025,2,VGK,6,SEA,2
2024020539,2024-12-22,20242025,2,NYR,1,CAR,3
2024020540,2024-12-22,20242025,2,TBL,2,FLA,4
2024020541,2024-12-22,20242025,2,WSH,3,LAK,1
2024020542,2024-12-22,20242025,2,UTA,4,ANA,5
2024020543,2024-12-22,20242025,2,COL,5,SEA,2
2024020544,2024-12-22,20242025,2,EDM,3,OTT,1
2024020545,2024-12-23,20242025,2,NJD,5,NYR,0
2024020546,2024-12-23,20242025,2,TOR,2,WPG,5
2024020547,2024-12-23,20242025,2,BOS,4,WSH,1
2024020548,2024-12-23,20242025,2,DET,0,STL,4
2024020549,2024-12-23,20242025,2,FLA,0,TBL,4
2024020550,2024-12-23,20242025,2,PIT,7,PHI,3
2024020551,2024-12-23,20242025,2,CBJ,5,MTL,4
2024020552,2024-12-23,20242025,2,NYI,1,BUF,7
2024020553,2024-12-23,20242025,2,NSH,5,CAR,2
2024020554,2024-12-23,20242025,2,MIN,4,CHI,3
2024020555,2024-12-23,20242025,2,VAN,4,SJS,3
2024020556,2024-12-23,20242025,2,UTA,2,DAL,3
2024020557,2024-12-23,20242025,2,VGK,3,ANA,1
2024020558,2024-12-27,20242025,2,BUF,6,CHI,2
2024020559,2024-12-27,20242025,2,DET,2,TOR,5
2024020560,2024-12-27,20242025,2,NJD,4,CAR,2
2024020561,2024-12-27,20242025,2,CBJ,6,BOS,2
2024020562,2024-12-27,20242025,2,STL,7,NSH,4
2024020563,2024-12-27,20242025,2,DAL,2,MIN,3
2024020564,2024-12-27,20242025,2,UTA,1,COL,4
2024020565,2024-12-27,20242025,2,SJS,3,VGK,6
2024020566,2024-12-28,20242025,2,FLA,0,MTL,4
2024020567,2024-12-28,20242025,2,VAN,4,SEA,5
2024020568,2024-12-28,20242025,2,ANA,1,PHI,3
2024020569,2024-12-28,20242025,2,LAK,4,EDM,3
2024020570,2024-12-28,20242025,2,BOS,4,CBJ,0
2024020571,2024-12-28,20242025,2,TOR,2,WSH,5
2024020572,2024-12-28,20242025,2,TBL,6,NYR,2
2024020573,2024-12-28,20242025,2,CAR,5,NJD,2
2024020574,2024-12-28,20242025,2,WPG,4,OTT,2
2024020575,2024-12-28,20242025,2,NYI,6,PIT,3
2024020576,2024-12-28,20242025,2,SJS,1,CGY,3
2024020577,2024-12-29,20242025,2,CHI,1,DAL,5
2024020578,2024-12-29,20242025,2,ANA,5,EDM,3
2024020579,2024-12-29,20242025,2,DET,4,WSH,2
2024020580,2024-12-29,20242025,2,TBL,2,MTL,5
2024020581,2024-12-29,20242025,2,PIT,3,NYI,2
2024020582,2024-12-29,20242025,2,STL,2,BUF,4
2024020583,2024-12-29,20242025,2,MIN,1,OTT,3
2024020584,2024-12-29,20242025,2,VGK,3,CGY,0
2024020585,2024-12-29,20242025,2,LAK,5,PHI,4
2024020586,2024-12-30,20242025,2,FLA,5,NYR,3
2024020587,2024-12-30,20242025,2,WPG,3,NSH,0
2024020588,2024-12-30,20242025,2,SEA,5,UTA,2
2024020589,2024-12-31,20242025,2,WSH,3,BOS,1
2024020590,2024-12-31,20242025,2,TOR,3,NYI,1
2024020591,2024-12-31,20242025,2,VGK,2,MTL,3
2024020592,2024-12-31,20242025,2,CHI,2,STL,6
2024020593,2024-12-31,20242025,2,DET,4,PIT,2
2024020594,2024-12-31,20242025,2,CBJ,4,CAR,3
2024020595,2024-12-31,20242025,2,DAL,4,BUF,2
2024020596,2024-12-31,20242025,2,MIN,5,NSH,3
2024020597,2024-12-31,20242025,2,COL,5,WPG,2
2024020598,2024-12-31,20242025,2,ANA,3,NJD,2
2024020599,2024-12-31,20242025,2,SJS,0,PHI,4
2024020600,2024-12-31,20242025,2,CGY,3,VAN,1
2024020601,2024-12-31,20242025,2,EDM,4,UTA,1
2024020602,2025-01-01,20242025,2,LAK,3,NJD,0
2024020603,2025-01-02,20242025,2,FLA,1,CAR,3
2024020604,2025-01-02,20242025,2,NYR,2,BOS,1
2024020605,2025-01-02,20242025,2,WSH,3,MIN,4
2024020606,2025-01-02,20242025,2,CBJ,4,DET,5
2024020607,2025-01-02,20242025,2,NYI,1,TOR,2
2024020608,2025-01-02,20242025,2,DAL,4,OTT,2
2024020609,2025-01-02,20242025,2,WPG,3,ANA,4
2024020610,2025-01-02,20242025,2,COL,6,BUF,5
2024020611,2025-01-02,20242025,2,CGY,3,UTA,5
2024020612,2025-01-02,20242025,2,VGK,5,PHI,2
2024020613,2025-01-02,20242025,2,SEA,3,VAN,4
2024020614,2025-01-02,20242025,2,SJS,2,TBL,1
2024020615,2025-01-03,20242025,2,FLA,3,PIT,2
2024020616,2025-01-03,20242025,2,CHI,4,MTL,2
2024020617,2025-01-03,20242025,2,STL,4,OTT,0
2024020618,2025-01-03,20242025,2,EDM,3,ANA,2
2024020619,2025-01-03,20242025,2,VAN,0,NSH,3
2024020620,2025-01-04,20242025,2,WSH,7,NYR,4
2024020621,2025-01-04,20242025,2,WPG,2,DET,4
2024020622,2025-01-04,20242025,2,SJS,3,NJD,2
2024020623,2025-01-04,20242025,2,TOR,6,BOS,4
2024020624,2025-01-04,20242025,2,CAR,0,MIN,4
2024020625,2025-01-04,20242025,2,CBJ,6,STL,4
2024020626,2025-01-04,20242025,2,COL,1,MTL,2
2024020627,2025-01-04,20242025,2,CGY,1,NSH,4
2024020628,2025-01-04,20242025,2,DAL,3,UTA,2
2024020629,2025-01-04,20242025,2,LAK,2,TBL,1
2024020630,2025-01-04,20242025,2,VGK,3,BUF,1
2024020631,2025-01-04,20242025,2,SEA,2,EDM,4
2024020632,2025-01-05,20242025,2,CHI,2,NYR,6
2024020633,2025-01-05,20242025,2,BOS,4,NYI,5
2024020634,2025-01-05,20242025,2,CAR,4,PIT,3
2024020635,2025-01-05,20242025,2,TOR,3,PHI,2
2024020636,2025-01-05,20242025,2,ANA,4,TBL,1
2024020637,2025-01-06,20242025,2,BUF,4,WSH,3
2024020638,2025-01-06,20242025,2,MTL,5,VAN,4
2024020639,2025-01-06,20242025,2,COL,3,FLA,1
2024020640,2025-01-06,20242025,2,SEA,2,NJD,3
2024020029,2025-01-07,20242025,2,TBL,3,CAR,2
2024020641,2025-01-07,20242025,2,BOS,0,EDM,4
2024020642,2025-01-07,20242025,2,DET,3,OTT,2
2024020643,2025-01-07,20242025,2,NYR,4,DAL,5
2024020644,2025-01-07,20242025,2,PHI,2,TOR,3
2024020645,2025-01-07,20242025,2,PIT,3,CBJ,4
2024020646,2025-01-07,20242025,2,MIN,6,STL,4
2024020647,2025-01-07,20242025,2,WPG,5,NSH,2
2024020648,2025-01-07,20242025,2,ANA,2,CGY,3
2024020649,2025-01-07,20242025,2,SJS,2,VGK,4
2024020650,2025-01-08,20242025,2,WSH,2,VAN,1
2024020651,2025-01-08,20242025,2,CHI,3,COL,1
2024020652,2025-01-08,20242025,2,UTA,1,FLA,4
2024020654,2025-01-09,20242025,2,OTT,0,BUF,4
2024020655,2025-01-09,20242025,2,TBL,4,BOS,1
2024020656,2025-01-09,20242025,2,NYR,3,NJD,2
2024020657,2025-01-09,20242025,2,PHI,1,DAL,4
2024020658,2025-01-09,20242025,2,PIT,5,EDM,3
2024020659,2025-01-09,20242025,2,CAR,6,TOR,3
2024020660,2025-01-09,20242025,2,CBJ,6,SEA,2
2024020661,2025-01-09,20242025,2,STL,6,ANA,2
2024020662,2025-01-09,20242025,2,MIN,1,COL,6
2024020663,2025-01-09,20242025,2,VGK,0,NYI,4
2024020664,2025-01-10,20242025,2,DET,5,CHI,3
2024020665,2025-01-10,20242025,2,WSH,2,MTL,3
2024020666,2025-01-10,20242025,2,CAR,2,VAN,0
2024020667,2025-01-10,20242025,2,WPG,1,LAK,2
2024020668,2025-01-10,20242025,2,UTA,2,SJS,1
2024020669,2025-01-11,20242025,2,FLA,3,BOS,4
2024020670,2025-01-11,20242025,2,BUF,2,SEA,6
2024020671,2025-01-11,20242025,2,PIT,0,OTT,5
2024020672,2025-01-11,20242025,2,TOR,0,VAN,3
2024020673,2025-01-11,20242025,2,MTL,1,DAL,2
2024020674,2025-01-11,20242025,2,NJD,3,TBL,2
2024020675,2025-01-11,20242025,2,PHI,6,ANA,0
2024020676,2025-01-11,20242025,2,CHI,3,EDM,4
2024020677,2025-01-11,20242025,2,STL,1,CBJ,2
2024020678,2025-01-11,20242025,2,WPG,3,COL,0
2024020679,2025-01-11,20242025,2,NSH,1,WSH,4
2024020680,2025-01-11,20242025,2,UTA,1,NYI,2
2024020681,2025-01-11,20242025,2,CGY,2,LAK,1
2024020682,2025-01-11,20242025,2,VGK,1,NYR,2
2024020683,2025-01-11,20242025,2,SJS,1,MIN,3
2024020684,2025-01-12,20242025,2,DET,6,SEA,2
2024020685,2025-01-12,20242025,2,OTT,3,DAL,2
2024020686,2025-01-12,20242025,2,PIT,2,TBL,5
2024020687,2025-01-12,20242025,2,CAR,2,ANA,3
2024020688,2025-01-12,20242025,2,VGK,4,MIN,1
2024020689,2025-01-13,20242025,2,PHI,4,FLA,3
2024020690,2025-01-13,20242025,2,CHI,2,CGY,5
2024020691,2025-01-13,20242025,2,EDM,1,LAK,0
2024020692,2025-01-14,20242025,2,BOS,6,TBL,2
2024020693,2025-01-14,20242025,2,TOR,1,DAL,4
2024020694,2025-01-14,20242025,2,DET,3,SJS,6
2024020695,2025-01-14,20242025,2,NJD,1,FLA,2
2024020696,2025-01-14,20242025,2,PIT,2,SEA,4
2024020697,2025-01-14,20242025,2,WSH,3,ANA,0
2024020698,2025-01-14,20242025,2,CBJ,3,PHI,2
2024020699,2025-01-14,20242025,2,NYI,0,OTT,2
2024020700,2025-01-14,20242025,2,STL,2,CGY,1
2024020701,2025-01-14,20242025,2,NSH,5,VGK,3
2024020702,2025-01-14,20242025,2,WPG,6,VAN,1
2024020703,2025-01-14,20242025,2,COL,3,NYR,2
2024020704,2025-01-14,20242025,2,UTA,3,MTL,5
2024020705,2025-01-15,20242025,2,BUF,4,CAR,2
2024020706,2025-01-15,20242025,2,MIN,3,EDM,5
2024020707,2025-01-16,20242025,2,TOR,4,NJD,3
2024020708,2025-01-16,20242025,2,OTT,0,WSH,1
2024020709,2025-01-16,20242025,2,TBL,4,ANA,3
2024020710,2025-01-16,20242025,2,FLA,2,DET,5
2024020711,2025-01-16,20242025,2,CBJ,4,SJS,1
2024020712,2025-01-16,20242025,2,NYI,3,PHI,5
2024020713,2025-01-16,20242025,2,STL,4,CGY,1
2024020714,2025-01-16,20242025,2,NSH,3,CHI,2
2024020715,2025-01-16,20242025,2,DAL,1,MTL,3
2024020716,2025-01-16,20242025,2,WPG,2,SEA,1
2024020717,2025-01-16,20242025,2,UTA,3,NYR,5
2024020718,2025-01-16,20242025,2,COL,3,EDM,4
2024020719,2025-01-16,20242025,2,VAN,1,LAK,5
2024020720,2025-01-17,20242025,2,BUF,2,PIT,5
2024020721,2025-01-17,20242025,2,CAR,3,VGK,2
2024020722,2025-01-18,20242025,2,NJD,1,PHI,3
2024020723,2025-01-18,20242025,2,OTT,6,BOS,5
2024020724,2025-01-18,20242025,2,COL,6,DAL,3
2024020725,2025-01-18,20242025,2,FLA,3,ANA,0
2024020726,2025-01-18,20242025,2,MTL,3,TOR,7
2024020727,2025-01-18,20242025,2,TBL,5,DET,1
2024020728,2025-01-18,20242025,2,NYR,1,CBJ,0
2024020729,2025-01-18,20242025,2,WSH,4,PIT,1
2024020730,2025-01-18,20242025,2,WPG,1,CGY,3
2024020731,2025-01-18,20242025,2,NYI,4,SJS,1
2024020732,2025-01-18,20242025,2,CHI,5,VGK,3
2024020733,2025-01-18,20242025,2,NSH,6,MIN,2
2024020734,2025-01-18,20242025,2,UTA,4,STL,2
2024020735,2025-01-18,20242025,2,VAN,3,EDM,2
2024020736,2025-01-18,20242025,2,SEA,4,LAK,2
2024020737,2025-01-19,20242025,2,NJD,1,OTT,2
2024020738,2025-01-19,20242025,2,MTL,5,NYR,4
2024020739,2025-01-19,20242025,2,DAL,4,DET,1
2024020740,2025-01-20,20242025,2,BOS,6,SJS,3
2024020741,2025-01-20,20242025,2,COL,1,MIN,3
2024020742,2025-01-20,20242025,2,SEA,6,BUF,4
2024020743,2025-01-20,20242025,2,VGK,4,STL,5
2024020744,2025-01-20,20242025,2,TOR,5,TBL,3
2024020745,2025-01-20,20242025,2,NYI,3,CBJ,1
2024020746,2025-01-20,20242025,2,CHI,3,CAR,4
2024020747,2025-01-20,20242025,2,UTA,5,WPG,2
2024020748,2025-01-20,20242025,2,LAK,1,PIT,5
2024020749,2025-01-21,20242025,2,MTL,3,TBL,2
2024020750,2025-01-21,20242025,2,NYR,5,OTT,0
2024020751,2025-01-21,20242025,2,PHI,2,DET,1
2024020752,2025-01-21,20242025,2,NSH,7,SJS,5
2024020753,2025-01-21,20242025,2,DAL,1,CAR,2
2024020754,2025-01-21,20242025,2,EDM,2,WSH,3
2024020755,2025-01-21,20242025,2,VAN,2,BUF,3
2024020756,2025-01-21,20242025,2,ANA,2,FLA,5
2024020757,2025-01-22,20242025,2,TOR,1,CBJ,5
2024020758,2025-01-22,20242025,2,NJD,5,BOS,1
2024020759,2025-01-22,20242025,2,COL,2,WPG,3
2024020760,2025-01-22,20242025,2,LAK,2,FLA,1
2024020761,2025-01-23,20242025,2,BOS,2,OTT,0
2024020762,2025-01-23,20242025,2,DET,4,MTL,2
2024020763,2025-01-23,20242025,2,NYR,6,PHI,1
2024020764,2025-01-23,20242025,2,CAR,7,CBJ,4
2024020765,2025-01-23,20242025,2,STL,2,VGK,4
2024020766,2025-01-23,20242025,2,MIN,0,UTA,4
2024020767,2025-01-23,20242025,2,CGY,5,BUF,2
2024020768,2025-01-23,20242025,2,EDM,6,VAN,2
2024020769,2025-01-23,20242025,2,ANA,5,PIT,1
2024020770,2025-01-23,20242025,2,SEA,0,WSH,3
2024020771,2025-01-23,20242025,2,SJS,5,NSH,6
2024020772,2025-01-24,20242025,2,NYI,3,PHI,1
2024020773,2025-01-24,20242025,2,CHI,3,TBL,4
2024020774,2025-01-24,20242025,2,DAL,4,VGK,3
2024020775,2025-01-24,20242025,2,WPG,5,UTA,2
2024020776,2025-01-25,20242025,2,BOS,3,COL,1
2024020777,2025-01-25,20242025,2,EDM,3,BUF,2
2024020778,2025-01-25,20242025,2,SEA,4,PIT,1
2024020779,2025-01-25,20242025,2,MTL,3,NJD,4
2024020780,2025-01-25,20242025,2,OTT,2,TOR,1
2024020781,2025-01-25,20242025,2,DET,2,TBL,0
2024020782,2025-01-25,20242025,2,CBJ,3,LAK,2
2024020783,2025-01-25,20242025,2,STL,0,DAL,2
2024020784,2025-01-25,20242025,2,MIN,4,CGY,5
2024020785,2025-01-25,20242025,2,NYI,3,CAR,2
2024020786,2025-01-25,20242025,2,VAN,2,WSH,1
2024020787,2025-01-25,20242025,2,ANA,5,NSH,2
2024020788,2025-01-25,20242025,2,SJS,2,FLA,7
2024020789,2025-01-26,20242025,2,NYR,4,COL,5
2024020790,2025-01-26,20242025,2,OTT,3,UTA,1
2024020791,2025-01-26,20242025,2,WPG,5,CGY,2
2024020792,2025-01-26,20242025,2,CHI,2,MIN,4
2024020793,2025-01-26,20242025,2,VGK,4,FLA,1
2024020794,2025-01-27,20242025,2,DET,5,LAK,2
2024020795,2025-01-27,20242025,2,PHI,4,NJD,2
2024020796,2025-01-27,20242025,2,STL,2,VAN,5
2024020797,2025-01-27,20242025,2,EDM,4,SEA,2
2024020798,2025-01-27,20242025,2,SJS,2,PIT,1
2024020799,2025-01-28,20242025,2,BUF,7,BOS,2
2024020800,2025-01-28,20242025,2,MTL,1,WPG,4
2024020801,2025-01-28,20242025,2,TBL,1,CHI,4
2024020802,2025-01-28,20242025,2,NYR,0,CAR,4
2024020803,2025-01-28,20242025,2,NYI,5,COL,2
2024020804,2025-01-28,20242025,2,CGY,1,WSH,3
2024020805,2025-01-28,20242025,2,VGK,3,DAL,4
2024020806,2025-01-28,20242025,2,SEA,4,ANA,6
2024020807,2025-01-29,20242025,2,TOR,1,MIN,3
2024020808,2025-01-29,20242025,2,FLA,3,LAK,0
2024020809,2025-01-29,20242025,2,NJD,5,PHI,0
2024020810,2025-01-29,20242025,2,NSH,1,VAN,3
2024020811,2025-01-29,20242025,2,UTA,2,PIT,3
2024020812,2025-01-30,20242025,2,BOS,2,WPG,6
2024020813,2025-01-30,20242025,2,MTL,0,MIN,4
2024020814,2025-01-30,20242025,2,OTT,5,WSH,4
2024020815,2025-01-30,20242025,2,TBL,3,LAK,0
2024020816,2025-01-30,20242025,2,PHI,0,NYI,3
2024020817,2025-01-30,20242025,2,CAR,3,CHI,2
2024020818,2025-01-30,20242025,2,CGY,4,ANA,1
2024020819,2025-01-30,20242025,2,EDM,2,DET,3
2024020820,2025-01-30,20242025,2,VGK,1,CBJ,2
2024020821,2025-01-30,20242025,2,SEA,6,SJS,2
2024020822,2025-01-31,20242025,2,BUF,4,NSH,3
2024020823,2025-01-31,20242025,2,DAL,5,VAN,3
2024020824,2025-01-31,20242025,2,COL,5,STL,0
2024020825,2025-01-31,20242025,2,UTA,2,CBJ,3
2024020826,2025-02-01,20242025,2,FLA,5,CHI,1
2024020827,2025-02-01,20242025,2,BOS,6,NYR,3
2024020828,2025-02-01,20242025,2,OTT,6,MIN,0
2024020829,2025-02-01,20242025,2,TBL,2,NYI,3
2024020830,2025-02-01,20242025,2,PIT,3,NSH,0
2024020831,2025-02-01,20242025,2,WSH,4,WPG,5
2024020832,2025-02-01,20242025,2,CAR,2,LAK,4
2024020833,2025-02-01,20242025,2,EDM,3,TOR,4
2024020834,2025-02-01,20242025,2,CGY,1,DET,3
2024020835,2025-02-02,20242025,2,BUF,4,NJD,3
2024020836,2025-02-02,20242025,2,COL,2,PHI,0
2024020837,2025-02-02,20242025,2,ANA,3,MTL,2
2024020838,2025-02-02,20242025,2,FLA,6,NYI,3
2024020839,2025-02-02,20242025,2,NYR,4,VGK,2
2024020840,2025-02-02,20242025,2,DAL,5,CBJ,3
2024020841,2025-02-02,20242025,2,UTA,1,STL,2
2024020842,2025-02-02,20242025,2,VAN,2,DET,3
2024020843,2025-02-02,20242025,2,SEA,2,CGY,3
2024020844,2025-02-03,20242025,2,NSH,2,OTT,5
2024020845,2025-02-04,20242025,2,BOS,3,MIN,0
2024020846,2025-02-04,20242025,2,BUF,3,CBJ,2
2024020847,2025-02-04,20242025,2,TBL,4,OTT,3
2024020848,2025-02-04,20242025,2,PIT,2,NJD,3
2024020849,2025-02-04,20242025,2,WSH,6,FLA,3
2024020850,2025-02-04,20242025,2,NYI,2,VGK,1
2024020851,2025-02-04,20242025,2,STL,2,EDM,3
2024020852,2025-02-04,20242025,2,WPG,3,CAR,0
2024020853,2025-02-04,20242025,2,CGY,3,TOR,6
2024020854,2025-02-04,20242025,2,UTA,3,PHI,2
2024020855,2025-02-04,20242025,2,VAN,3,COL,0
2024020856,2025-02-04,20242025,2,ANA,2,DAL,1
2024020857,2025-02-04,20242025,2,SEA,4,DET,5
2024020858,2025-02-04,20242025,2,SJS,3,MTL,4
2024020859,2025-02-05,20242025,2,NYR,3,BOS,2
2024020860,2025-02-05,20242025,2,CHI,3,EDM,4
2024020861,2025-02-05,20242025,2,LAK,6,MTL,3
2024020862,2025-02-06,20242025,2,TBL,5,OTT,1
2024020863,2025-02-06,20242025,2,NJD,1,VGK,3
2024020864,2025-02-06,20242025,2,PHI,3,WSH,4
2024020865,2025-02-06,20242025,2,CBJ,2,UTA,3
2024020866,2025-02-06,20242025,2,STL,2,FLA,3
2024020867,2025-02-06,20242025,2,MIN,2,CAR,1
2024020868,2025-02-06,20242025,2,CGY,2,COL,4
2024020869,2025-02-06,20242025,2,SEA,1,TOR,3
2024020870,2025-02-06,20242025,2,SJS,1,VAN,2
2024020871,2025-02-07,20242025,2,NYR,2,PIT,3
2024020872,2025-02-07,20242025,2,WPG,4,NYI,3
2024020873,2025-02-07,20242025,2,CHI,6,NSH,2
2024020874,2025-02-07,20242025,2,EDM,4,COL,5
2024020875,2025-02-07,20242025,2,LAK,5,DAL,4
2024020876,2025-02-08,20242025,2,MTL,0,NJD,4
2024020877,2025-02-08,20242025,2,DET,3,TBL,6
2024020878,2025-02-08,20242025,2,CAR,7,UTA,3
2024020879,2025-02-08,20242025,2,BOS,3,VGK,4
2024020880,2025-02-08,20242025,2,FLA,5,OTT,1
2024020881,2025-02-08,20242025,2,PHI,3,PIT,2
2024020882,2025-02-08,20242025,2,CBJ,3,NYR,4
2024020883,2025-02-08,20242025,2,STL,6,CHI,5
2024020884,2025-02-08,20242025,2,VAN,2,TOR,1
2024020885,2025-02-08,20242025,2,NSH,6,BUF,4
2024020886,2025-02-08,20242025,2,MIN,6,NYI,3
2024020887,2025-02-08,20242025,2,CGY,2,SEA,3
2024020888,2025-02-08,20242025,2,LAK,1,ANA,2
2024020889,2025-02-08,20242025,2,SJS,3,DAL,8
2024020890,2025-02-09,20242025,2,WSH,4,UTA,5
2024020891,2025-02-09,20242025,2,MTL,3,TBL,5
2024020892,2025-02-22,20242025,2,PHI,6,EDM,3
2024020893,2025-02-22,20242025,2,PIT,3,WSH,8
2024020894,2025-02-22,20242025,2,DET,3,MIN,4
2024020895,2025-02-22,20242025,2,BUF,8,NYR,2
2024020896,2025-02-22,20242025,2,FLA,1,SEA,2
2024020897,2025-02-22,20242025,2,NJD,2,DAL,4
2024020898,2025-02-22,20242025,2,NSH,2,COL,1
2024020899,2025-02-22,20242025,2,BOS,2,ANA,3
2024020900,2025-02-22,20242025,2,TOR,6,CAR,3
2024020901,2025-02-22,20242025,2,OTT,2,MTL,5
2024020902,2025-02-22,20242025,2,CBJ,5,CHI,1
2024020903,2025-02-22,20242025,2,STL,3,WPG,4
2024020904,2025-02-22,20242025,2,LAK,5,UTA,3
2024020905,2025-02-22,20242025,2,VGK,3,VAN,1
2024020906,2025-02-23,20242025,2,WSH,7,EDM,3
2024020907,2025-02-23,20242025,2,PIT,3,NYR,5
2024020908,2025-02-23,20242025,2,DET,5,ANA,4
2024020909,2025-02-23,20242025,2,TBL,4,SEA,1
2024020910,2025-02-23,20242025,2,STL,3,COL,1
2024020911,2025-02-23,20242025,2,NSH,0,NJD,5
2024020912,2025-02-23,20242025,2,CHI,2,TOR,5
2024020913,2025-02-23,20242025,2,NYI,3,DAL,4
2024020914,2025-02-23,20242025,2,CGY,3,SJS,2
2024020915,2025-02-23,20242025,2,UTA,2,VAN,1
2024020916,2025-02-24,20242025,2,WPG,2,SJS,1
2024020917,2025-02-24,20242025,2,LAK,5,VGK,2
2024020918,2025-02-25,20242025,2,BOS,4,TOR,5
2024020919,2025-02-25,20242025,2,BUF,3,ANA,2
2024020920,2025-02-25,20242025,2,MTL,4,CAR,0
2024020921,2025-02-25,20242025,2,TBL,4,EDM,1
2024020922,2025-02-25,20242025,2,PHI,6,PIT,1
2024020923,2025-02-25,20242025,2,WSH,1,CGY,3
2024020924,2025-02-25,20242025,2,CBJ,6,DAL,4
2024020925,2025-02-25,20242025,2,NYI,1,NYR,5
2024020926,2025-02-25,20242025,2,STL,7,SEA,2
2024020927,2025-02-25,20242025,2,NSH,1,FLA,4
2024020928,2025-02-25,20242025,2,MIN,2,DET,3
2024020929,2025-02-25,20242025,2,UTA,2,CHI,1
2024020930,2025-02-26,20242025,2,OTT,1,WPG,4
2024020931,2025-02-26,20242025,2,COL,5,NJD,1
2024020932,2025-02-26,20242025,2,LAK,2,VAN,3
2024020933,2025-02-27,20242025,2,BOS,1,NYI,2
2024020934,2025-02-27,20242025,2,MTL,4,SJS,3
2024020935,2025-02-27,20242025,2,DET,2,CBJ,5
2024020936,2025-02-27,20242025,2,TBL,3,CGY,0
2024020937,2025-02-27,20242025,2,FLA,4,EDM,3
2024020938,2025-02-27,20242025,2,PIT,5,PHI,4
2024020939,2025-02-27,20242025,2,WSH,2,STL,5
2024020940,2025-02-27,20242025,2,CAR,5,BUF,2
2024020941,2025-02-27,20242025,2,NSH,2,WPG,1
2024020942,2025-02-27,20242025,2,UTA,6,MIN,1
2024020943,2025-02-27,20242025,2,VGK,7,CHI,5
2024020944,2025-02-27,20242025,2,ANA,5,VAN,2
2024020945,2025-02-28,20242025,2,NYR,2,TOR,3
2024020946,2025-02-28,20242025,2,DAL,6,LAK,2
2024020947,2025-02-28,20242025,2,COL,5,MIN,2
2024020948,2025-03-01,20242025,2,CBJ,5,DET,3
2024020949,2025-03-01,20242025,2,NYI,7,NSH,4
2024020950,2025-03-01,20242025,2,WSH,1,TBL,3
2024020951,2025-03-01,20242025,2,FLA,3,CGY,0
2024020952,2025-03-01,20242025,2,PIT,2,BOS,3
2024020953,2025-03-01,20242025,2,BUF,2,MTL,4
2024020954,2025-03-01,20242025,2,OTT,5,SJS,3
2024020955,2025-03-01,20242025,2,CAR,1,EDM,3
2024020956,2025-03-01,20242025,2,WPG,1,PHI,2
2024020957,2025-03-01,20242025,2,STL,4,LAK,1
2024020958,2025-03-01,20242025,2,UTA,1,NJD,3
2024020959,2025-03-01,20242025,2,ANA,3,CHI,6
2024020960,2025-03-01,20242025,2,SEA,6,VAN,3
2024020961,2025-03-02,20242025,2,PIT,5,TOR,6
2024020962,2025-03-02,20242025,2,MIN,1,BOS,0
2024020963,2025-03-02,20242025,2,CAR,2,CGY,1
2024020964,2025-03-02,20242025,2,DAL,6,STL,3
2024020965,2025-03-02,20242025,2,NYR,4,NSH,0
2024020966,2025-03-02,20242025,2,VGK,2,NJD,0
2024020967,2025-03-03,20242025,2,WSH,5,OTT,4
2024020968,2025-03-03,20242025,2,MTL,4,BUF,3
2024020969,2025-03-03,20242025,2,FLA,2,TBL,1
2024020970,2025-03-03,20242025,2,NYR,4,NYI,0
2024020971,2025-03-03,20242025,2,TOR,2,SJS,3
2024020972,2025-03-03,20242025,2,CHI,5,LAK,1
2024020973,2025-03-04,20242025,2,BOS,3,NSH,6
2024020974,2025-03-04,20242025,2,BUF,2,SJS,6
2024020975,2025-03-04,20242025,2,DET,1,CAR,2
2024020976,2025-03-04,20242025,2,TBL,6,CBJ,2
2024020977,2025-03-04,20242025,2,PHI,3,CGY,6
2024020978,2025-03-04,20242025,2,NYI,3,WPG,2
2024020979,2025-03-04,20242025,2,DAL,4,NJD,3
2024020980,2025-03-04,20242025,2,COL,4,PIT,1
2024020981,2025-03-04,20242025,2,EDM,2,ANA,6
2024020982,2025-03-04,20242025,2,SEA,3,MIN,4
2024020983,2025-03-05,20242025,2,NYR,2,WSH,3
2024020984,2025-03-05,20242025,2,CHI,3,OTT,4
2024020985,2025-03-05,20242025,2,VGK,5,TOR,2
2024020986,2025-03-05,20242025,2,VAN,3,ANA,2
2024020987,2025-03-05,20242025,2,LAK,2,STL,3
2024020988,2025-03-06,20242025,2,DET,2,UTA,4
2024020989,2025-03-06,20242025,2,TBL,6,BUF,5
2024020990,2025-03-06,20242025,2,FLA,3,CBJ,0
2024020991,2025-03-06,20242025,2,PHI,1,WPG,4
2024020992,2025-03-06,20242025,2,CAR,3,BOS,2
2024020993,2025-03-06,20242025,2,NSH,5,SEA,3
2024020994,2025-03-06,20242025,2,DAL,3,CGY,2
2024020995,2025-03-06,20242025,2,EDM,3,MTL,2
2024020996,2025-03-06,20242025,2,COL,7,SJS,3
2024020997,2025-03-07,20242025,2,NJD,1,WPG,6
2024020998,2025-03-07,20242025,2,WSH,5,DET,2
2024020999,2025-03-07,20242025,2,CHI,4,UTA,3
2024021000,2025-03-07,20242025,2,VAN,3,MIN,1
2024021001,2025-03-07,20242025,2,VGK,4,PIT,0
2024021002,2025-03-07,20242025,2,ANA,3,STL,4
2024021003,2025-03-08,20242025,2,OTT,4,NYR,3
2024021004,2025-03-08,20242025,2,PHI,1,SEA,4
2024021005,2025-03-08,20242025,2,TBL,0,BOS,4
2024021006,2025-03-08,20242025,2,FLA,4,BUF,0
2024021007,2025-03-08,20242025,2,COL,7,TOR,4
2024021008,2025-03-08,20242025,2,CGY,1,MTL,0
2024021009,2025-03-08,20242025,2,NSH,3,CHI,2
2024021010,2025-03-08,20242025,2,LAK,2,STL,1
2024021011,2025-03-08,20242025,2,EDM,5,DAL,4
2024021012,2025-03-08,20242025,2,SJS,2,NYI,4
2024021013,2025-03-09,20242025,2,PHI,1,NJD,3
2024021014,2025-03-09,20242025,2,WSH,4,SEA,2
2024021015,2025-03-09,20242025,2,MIN,1,PIT,3
2024021016,2025-03-09,20242025,2,CAR,4,WPG,2
2024021017,2025-03-09,20242025,2,NYR,3,CBJ,7
2024021018,2025-03-09,20242025,2,VGK,5,LAK,6
2024021019,2025-03-09,20242025,2,VAN,1,DAL,4
2024021020,2025-03-09,20242025,2,ANA,4,NYI,1
2024021021,2025-03-10,20242025,2,BUF,3,EDM,2
2024021022,2025-03-10,20242025,2,OTT,2,DET,1
2024021023,2025-03-10,20242025,2,COL,3,CHI,0
2024021024,2025-03-10,20242025,2,UTA,3,TOR,4
2024021025,2025-03-11,20242025,2,BOS,3,FLA,2
2024021026,2025-03-11,20242025,2,NJD,5,CBJ,3
2024021027,2025-03-11,20242025,2,PHI,2,OTT,5
2024021028,2025-03-11,20242025,2,PIT,3,VGK,2
2024021029,2025-03-11,20242025,2,CAR,4,TBL,1
2024021030,2025-03-11,20242025,2,MIN,2,COL,1
2024021031,2025-03-11,20242025,2,WPG,2,NYR,1
2024021032,2025-03-11,20242025,2,VAN,2,MTL,4
2024021033,2025-03-11,20242025,2,ANA,4,WSH,7
2024021034,2025-03-11,20242025,2,LAK,4,NYI,1
2024021035,2025-03-11,20242025,2,SJS,2,NSH,3
2024021036,2025-03-12,20242025,2,DET,7,BUF,3
2024021037,2025-03-12,20242025,2,CGY,3,VAN,4
2024021038,2025-03-12,20242025,2,UTA,3,ANA,2
2024021039,2025-03-12,20242025,2,SEA,5,MTL,4
2024021040,2025-03-13,20242025,2,TOR,2,FLA,3
2024021041,2025-03-13,20242025,2,OTT,6,BOS,3
2024021042,2025-03-13,20242025,2,NJD,3,EDM,2
2024021043,2025-03-13,20242025,2,PHI,4,TBL,3
2024021044,2025-03-13,20242025,2,PIT,5,STL,3
2024021045,2025-03-13,20242025,2,CBJ,0,VGK,4
2024021046,2025-03-13,20242025,2,MIN,2,NYR,3
2024021047,2025-03-13,20242025,2,LAK,3,WSH,0
2024021048,2025-03-13,20242025,2,SJS,4,CHI,2
2024021049,2025-03-14,20242025,2,CAR,4,DET,2
2024021050,2025-03-14,20242025,2,NYI,1,EDM,2
2024021051,2025-03-14,20242025,2,WPG,4,DAL,1
2024021052,2025-03-14,20242025,2,CGY,2,COL,4
2024021053,2025-03-14,20242025,2,ANA,2,NSH,1
2024021054,2025-03-14,20242025,2,SEA,4,UTA,2
2024021055,2025-03-15,20242025,2,BUF,4,VGK,3
2024021056,2025-03-15,20242025,2,PIT,7,NJD,3
2024021057,2025-03-15,20242025,2,SJS,1,WSH,5
2024021058,2025-03-15,20242025,2,BOS,2,TBL,6
2024021059,2025-03-15,20242025,2,TOR,2,OTT,4
2024021060,2025-03-15,20242025,2,MTL,3,FLA,1
2024021061,2025-03-15,20242025,2,PHI,0,CAR,5
2024021062,2025-03-15,20242025,2,CBJ,0,NYR,4
2024021063,2025-03-15,20242025,2,MIN,1,STL,5
2024021064,2025-03-15,20242025,2,LAK,1,NSH,0
2024021065,2025-03-15,20242025,2,VAN,6,CHI,2
2024021066,2025-03-16,20242025,2,DET,3,VGK,0
2024021067,2025-03-16,20242025,2,COL,4,DAL,3
2024021068,2025-03-16,20242025,2,STL,7,ANA,2
2024021069,2025-03-16,20242025,2,NYR,1,EDM,3
2024021070,2025-03-16,20242025,2,NYI,4,FLA,2
2024021071,2025-03-16,20242025,2,VAN,1,UTA,3
2024021072,2025-03-16,20242025,2,SEA,2,WPG,3
2024021073,2025-03-17,20242025,2,BOS,2,BUF,3
2024021074,2025-03-17,20242025,2,TBL,2,PHI,0
2024021075,2025-03-17,20242025,2,CBJ,1,NJD,2
2024021076,2025-03-17,20242025,2,TOR,6,CGY,2
2024021077,2025-03-17,20242025,2,MIN,3,LAK,1
2024021078,2025-03-18,20242025,2,MTL,6,OTT,3
2024021079,2025-03-18,20242025,2,NYR,1,CGY,2
2024021080,2025-03-18,20242025,2,PIT,2,NYI,4
2024021081,2025-03-18,20242025,2,WSH,4,DET,1
2024021082,2025-03-18,20242025,2,NSH,1,STL,4
2024021083,2025-03-18,20242025,2,DAL,4,ANA,3
2024021084,2025-03-18,20242025,2,CHI,2,SEA,6
2024021085,2025-03-18,20242025,2,EDM,7,UTA,1
2024021086,2025-03-18,20242025,2,VAN,6,WPG,2
2024021087,2025-03-19,20242025,2,TOR,2,COL,1
2024021088,2025-03-19,20242025,2,MIN,4,SEA,0
2024021089,2025-03-20,20242025,2,OTT,1,COL,5
2024021090,2025-03-20,20242025,2,NJD,3,CGY,5
2024021091,2025-03-20,20242025,2,NYR,3,TOR,4
2024021092,2025-03-20,20242025,2,WSH,3,PHI,2
2024021093,2025-03-20,20242025,2,CBJ,0,FLA,1
2024021094,2025-03-20,20242025,2,NYI,4,MTL,3
2024021095,2025-03-20,20242025,2,STL,4,VAN,3
2024021096,2025-03-20,20242025,2,NSH,1,ANA,4
2024021097,2025-03-20,20242025,2,DAL,2,TBL,3
2024021098,2025-03-20,20242025,2,CHI,1,LAK,3
2024021099,2025-03-20,20242025,2,EDM,3,WPG,4
2024021100,2025-03-20,20242025,2,UTA,5,BUF,2
2024021101,2025-03-20,20242025,2,VGK,5,BOS,1
2024021102,2025-03-20,20242025,2,SJS,1,CAR,3
2024021103,2025-03-21,20242025,2,PIT,6,CBJ,3
2024021104,2025-03-22,20242025,2,NYR,5,VAN,3
2024021105,2025-03-22,20242025,2,DAL,3,PHI,2
2024021106,2025-03-22,20242025,2,MIN,4,BUF,1
2024021107,2025-03-22,20242025,2,STL,4,CHI,1
2024021108,2025-03-22,20242025,2,NYI,3,CGY,4
2024021109,2025-03-22,20242025,2,LAK,7,CAR,2
2024021110,2025-03-22,20242025,2,WSH,6,FLA,3
2024021111,2025-03-22,20242025,2,UTA,6,TBL,4
2024021112,2025-03-22,20242025,2,MTL,4,COL,5
2024021113,2025-03-22,20242025,2,NJD,2,OTT,3
2024021114,2025-03-22,20242025,2,NSH,5,TOR,2
2024021115,2025-03-22,20242025,2,VGK,6,DET,3
2024021116,2025-03-22,20242025,2,EDM,5,SEA,4
2024021117,2025-03-22,20242025,2,SJS,3,BOS,1
2024021118,2025-03-23,20242025,2,CHI,7,PHI,4
2024021119,2025-03-23,20242025,2,WPG,3,BUF,5
2024021120,2025-03-23,20242025,2,FLA,4,PIT,3
2024021121,2025-03-23,20242025,2,STL,4,NSH,1
2024021122,2025-03-23,20242025,2,VGK,4,TBL,2
2024021123,2025-03-23,20242025,2,ANA,2,CAR,5
2024021124,2025-03-23,20242025,2,LAK,7,BOS,2
2024021125,2025-03-24,20242025,2,NJD,3,VAN,4
2024021126,2025-03-24,20242025,2,NYI,3,CBJ,4
2024021127,2025-03-24,20242025,2,DAL,3,MIN,0
2024021128,2025-03-24,20242025,2,UTA,1,DET,5
2024021129,2025-03-25,20242025,2,BUF,3,OTT,2
2024021130,2025-03-25,20242025,2,TOR,7,PHI,2
2024021131,2025-03-25,20242025,2,TBL,6,PIT,1
2024021132,2025-03-25,20242025,2,CAR,1,NSH,3
2024021133,2025-03-25,20242025,2,STL,6,MTL,1
2024021134,2025-03-25,20242025,2,MIN,1,VGK,5
2024021135,2025-03-25,20242025,2,WPG,3,WSH,2
2024021136,2025-03-25,20242025,2,COL,5,DET,2
2024021137,2025-03-25,20242025,2,CGY,4,SEA,3
2024021138,2025-03-25,20242025,2,LAK,3,NYR,1
2024021139,2025-03-26,20242025,2,NYI,2,VAN,5
2024021140,2025-03-26,20242025,2,CHI,3,NJD,5
2024021141,2025-03-26,20242025,2,EDM,3,DAL,4
2024021142,2025-03-26,20242025,2,ANA,6,BOS,2
2024021143,2025-03-27,20242025,2,BUF,7,PIT,3
2024021144,2025-03-27,20242025,2,DET,3,OTT,4
2024021145,2025-03-27,20242025,2,TBL,8,UTA,0
2024021146,2025-03-27,20242025,2,PHI,6,MTL,4
2024021147,2025-03-27,20242025,2,NSH,2,STL,3
2024021148,2025-03-27,20242025,2,MIN,4,WSH,2
2024021149,2025-03-27,20242025,2,COL,4,LAK,0
2024021150,2025-03-27,20242025,2,CGY,2,DAL,5
2024021151,2025-03-27,20242025,2,SEA,6,EDM,1
2024021152,2025-03-27,20242025,2,SJS,6,TOR,5
2024021153,2025-03-28,20242025,2,FLA,2,UTA,1
2024021154,2025-03-28,20242025,2,CAR,4,MTL,1
2024021155,2025-03-28,20242025,2,CBJ,7,VAN,6
2024021156,2025-03-28,20242025,2,WPG,4,NJD,0
2024021157,2025-03-28,20242025,2,CHI,3,VGK,5
2024021158,2025-03-28,20242025,2,ANA,5,NYR,4
2024021159,2025-03-29,20242025,2,PHI,7,BUF,4
2024021160,2025-03-29,20242025,2,TBL,5,NYI,3
2024021161,2025-03-29,20242025,2,COL,1,STL,2
2024021162,2025-03-29,20242025,2,MIN,2,NJD,5
2024021163,2025-03-29,20242025,2,NSH,1,VGK,3
2024021164,2025-03-29,20242025,2,OTT,3,CBJ,2
2024021165,2025-03-29,20242025,2,LAK,1,TOR,3
2024021166,2025-03-29,20242025,2,DET,2,BOS,1
2024021167,2025-03-29,20242025,2,EDM,3,CGY,2
2024021168,2025-03-29,20242025,2,SJS,1,NYR,6
2024021169,2025-03-29,20242025,2,SEA,1,DAL,5
2024021170,2025-03-30,20242025,2,FLA,2,MTL,4
2024021171,2025-03-30,20242025,2,WSH,5,BUF,8
2024021172,2025-03-30,20242025,2,WPG,3,VAN,1
2024021173,2025-03-30,20242025,2,CHI,2,UTA,5
2024021174,2025-03-30,20242025,2,PIT,1,OTT,0
2024021175,2025-03-30,20242025,2,CAR,6,NYI,4
2024021176,2025-03-30,20242025,2,ANA,2,TOR,3
2024021177,2025-03-30,20242025,2,LAK,8,SJS,1
2024021178,2025-03-31,20242025,2,NJD,3,MIN,2
2024021179,2025-03-31,20242025,2,PHI,2,NSH,1
2024021180,2025-03-31,20242025,2,COL,2,CGY,3
2024021181,2025-03-31,20242025,2,SEA,1,DAL,3
2024021182,2025-04-01,20242025,2,BOS,3,WSH,4
2024021183,2025-04-01,20242025,2,MTL,3,FLA,2
2024021184,2025-04-01,20242025,2,OTT,2,BUF,5
2024021185,2025-04-01,20242025,2,CBJ,8,NSH,4
2024021186,2025-04-01,20242025,2,NYI,1,TBL,4
2024021187,2025-04-01,20242025,2,STL,2,DET,1
2024021188,2025-04-01,20242025,2,UTA,3,CGY,1
2024021189,2025-04-01,20242025,2,VGK,2,EDM,3
2024021190,2025-04-01,20242025,2,ANA,4,SJS,3
2024021191,2025-04-01,20242025,2,LAK,4,WPG,1
2024021192,2025-04-02,20242025,2,NYR,5,MIN,4
2024021193,2025-04-02,20242025,2,CAR,5,WSH,1
2024021194,2025-04-02,20242025,2,TOR,3,FLA,2
2024021195,2025-04-02,20242025,2,CHI,2,COL,3
2024021196,2025-04-02,20242025,2,VAN,0,SEA,5
2024021197,2025-04-03,20242025,2,MTL,4,BOS,1
2024021198,2025-04-03,20242025,2,OTT,2,TBL,1
2024021199,2025-04-03,20242025,2,CBJ,3,COL,7
2024021200,2025-04-03,20242025,2,STL,5,PIT,4
2024021201,2025-04-03,20242025,2,DAL,5,NSH,1
2024021202,2025-04-03,20242025,2,UTA,2,LAK,4
2024021203,2025-04-03,20242025,2,CGY,4,ANA,1
2024021204,2025-04-03,20242025,2,VGK,0,WPG,4
2024021205,2025-04-03,20242025,2,SJS,2,EDM,3
2024021206,2025-04-04,20242025,2,DET,5,CAR,3
2024021207,2025-04-04,20242025,2,WSH,5,CHI,3
2024021208,2025-04-04,20242025,2,NYI,3,MIN,1
2024021209,2025-04-05,20242025,2,NJD,4,NYR,0
2024021210,2025-04-05,20242025,2,OTT,3,FLA,0
2024021211,2025-04-05,20242025,2,DAL,3,PIT,5
2024021212,2025-04-05,20242025,2,VAN,6,ANA,2
2024021213,2025-04-05,20242025,2,LAK,3,EDM,0
2024021214,2025-04-05,20242025,2,BOS,5,CAR,1
2024021215,2025-04-05,20242025,2,BUF,3,TBL,2
2024021216,2025-04-05,20242025,2,TOR,5,CBJ,0
2024021217,2025-04-05,20242025,2,MTL,3,PHI,2
2024021218,2025-04-05,20242025,2,STL,5,COL,4
2024021219,2025-04-05,20242025,2,UTA,4,WPG,1
2024021220,2025-04-05,20242025,2,CGY,2,VGK,3
2024021221,2025-04-05,20242025,2,SJS,1,SEA,5
2024021222,2025-04-06,20242025,2,NYI,4,WSH,1
2024021223,2025-04-06,20242025,2,MIN,3,DAL,2
2024021224,2025-04-06,20242025,2,OTT,4,CBJ,0
2024021225,2025-04-06,20242025,2,DET,2,FLA,1
2024021226,2025-04-06,20242025,2,BUF,6,BOS,3
2024021227,2025-04-06,20242025,2,CHI,3,PIT,1
2024021228,2025-04-06,20242025,2,NSH,1,MTL,2
2024021229,2025-04-06,20242025,2,VAN,2,VGK,3
2024021230,2025-04-07,20242025,2,NYR,1,TBL,5
2024021231,2025-04-07,20242025,2,WPG,3,STL,1
2024021232,2025-04-07,20242025,2,ANA,3,EDM,2
2024021233,2025-04-07,20242025,2,LAK,1,SEA,2
2024021234,2025-04-07,20242025,2,SJS,2,CGY,3
2024021235,2025-04-08,20242025,2,BUF,3,CAR,0
2024021236,2025-04-08,20242025,2,MTL,4,DET,1
2024021237,2025-04-08,20242025,2,FLA,3,TOR,1
2024021238,2025-04-08,20242025,2,NJD,2,BOS,7
2024021239,2025-04-08,20242025,2,CBJ,5,OTT,2
2024021240,2025-04-08,20242025,2,PIT,5,CHI,0
2024021241,2025-04-08,20242025,2,NSH,7,NYI,6
2024021242,2025-04-08,20242025,2,DAL,5,VAN,6
2024021243,2025-04-08,20242025,2,UTA,7,SEA,1
2024021244,2025-04-08,20242025,2,COL,3,VGK,2
2024021245,2025-04-09,20242025,2,TBL,3,TOR,4
2024021246,2025-04-09,20242025,2,NYR,5,PHI,8
2024021247,2025-04-09,20242025,2,MIN,8,SJS,7
2024021248,2025-04-09,20242025,2,EDM,4,STL,3
2024021249,2025-04-09,20242025,2,ANA,4,CGY,3
2024021250,2025-04-10,20242025,2,BOS,2,CHI,5
2024021251,2025-04-10,20242025,2,FLA,4,DET,1
2024021252,2025-04-10,20242025,2,WSH,5,CAR,4
2024021253,2025-04-10,20242025,2,CBJ,3,BUF,2
2024021254,2025-04-10,20242025,2,NYI,2,NYR,9
2024021255,2025-04-10,20242025,2,DAL,0,WPG,4
2024021256,2025-04-10,20242025,2,COL,1,VAN,4
2024021257,2025-04-10,20242025,2,UTA,3,NSH,4
2024021258,2025-04-10,20242025,2,VGK,2,SEA,1
2024021259,2025-04-10,20242025,2,LAK,6,ANA,1
2024021260,2025-04-11,20242025,2,OTT,5,MTL,2
2024021261,2025-04-11,20242025,2,TBL,3,DET,4
2024021262,2025-04-11,20242025,2,NJD,2,PIT,4
2024021263,2025-04-11,20242025,2,EDM,4,SJS,2
2024021264,2025-04-11,20242025,2,CGY,4,MIN,2
2024021265,2025-04-12,20242025,2,PHI,4,NYI,3
2024021266,2025-04-12,20242025,2,CAR,7,NYR,3
2024021267,2025-04-12,20242025,2,LAK,5,COL,4
2024021268,2025-04-12,20242025,2,FLA,3,BUF,2
2024021269,2025-04-12,20242025,2,TOR,1,MTL,0
2024021270,2025-04-12,20242025,2,CBJ,7,WSH,0
2024021271,2025-04-12,20242025,2,CHI,4,WPG,5
2024021272,2025-04-12,20242025,2,DAL,3,UTA,5
2024021273,2025-04-12,20242025,2,VAN,2,MIN,3
2024021274,2025-04-12,20242025,2,VGK,5,NSH,3
2024021275,2025-04-12,20242025,2,SEA,4,STL,3
2024021276,2025-04-13,20242025,2,OTT,4,PHI,3
2024021277,2025-04-13,20242025,2,NJD,0,NYI,1
2024021278,2025-04-13,20242025,2,PIT,1,BOS,4
2024021279,2025-04-13,20242025,2,CAR,1,TOR,4
2024021280,2025-04-13,20242025,2,TBL,7,BUF,4
2024021281,2025-04-13,20242025,2,WSH,1,CBJ,4
2024021282,2025-04-13,20242025,2,WPG,1,EDM,4
2024021283,2025-04-13,20242025,2,CGY,5,SJS,2
2024021284,2025-04-13,20242025,2,ANA,2,COL,4
2024021285,2025-04-14,20242025,2,MTL,3,CHI,4
2024021286,2025-04-14,20242025,2,DET,6,DAL,4
2024021287,2025-04-14,20242025,2,FLA,3,NYR,5
2024021288,2025-04-14,20242025,2,NSH,3,UTA,7
2024021289,2025-04-14,20242025,2,EDM,0,LAK,5
2024021290,2025-04-14,20242025,2,VAN,2,SJS,1
2024021291,2025-04-15,20242025,2,BOS,4,NJD,5
2024021292,2025-04-15,20242025,2,BUF,0,TOR,4
2024021293,2025-04-15,20242025,2,OTT,3,CHI,4
2024021294,2025-04-15,20242025,2,TBL,5,FLA,1
2024021295,2025-04-15,20242025,2,PHI,0,CBJ,3
2024021296,2025-04-15,20242025,2,NYI,1,WSH,3
2024021297,2025-04-15,20242025,2,STL,6,UTA,1
2024021298,2025-04-15,20242025,2,MIN,3,ANA,2
2024021299,2025-04-15,20242025,2,CGY,5,VGK,4
2024021300,2025-04-15,20242025,2,SEA,5,LAK,6
2024021301,2025-04-16,20242025,2,MTL,4,CAR,2
2024021302,2025-04-16,20242025,2,WPG,2,ANA,1
2024021303,2025-04-16,20242025,2,NJD,2,DET,5
2024021304,2025-04-16,20242025,2,NSH,5,DAL,1
2024021305,2025-04-16,20242025,2,VAN,1,VGK,4
2024021306,2025-04-16,20242025,2,SJS,0,EDM,3
2024020653,2025-04-17,20242025,2,LAK,1,CGY,5
2024021307,2025-04-17,20242025,2,BUF,5,PHI,4
2024021308,2025-04-17,20242025,2,TOR,4,DET,3
2024021309,2025-04-17,20242025,2,OTT,7,CAR,5
2024021310,2025-04-17,20242025,2,NYR,4,TBL,0
2024021311,2025-04-17,20242025,2,PIT,5,WSH,2
2024021312,2025-04-17,20242025,2,CBJ,6,NYI,1
2024030151,2025-04-19,20242025,3,WPG,5,STL,3
2024030161,2025-04-19,20242025,3,DAL,1,COL,5
2024030111,2025-04-20,20242025,3,TOR,6,OTT,2
2024030141,2025-04-20,20242025,3,CAR,4,NJD,1
2024030171,2025-04-20,20242025,3,VGK,4,MIN,2
2024030131,2025-04-21,20242025,3,WSH,3,MTL,2
2024030152,2025-04-21,20242025,3,WPG,2,STL,1
2024030162,2025-04-21,20242025,3,DAL,4,COL,3
2024030181,2025-04-21,20242025,3,LAK,6,EDM,5
2024030112,2025-04-22,20242025,3,TOR,3,OTT,2
2024030121,2025-04-22,20242025,3,TBL,2,FLA,6
2024030142,2025-04-22,20242025,3,CAR,3,NJD,1
2024030172,2025-04-22,20242025,3,VGK,2,MIN,5
2024030132,2025-04-23,20242025,3,WSH,3,MTL,1
2024030163,2025-04-23,20242025,3,COL,1,DAL,2
2024030182,2025-04-23,20242025,3,LAK,6,EDM,2
2024030113,2025-04-24,20242025,3,OTT,2,TOR,3
2024030122,2025-04-24,20242025,3,TBL,0,FLA,2
2024030153,2025-04-24,20242025,3,STL,7,WPG,2
2024030173,2025-04-24,20242025,3,MIN,5,VGK,2
2024030133,2025-04-25,20242025,3,MTL,6,WSH,3
2024030143,2025-04-25,20242025,3,NJD,3,CAR,2
2024030183,2025-04-25,20242025,3,EDM,7,LAK,4
2024030114,2025-04-26,20242025,3,OTT,4,TOR,3
2024030123,2025-04-26,20242025,3,FLA,1,TBL,5
2024030164,2025-04-26,20242025,3,COL,4,DAL,0
2024030174,2025-04-26,20242025,3,MIN,3,VGK,4
2024030134,2025-04-27,20242025,3,MTL,2,WSH,5
2024030144,2025-04-27,20242025,3,NJD,2,CAR,5
2024030154,2025-04-27,20242025,3,STL,5,WPG,1
2024030184,2025-04-27,20242025,3,EDM,4,LAK,3
2024030124,2025-04-28,20242025,3,FLA,4,TBL,2
2024030165,2025-04-28,20242025,3,DAL,6,COL,2
2024030115,2025-04-29,20242025,3,TOR,0,OTT,4
2024030145,2025-04-29,20242025,3,CAR,5,NJD,4
2024030175,2025-04-29,20242025,3,VGK,3,MIN,2
2024030185,2025-04-29,20242025,3,LAK,1,EDM,3
2024030125,2025-04-30,20242025,3,TBL,3,FLA,6
2024030135,2025-04-30,20242025,3,WSH,4,MTL,1
2024030155,2025-04-30,20242025,3,WPG,5,STL,3
2024030116,2025-05-01,20242025,3,OTT,2,TOR,4
2024030166,2025-05-01,20242025,3,COL,7,DAL,4
2024030176,2025-05-01,20242025,3,MIN,2,VGK,3
2024030186,2025-05-01,20242025,3,EDM,6,LAK,4
2024030156,2025-05-02,20242025,3,STL,5,WPG,2
2024030167,2025-05-03,20242025,3,DAL,4,COL,2
2024030157,2025-05-04,20242025,3,WPG,4,STL,3
2024030211,2025-05-05,20242025,3,TOR,5,FLA,4
2024030221,2025-05-06,20242025,3,WSH,1,CAR,2
2024030241,2025-05-06,20242025,3,VGK,2,EDM,4
2024030212,2025-05-07,20242025,3,TOR,4,FLA,3
2024030231,2025-05-07,20242025,3,WPG,2,DAL,3
2024030222,2025-05-08,20242025,3,WSH,3,CAR,1
2024030242,2025-05-08,20242025,3,VGK,4,EDM,5
2024030213,2025-05-09,20242025,3,FLA,5,TOR,4
2024030232,2025-05-09,20242025,3,WPG,4,DAL,0
2024030223,2025-05-10,20242025,3,CAR,4,WSH,0
2024030243,2025-05-10,20242025,3,EDM,3,VGK,4
2024030214,2025-05-11,20242025,3,FLA,2,TOR,0
2024030233,2025-05-11,20242025,3,DAL,5,WPG,2
2024030224,2025-05-12,20242025,3,CAR,5,WSH,2
2024030244,2025-05-12,20242025,3,EDM,3,VGK,0
2024030234,2025-05-13,20242025,3,DAL,3,WPG,1
2024030215,2025-05-14,20242025,3,TOR,1,FLA,6
2024030245,2025-05-14,20242025,3,VGK,0,EDM,1
2024030225,2025-05-15,20242025,3,WSH,1,CAR,3
2024030235,2025-05-15,20242025,3,WPG,4,DAL,0
2024030216,2025-05-16,20242025,3,FLA,0,TOR,2
2024030236,2025-05-17,20242025,3,DAL,2,WPG,1
2024030217,2025-05-18,20242025,3,TOR,1,FLA,6
2024030311,2025-05-20,20242025,3,CAR,2,FLA,5
2024030321,2025-05-21,20242025,3,DAL,6,EDM,3
2024030312,2025-05-22,20242025,3,CAR,0,FLA,5
2024030322,2025-05-23,20242025,3,DAL,0,EDM,3
2024030313,2025-05-24,20242025,3,FLA,6,CAR,2
2024030323,2025-05-25,20242025,3,EDM,6,DAL,1
2024030314,2025-05-26,20242025,3,FLA,0,CAR,3
2024030324,2025-05-27,20242025,3,EDM,4,DAL,1
2024030315,2025-05-28,20242025,3,CAR,3,FLA,5
2024030325,2025-05-29,20242025,3,DAL,3,EDM,6
2024030411,2025-06-04,20242025,3,EDM,4,FLA,3
2024030412,2025-06-06,20242025,3,EDM,4,FLA,5
2024030413,2025-06-09,20242025,3,FLA,6,EDM,1
2024030414,2025-06-12,20242025,3,FLA,4,EDM,5
2024030415,2025-06-14,20242025,3,EDM,2,FLA,5
2024030416,2025-06-17,20242025,3,FLA,5,EDM,1
2025020001,2025-10-07,20252026,2,FLA,3,CHI,2
2025020002,2025-10-07,20252026,2,NYR,0,PIT,3
2025020003,2025-10-07,20252026,2,LAK,1,COL,4
2025020004,2025-10-08,20252026,2,TOR,5,MTL,2
2025020005,2025-10-08,20252026,2,WSH,1,BOS,3
2025020006,2025-10-08,20252026,2,EDM,3,CGY,4
2025020007,2025-10-08,20252026,2,VGK,5,LAK,6
2025020008,2025-10-09,20252026,2,BOS,4,CHI,3
2025020009,2025-10-09,20252026,2,BUF,0,NYR,4
2025020010,2025-10-09,20252026,2,DET,1,MTL,5
2025020011,2025-10-09,20252026,2,TBL,4,OTT,5
2025020012,2025-10-09,20252026,2,FLA,2,PHI,1
2025020013,2025-10-09,20252026,2,PIT,4,NYI,3
2025020014,2025-10-09,20252026,2,CAR,6,NJD,3
2025020015,2025-10-09,20252026,2,STL,0,MIN,5
2025020016,2025-10-09,20252026,2,NSH,2,CBJ,1
2025020017,2025-10-09,20252026,2,WPG,4,DAL,5
2025020018,2025-10-09,20252026,2,COL,2,UTA,1
2025020019,2025-10-09,20252026,2,VAN,5,CGY,1
2025020020,2025-10-09,20252026,2,SJS,3,VGK,4
2025020021,2025-10-09,20252026,2,SEA,3,ANA,1
2025020022,2025-10-11,20252026,2,WPG,3,LAK,2
2025020023,2025-10-11,20252026,2,CGY,2,STL,4
2025020024,2025-10-11,20252026,2,BOS,3,BUF,1
2025020025,2025-10-11,20252026,2,DET,6,TOR,3
2025020026,2025-10-11,20252026,2,TBL,3,NJD,5
2025020027,2025-10-11,20252026,2,FLA,6,OTT,2
2025020028,2025-10-11,20252026,2,NYI,2,WSH,4
2025020029,2025-10-11,20252026,2,PIT,1,NYR,6
2025020030,2025-10-11,20252026,2,CAR,4,PHI,3
2025020031,2025-10-11,20252026,2,CHI,2,MTL,3
2025020032,2025-10-11,20252026,2,NSH,2,UTA,3
2025020033,2025-10-11,20252026,2,MIN,4,CBJ,7
2025020034,2025-10-11,20252026,2,COL,4,DAL,5
2025020035,2025-10-11,20252026,2,EDM,3,VAN,1
2025020036,2025-10-11,20252026,2,SJS,6,ANA,7
2025020037,2025-10-11,20252026,2,SEA,2,VGK,1
2025020038,2025-10-12,20252026,2,NYR,0,WSH,1
2025020039,2025-10-13,20252026,2,BUF,1,COL,3
2025020040,2025-10-13,20252026,2,BOS,3,TBL,4
2025020041,2025-10-13,20252026,2,OTT,1,NSH,4
2025020042,2025-10-13,20252026,2,NYI,2,WPG,5
2025020043,2025-10-13,20252026,2,TOR,2,DET,3
2025020044,2025-10-13,20252026,2,PHI,5,FLA,2
2025020045,2025-10-13,20252026,2,CBJ,2,NJD,3
2025020046,2025-10-13,20252026,2,VAN,2,STL,5
2025020047,2025-10-13,20252026,2,MIN,4,LAK,3
2025020048,2025-10-13,20252026,2,CHI,3,UTA,1
2025020049,2025-10-14,20252026,2,TOR,7,NSH,4
2025020050,2025-10-14,20252026,2,MTL,5,SEA,4
2025020051,2025-10-14,20252026,2,NYR,0,EDM,2
2025020052,2025-10-14,20252026,2,WSH,3,TBL,2
2025020053,2025-10-14,20252026,2,CGY,2,VGK,4
2025020054,2025-10-14,20252026,2,DAL,5,MIN,2
2025020055,2025-10-14,20252026,2,SJS,1,CAR,5
2025020056,2025-10-14,20252026,2,ANA,4,PIT,3
2025020057,2025-10-15,20252026,2,BUF,8,OTT,4
2025020058,2025-10-15,20252026,2,DET,4,FLA,1
2025020059,2025-10-15,20252026,2,STL,3,CHI,8
2025020060,2025-10-15,20252026,2,UTA,3,CGY,1
2025020061,2025-10-16,20252026,2,TOR,2,NYR,1
2025020062,2025-10-16,20252026,2,MTL,3,NSH,2
2025020063,2025-10-16,20252026,2,OTT,4,SEA,3
2025020064,2025-10-16,20252026,2,NJD,3,FLA,1
2025020065,2025-10-16,20252026,2,NYI,4,EDM,2
2025020066,2025-10-16,20252026,2,PHI,2,WPG,5
2025020067,2025-10-16,20252026,2,CBJ,1,COL,4
2025020068,2025-10-16,20252026,2,DAL,3,VAN,5
2025020069,2025-10-16,20252026,2,VGK,6,BOS,5
2025020070,2025-10-16,20252026,2,ANA,1,CAR,4
2025020071,2025-10-16,20252026,2,LAK,2,PIT,4
2025020072,2025-10-17,20252026,2,DET,2,TBL,1
2025020073,2025-10-17,20252026,2,WSH,5,MIN,1
2025020074,2025-10-17,20252026,2,CHI,2,VAN,3
2025020075,2025-10-17,20252026,2,UTA,6,SJS,3
2025020076,2025-10-18,20252026,2,BUF,3,FLA,0
2025020077,2025-10-18,20252026,2,OTT,4,NYI,5
2025020078,2025-10-18,20252026,2,NJD,5,EDM,3
2025020079,2025-10-18,20252026,2,TOR,3,SEA,4
2025020080,2025-10-18,20252026,2,MTL,3,NYR,4
2025020081,2025-10-18,20252026,2,PHI,2,MIN,1
2025020082,2025-10-18,20252026,2,CBJ,3,TBL,2
2025020083,2025-10-18,20252026,2,STL,3,DAL,1
2025020084,2025-10-18,20252026,2,WPG,4,NSH,1
2025020085,2025-10-18,20252026,2,COL,4,BOS,1
2025020086,2025-10-18,20252026,2,LAK,3,CAR,4
2025020087,2025-10-18,20252026,2,VGK,6,CGY,1
2025020088,2025-10-18,20252026,2,SJS,0,PIT,3
2025020089,2025-10-19,20252026,2,WSH,3,VAN,4
2025020090,2025-10-19,20252026,2,DET,4,EDM,2
2025020091,2025-10-19,20252026,2,CHI,2,ANA,1
2025020092,2025-10-19,20252026,2,UTA,3,BOS,2
2025020093,2025-10-20,20252026,2,NYR,1,MIN,3
2025020094,2025-10-20,20252026,2,PHI,5,SEA,2
2025020095,2025-10-20,20252026,2,MTL,4,BUF,2
2025020096,2025-10-20,20252026,2,CGY,1,WPG,2
2025020097,2025-10-20,20252026,2,VGK,4,CAR,1
2025020098,2025-10-21,20252026,2,TOR,2,NJD,5
2025020099,2025-10-21,20252026,2,OTT,2,EDM,3
2025020100,2025-10-21,20252026,2,NYI,4,SJS,3
2025020101,2025-10-21,20252026,2,PIT,5,VAN,1
2025020102,2025-10-21,20252026,2,WSH,4,SEA,1
2025020103,2025-10-21,20252026,2,BOS,3,FLA,4
2025020104,2025-10-21,20252026,2,STL,1,LAK,2
2025020105,2025-10-21,20252026,2,NSH,2,ANA,5
2025020106,2025-10-21,20252026,2,DAL,1,CBJ,5
2025020107,2025-10-21,20252026,2,UTA,4,COL,3
2025020108,2025-10-22,20252026,2,NJD,4,MIN,1
2025020109,2025-10-22,20252026,2,BUF,4,DET,2
2025020110,2025-10-22,20252026,2,CGY,1,MTL,2
2025020111,2025-10-23,20252026,2,BOS,5,ANA,7
2025020112,2025-10-23,20252026,2,OTT,2,PHI,1
2025020113,2025-10-23,20252026,2,TBL,2,CHI,3
2025020114,2025-10-23,20252026,2,FLA,3,PIT,5
2025020115,2025-10-23,20252026,2,NYI,7,DET,2
2025020116,2025-10-23,20252026,2,NYR,5,SJS,6
2025020117,2025-10-23,20252026,2,STL,4,UTA,7
2025020118,2025-10-23,20252026,2,NSH,2,VAN,1
2025020119,2025-10-23,20252026,2,DAL,2,LAK,3
2025020120,2025-10-23,20252026,2,WPG,0,SEA,3
2025020121,2025-10-23,20252026,2,COL,4,CAR,5
2025020122,2025-10-23,20252026,2,EDM,6,MTL,5
2025020123,2025-10-24,20252026,2,BUF,5,TOR,3
2025020124,2025-10-24,20252026,2,NJD,3,SJS,1
2025020125,2025-10-24,20252026,2,CBJ,1,WSH,5
2025020126,2025-10-24,20252026,2,WPG,5,CGY,3
2025020127,2025-10-25,20252026,2,PHI,4,NYI,3
2025020128,2025-10-25,20252026,2,BOS,3,COL,2
2025020129,2025-10-25,20252026,2,TBL,4,ANA,3
2025020130,2025-10-25,20252026,2,FLA,3,VGK,0
2025020131,2025-10-25,20252026,2,MIN,2,UTA,6
2025020132,2025-10-25,20252026,2,TOR,4,BUF,3
2025020133,2025-10-25,20252026,2,DET,6,STL,4
2025020134,2025-10-25,20252026,2,PIT,4,CBJ,5
2025020135,2025-10-25,20252026,2,WSH,1,OTT,7
2025020136,2025-10-25,20252026,2,VAN,3,MTL,4
2025020137,2025-10-25,20252026,2,NSH,5,LAK,4
2025020138,2025-10-25,20252026,2,DAL,3,CAR,2
2025020139,2025-10-25,20252026,2,SEA,3,EDM,2
2025020140,2025-10-26,20252026,2,NJD,4,COL,3
2025020141,2025-10-26,20252026,2,TBL,2,VGK,1
2025020142,2025-10-26,20252026,2,MIN,5,SJS,6
2025020143,2025-10-26,20252026,2,WPG,2,UTA,3
2025020144,2025-10-26,20252026,2,CHI,1,LAK,3
2025020145,2025-10-26,20252026,2,NSH,2,DAL,3
2025020146,2025-10-26,20252026,2,CGY,5,NYR,1
2025020147,2025-10-26,20252026,2,VAN,4,EDM,3
2025020148,2025-10-27,20252026,2,PIT,6,STL,3
2025020149,2025-10-27,20252026,2,OTT,7,BOS,2
2025020150,2025-10-28,20252026,2,PHI,3,PIT,2
2025020151,2025-10-28,20252026,2,TOR,4,CGY,3
2025020152,2025-10-28,20252026,2,BUF,3,CBJ,4
2025020153,2025-10-28,20252026,2,FLA,2,ANA,3
2025020154,2025-10-28,20252026,2,BOS,5,NYI,2
2025020155,2025-10-28,20252026,2,CAR,3,VGK,6
2025020156,2025-10-28,20252026,2,NSH,2,TBL,5
2025020157,2025-10-28,20252026,2,MIN,3,WPG,4
2025020158,2025-10-28,20252026,2,STL,2,DET,5
2025020159,2025-10-28,20252026,2,DAL,1,WSH,0
2025020160,2025-10-28,20252026,2,CHI,7,OTT,3
2025020161,2025-10-28,20252026,2,COL,8,NJD,4
2025020162,2025-10-28,20252026,2,EDM,6,UTA,3
2025020163,2025-10-28,20252026,2,VAN,0,NYR,2
2025020164,2025-10-28,20252026,2,SEA,3,MTL,4
2025020165,2025-10-28,20252026,2,SJS,3,LAK,4
2025020166,2025-10-29,20252026,2,CBJ,6,TOR,3
2025020167,2025-10-30,20252026,2,BOS,4,BUF,3
2025020168,2025-10-30,20252026,2,OTT,4,CGY,3
2025020169,2025-10-30,20252026,2,TBL,2,DAL,1
2025020170,2025-10-30,20252026,2,PHI,4,NSH,1
2025020171,2025-10-30,20252026,2,CAR,6,NYI,2
2025020172,2025-10-30,20252026,2,STL,3,VAN,4
2025020173,2025-10-30,20252026,2,MIN,1,PIT,4
2025020174,2025-10-30,20252026,2,WPG,6,CHI,3
2025020175,2025-10-30,20252026,2,EDM,3,NYR,4
2025020176,2025-10-30,20252026,2,SJS,5,NJD,2
2025020177,2025-10-30,20252026,2,LAK,3,DET,4
2025020178,2025-10-31,20252026,2,VGK,2,COL,4
2025020179,2025-10-31,20252026,2,WSH,1,NYI,3
2025020180,2025-10-31,20252026,2,ANA,5,DET,2
2025020181,2025-11-01,20252026,2,BOS,2,CAR,1
2025020182,2025-11-01,20252026,2,WPG,5,PIT,2
2025020183,2025-11-01,20252026,2,NSH,4,CGY,2
2025020184,2025-11-01,20252026,2,SJS,3,COL,2
2025020185,2025-11-01,20252026,2,FLA,4,DAL,3
2025020186,2025-11-01,20252026,2,BUF,4,WSH,3
2025020187,2025-11-01,20252026,2,MTL,4,OTT,3
2025020188,2025-11-01,20252026,2,PHI,2,TOR,5
2025020189,2025-11-01,20252026,2,CBJ,3,STL,2
2025020190,2025-11-01,20252026,2,MIN,5,VAN,2
2025020191,2025-11-01,20252026,2,LAK,1,NJD,4
2025020192,2025-11-01,20252026,2,EDM,3,CHI,2
2025020193,2025-11-01,20252026,2,SEA,2,NYR,3
2025020194,2025-11-02,20252026,2,UTA,2,TBL,4
2025020195,2025-11-02,20252026,2,NYI,3,CBJ,2
2025020196,2025-11-02,20252026,2,PHI,1,CGY,2
2025020197,2025-11-02,20252026,2,ANA,4,NJD,1
2025020198,2025-11-02,20252026,2,SJS,2,DET,3
2025020199,2025-11-03,20252026,2,TOR,4,PIT,3
2025020200,2025-11-03,20252026,2,STL,3,EDM,2
2025020201,2025-11-03,20252026,2,NSH,4,VAN,5
2025020202,2025-11-03,20252026,2,SEA,3,CHI,1
2025020203,2025-11-04,20252026,2,BUF,1,UTA,2
2025020204,2025-11-04,20252026,2,MTL,4,PHI,5
2025020205,2025-11-04,20252026,2,NYI,3,BOS,4
2025020206,2025-11-04,20252026,2,NYR,0,CAR,3
2025020207,2025-11-04,20252026,2,DAL,4,EDM,3
2025020208,2025-11-04,20252026,2,MIN,3,NSH,2
2025020209,2025-11-04,20252026,2,COL,3,TBL,2
2025020210,2025-11-04,20252026,2,VGK,1,DET,0
2025020211,2025-11-04,20252026,2,ANA,7,FLA,3
2025020212,2025-11-04,20252026,2,LAK,3,WPG,0
2025020213,2025-11-05,20252026,2,TOR,5,UTA,3
2025020214,2025-11-05,20252026,2,WSH,6,STL,1
2025020215,2025-11-05,20252026,2,CGY,5,CBJ,1
2025020216,2025-11-05,20252026,2,VAN,2,CHI,5
2025020217,2025-11-05,20252026,2,SEA,1,SJS,6
2025020218,2025-11-06,20252026,2,BOS,3,OTT,2
2025020219,2025-11-06,20252026,2,BUF,0,STL,3
2025020220,2025-11-06,20252026,2,NJD,4,MTL,3
2025020221,2025-11-06,20252026,2,PIT,5,WSH,3
2025020222,2025-11-06,20252026,2,CAR,4,MIN,3
2025020223,2025-11-06,20252026,2,NSH,1,PHI,3
2025020224,2025-11-06,20252026,2,DAL,5,ANA,7
2025020225,2025-11-06,20252026,2,VGK,3,TBL,6
2025020226,2025-11-06,20252026,2,LAK,2,FLA,5
2025020227,2025-11-07,20252026,2,DET,1,NYR,4
2025020228,2025-11-07,20252026,2,NYI,2,MIN,5
2025020229,2025-11-07,20252026,2,CGY,0,CHI,4
2025020230,2025-11-07,20252026,2,SJS,2,WPG,1
2025020231,2025-11-08,20252026,2,NJD,2,PIT,1
2025020232,2025-11-08,20252026,2,PHI,2,OTT,3
2025020233,2025-11-08,20252026,2,NSH,4,DAL,5
2025020234,2025-11-08,20252026,2,TOR,3,BOS,5
2025020235,2025-11-08,20252026,2,MTL,6,UTA,2
2025020236,2025-11-08,20252026,2,TBL,3,WSH,2
2025020237,2025-11-08,20252026,2,NYR,0,NYI,5
2025020238,2025-11-08,20252026,2,CAR,6,BUF,3
2025020239,2025-11-08,20252026,2,STL,3,SEA,4
2025020240,2025-11-08,20252026,2,EDM,1,COL,9
2025020241,2025-11-08,20252026,2,VAN,4,CBJ,3
2025020242,2025-11-08,20252026,2,VGK,3,ANA,4
2025020243,2025-11-08,20252026,2,SJS,3,FLA,1
2025020244,2025-11-09,20252026,2,DET,1,CHI,5
2025020245,2025-11-09,20252026,2,PIT,2,LAK,3
2025020246,2025-11-09,20252026,2,TOR,4,CAR,5
2025020247,2025-11-09,20252026,2,OTT,4,UTA,2
2025020248,2025-11-09,20252026,2,DAL,2,SEA,1
2025020249,2025-11-09,20252026,2,MIN,2,CGY,0
2025020250,2025-11-09,20252026,2,VAN,4,COL,5
2025020251,2025-11-09,20252026,2,ANA,4,WPG,1
2025020252,2025-11-10,20252026,2,NJD,2,NYI,3
2025020253,2025-11-10,20252026,2,NYR,6,NSH,3
2025020254,2025-11-10,20252026,2,EDM,5,CBJ,4
2025020255,2025-11-10,20252026,2,VGK,2,FLA,3
2025020256,2025-11-11,20252026,2,BOS,5,TOR,3
2025020257,2025-11-11,20252026,2,MTL,1,LAK,5
2025020258,2025-11-11,20252026,2,OTT,2,DAL,3
2025020259,2025-11-11,20252026,2,CAR,1,WSH,4
2025020260,2025-11-11,20252026,2,STL,3,CGY,2
2025020261,2025-11-11,20252026,2,MIN,1,SJS,2
2025020262,2025-11-11,20252026,2,COL,4,ANA,1
2025020263,2025-11-11,20252026,2,VAN,3,WPG,5
2025020264,2025-11-11,20252026,2,SEA,1,CBJ,2
2025020265,2025-11-12,20252026,2,TBL,3,NYR,7
2025020266,2025-11-12,20252026,2,PHI,1,EDM,2
2025020267,2025-11-12,20252026,2,UTA,5,BUF,2
2025020268,2025-11-12,20252026,2,CHI,3,NJD,4
2025020269,2025-11-13,20252026,2,TOR,3,LAK,4
2025020270,2025-11-13,20252026,2,MTL,0,DAL,7
2025020271,2025-11-13,20252026,2,OTT,5,BOS,3
2025020272,2025-11-13,20252026,2,DET,6,ANA,3
2025020273,2025-11-13,20252026,2,FLA,6,WSH,3
2025020274,2025-11-13,20252026,2,CBJ,5,EDM,4
2025020275,2025-11-13,20252026,2,COL,6,BUF,3
2025020276,2025-11-13,20252026,2,CGY,2,SJS,0
2025020277,2025-11-13,20252026,2,VGK,3,NYI,4
2025020278,2025-11-13,20252026,2,SEA,5,WPG,3
2025020279,2025-11-14,20252026,2,CAR,4,VAN,3
2025020280,2025-11-14,20252026,2,STL,5,PHI,6
2025020281,2025-11-14,20252026,2,NSH,2,PIT,1
2025020282,2025-11-14,20252026,2,UTA,2,NYI,3
2025020283,2025-11-15,20252026,2,FLA,1,TBL,3
2025020284,2025-11-15,20252026,2,MIN,2,ANA,0
2025020285,2025-11-15,20252026,2,MTL,2,BOS,3
2025020286,2025-11-15,20252026,2,OTT,0,LAK,1
2025020287,2025-11-15,20252026,2,DET,4,BUF,5
2025020288,2025-11-15,20252026,2,WSH,2,NJD,3
2025020289,2025-11-15,20252026,2,CAR,3,EDM,4
2025020290,2025-11-15,20252026,2,CBJ,1,NYR,2
2025020291,2025-11-15,20252026,2,CHI,3,TOR,2
2025020292,2025-11-15,20252026,2,STL,1,VGK,4
2025020293,2025-11-15,20252026,2,DAL,5,PHI,1
2025020294,2025-11-15,20252026,2,CGY,3,WPG,4
2025020295,2025-11-15,20252026,2,SEA,4,SJS,1
2025020296,2025-11-16,20252026,2,PIT,4,NSH,0
2025020297,2025-11-16,20252026,2,TBL,2,VAN,6
2025020298,2025-11-16,20252026,2,MIN,3,VGK,2
2025020299,2025-11-16,20252026,2,NYR,1,DET,2
2025020300,2025-11-16,20252026,2,COL,4,NYI,1
2025020301,2025-11-17,20252026,2,BOS,1,CAR,3
2025020302,2025-11-17,20252026,2,BUF,5,EDM,1
2025020303,2025-11-17,20252026,2,FLA,8,VAN,5
2025020304,2025-11-17,20252026,2,WSH,2,LAK,1
2025020305,2025-11-17,20252026,2,CBJ,4,MTL,3
2025020306,2025-11-17,20252026,2,ANA,3,UTA,2
2025020307,2025-11-18,20252026,2,TOR,3,STL,2
2025020308,2025-11-18,20252026,2,DET,4,SEA,2
2025020309,2025-11-18,20252026,2,TBL,5,NJD,1
2025020310,2025-11-18,20252026,2,DAL,2,NYI,3
2025020311,2025-11-18,20252026,2,WPG,5,CBJ,2
2025020312,2025-11-18,20252026,2,CHI,5,CGY,2
2025020313,2025-11-18,20252026,2,VGK,3,NYR,2
2025020314,2025-11-18,20252026,2,SJS,3,UTA,2
2025020315,2025-11-19,20252026,2,WSH,7,EDM,4
2025020316,2025-11-19,20252026,2,BUF,2,CGY,6
2025020317,2025-11-19,20252026,2,MIN,4,CAR,3
2025020318,2025-11-19,20252026,2,ANA,4,BOS,3
2025020319,2025-11-20,20252026,2,TOR,2,CBJ,3
2025020320,2025-11-20,20252026,2,MTL,4,WSH,8
2025020321,2025-11-20,20252026,2,DET,0,NYI,5
2025020322,2025-11-20,20252026,2,TBL,2,EDM,1
2025020323,2025-11-20,20252026,2,FLA,1,NJD,0
2025020324,2025-11-20,20252026,2,PHI,3,STL,2
2025020325,2025-11-20,20252026,2,CHI,2,SEA,3
2025020326,2025-11-20,20252026,2,COL,6,NYR,3
2025020327,2025-11-20,20252026,2,UTA,1,VGK,4
2025020328,2025-11-20,20252026,2,VAN,2,DAL,4
2025020329,2025-11-20,20252026,2,ANA,2,OTT,3
2025020330,2025-11-20,20252026,2,SJS,4,LAK,3
2025020331,2025-11-21,20252026,2,BUF,9,CHI,3
2025020332,2025-11-21,20252026,2,PIT,0,MIN,5
2025020333,2025-11-21,20252026,2,WPG,3,CAR,4
2025020334,2025-11-21,20252026,2,LAK,1,BOS,2
2025020335,2025-11-22,20252026,2,DET,4,CBJ,3
2025020336,2025-11-22,20252026,2,NYI,1,STL,2
2025020337,2025-11-22,20252026,2,MTL,5,TOR,2
2025020338,2025-11-22,20252026,2,FLA,3,EDM,6
2025020339,2025-11-22,20252026,2,PHI,6,NJD,3
2025020340,2025-11-22,20252026,2,PIT,2,SEA,3
2025020341,2025-11-22,20252026,2,WSH,3,TBL,5
2025020342,2025-11-22,20252026,2,SJS,2,OTT,3
2025020343,2025-11-22,20252026,2,NSH,0,COL,3
2025020344,2025-11-22,20252026,2,UTA,3,NYR,2
2025020345,2025-11-22,20252026,2,CGY,3,DAL,2
2025020346,2025-11-22,20252026,2,ANA,4,VGK,3
2025020347,2025-11-23,20252026,2,BUF,4,CAR,1
2025020348,2025-11-23,20252026,2,WPG,0,MIN,3
2025020349,2025-11-23,20252026,2,NYI,1,SEA,0
2025020350,2025-11-23,20252026,2,CHI,0,COL,1
2025020351,2025-11-23,20252026,2,SJS,3,BOS,1
2025020352,2025-11-23,20252026,2,VAN,2,CGY,5
2025020353,2025-11-24,20252026,2,TBL,3,PHI,0
2025020354,2025-11-24,20252026,2,NJD,4,DET,3
2025020355,2025-11-24,20252026,2,NYR,3,STL,2
2025020356,2025-11-24,20252026,2,WSH,5,CBJ,1
2025020357,2025-11-24,20252026,2,NSH,3,FLA,8
2025020358,2025-11-24,20252026,2,UTA,5,VGK,1
2025020359,2025-11-24,20252026,2,LAK,2,OTT,1
2025020360,2025-11-25,20252026,2,EDM,3,DAL,8
2025020361,2025-11-26,20252026,2,DET,3,NSH,6
2025020362,2025-11-26,20252026,2,TBL,5,CGY,1
2025020363,2025-11-26,20252026,2,FLA,2,PHI,4
2025020364,2025-11-26,20252026,2,NJD,3,STL,2
2025020365,2025-11-26,20252026,2,NYI,1,BOS,3
2025020366,2025-11-26,20252026,2,PIT,4,BUF,2
2025020367,2025-11-26,20252026,2,WSH,4,WPG,3
2025020368,2025-11-26,20252026,2,CAR,2,NYR,4
2025020369,2025-11-26,20252026,2,CBJ,1,TOR,2
2025020370,2025-11-26,20252026,2,CHI,3,MIN,4
2025020371,2025-11-26,20252026,2,COL,6,SJS,0
2025020372,2025-11-26,20252026,2,UTA,3,MTL,4
2025020373,2025-11-26,20252026,2,VGK,3,OTT,4
2025020374,2025-11-26,20252026,2,ANA,4,VAN,5
2025020375,2025-11-26,20252026,2,SEA,2,DAL,3
2025020376,2025-11-28,20252026,2,BOS,2,NYR,6
2025020377,2025-11-28,20252026,2,DET,3,TBL,6
2025020378,2025-11-28,20252026,2,MIN,3,COL,2
2025020379,2025-11-28,20252026,2,BUF,0,NJD,5
2025020380,2025-11-28,20252026,2,FLA,3,CGY,5
2025020381,2025-11-28,20252026,2,NYI,3,PHI,4
2025020382,2025-11-28,20252026,2,STL,4,OTT,3
2025020383,2025-11-28,20252026,2,VGK,1,MTL,4
2025020384,2025-11-28,20252026,2,ANA,5,LAK,4
2025020385,2025-11-28,20252026,2,SJS,3,VAN,2
2025020386,2025-11-28,20252026,2,WSH,4,TOR,2
2025020387,2025-11-28,20252026,2,CAR,5,WPG,1
2025020388,2025-11-28,20252026,2,CBJ,3,PIT,4
2025020389,2025-11-28,20252026,2,CHI,3,NSH,4
2025020390,2025-11-28,20252026,2,DAL,4,UTA,3
2025020391,2025-11-29,20252026,2,NYR,1,TBL,4
2025020392,2025-11-29,20252026,2,COL,7,MTL,2
2025020393,2025-11-29,20252026,2,SEA,0,EDM,4
2025020394,2025-11-29,20252026,2,BOS,3,DET,2
2025020395,2025-11-29,20252026,2,NJD,3,PHI,5
2025020396,2025-11-29,20252026,2,PIT,2,TOR,7
2025020397,2025-11-29,20252026,2,NSH,2,WPG,5
2025020398,2025-11-29,20252026,2,STL,1,UTA,0
2025020399,2025-11-29,20252026,2,MIN,2,BUF,3
2025020400,2025-11-29,20252026,2,VGK,4,SJS,3
2025020401,2025-11-29,20252026,2,LAK,2,VAN,1
2025020402,2025-11-30,20252026,2,NYI,1,WSH,4
2025020403,2025-11-30,20252026,2,CHI,5,ANA,3
2025020404,2025-11-30,20252026,2,CAR,1,CGY,0
2025020405,2025-11-30,20252026,2,DAL,6,OTT,1
2025020406,2025-12-01,20252026,2,NJD,3,CBJ,5
2025020407,2025-12-01,20252026,2,PHI,1,PIT,5
2025020408,2025-12-01,20252026,2,BUF,5,WPG,1
2025020409,2025-12-01,20252026,2,STL,1,ANA,4
2025020410,2025-12-01,20252026,2,SJS,6,UTA,3
2025020411,2025-12-02,20252026,2,MTL,2,OTT,5
2025020412,2025-12-02,20252026,2,DET,5,BOS,4
2025020413,2025-12-02,20252026,2,FLA,1,TOR,4
2025020414,2025-12-02,20252026,2,NYI,2,TBL,1
2025020415,2025-12-02,20252026,2,NYR,3,DAL,2
2025020416,2025-12-02,20252026,2,NSH,5,CGY,1
2025020417,2025-12-02,20252026,2,COL,3,VAN,1
2025020418,2025-12-02,20252026,2,EDM,0,MIN,1
2025020419,2025-12-02,20252026,2,VGK,4,CHI,3
2025020420,2025-12-02,20252026,2,LAK,1,WSH,3
2025020421,2025-12-03,20252026,2,NJD,0,DAL,3
2025020422,2025-12-03,20252026,2,MTL,3,WPG,2
2025020423,2025-12-03,20252026,2,PHI,5,BUF,2
2025020424,2025-12-03,20252026,2,ANA,0,UTA,7
2025020425,2025-12-03,20252026,2,SJS,1,WSH,7
2025020426,2025-12-04,20252026,2,BOS,5,STL,2
2025020427,2025-12-04,20252026,2,OTT,2,NYR,4
2025020428,2025-12-04,20252026,2,TBL,3,PIT,4
2025020429,2025-12-04,20252026,2,FLA,1,NSH,2
2025020430,2025-12-04,20252026,2,NYI,6,COL,3
2025020431,2025-12-04,20252026,2,CAR,1,TOR,5
2025020432,2025-12-04,20252026,2,CBJ,6,DET,5
2025020433,2025-12-04,20252026,2,CGY,4,MIN,1
2025020434,2025-12-04,20252026,2,EDM,9,SEA,4
2025020435,2025-12-04,20252026,2,LAK,1,CHI,2
2025020436,2025-12-05,20252026,2,NJD,0,VGK,3
2025020437,2025-12-05,20252026,2,WPG,4,BUF,1
2025020438,2025-12-05,20252026,2,DAL,4,SJS,1
2025020439,2025-12-05,20252026,2,VAN,1,UTA,4
2025020440,2025-12-05,20252026,2,ANA,4,WSH,3
2025020441,2025-12-06,20252026,2,NYR,2,COL,3
2025020442,2025-12-06,20252026,2,FLA,7,CBJ,6
2025020443,2025-12-06,20252026,2,BOS,4,NJD,1
2025020444,2025-12-06,20252026,2,TOR,1,MTL,2
2025020445,2025-12-06,20252026,2,OTT,1,STL,2
2025020446,2025-12-06,20252026,2,TBL,0,NYI,2
2025020447,2025-12-06,20252026,2,CAR,6,NSH,3
2025020448,2025-12-06,20252026,2,CGY,2,UTA,0
2025020449,2025-12-06,20252026,2,LAK,6,CHI,0
2025020450,2025-12-06,20252026,2,EDM,6,WPG,2
2025020451,2025-12-06,20252026,2,VAN,4,MIN,2
2025020452,2025-12-06,20252026,2,SEA,3,DET,4
2025020453,2025-12-07,20252026,2,PHI,2,COL,3
2025020454,2025-12-07,20252026,2,FLA,4,NYI,1
2025020455,2025-12-07,20252026,2,CAR,1,SJS,4
2025020456,2025-12-07,20252026,2,DAL,3,PIT,2
2025020457,2025-12-07,20252026,2,MTL,3,STL,4
2025020458,2025-12-07,20252026,2,NYR,2,VGK,3
2025020459,2025-12-07,20252026,2,WSH,2,CBJ,0
2025020460,2025-12-07,20252026,2,ANA,7,CHI,1
2025020461,2025-12-08,20252026,2,TOR,2,TBL,0
2025020462,2025-12-08,20252026,2,UTA,2,LAK,4
2025020463,2025-12-08,20252026,2,CGY,7,BUF,4
2025020464,2025-12-08,20252026,2,VAN,0,DET,4
2025020465,2025-12-08,20252026,2,SEA,1,MIN,4
2025020466,2025-12-09,20252026,2,MTL,1,TBL,6
2025020467,2025-12-09,20252026,2,OTT,3,NJD,4
2025020468,2025-12-09,20252026,2,NYI,5,VGK,4
2025020469,2025-12-09,20252026,2,PHI,4,SJS,1
2025020470,2025-12-09,20252026,2,PIT,3,ANA,4
2025020471,2025-12-09,20252026,2,CAR,4,CBJ,1
2025020472,2025-12-09,20252026,2,STL,2,BOS,5
2025020473,2025-12-09,20252026,2,WPG,3,DAL,4
2025020474,2025-12-09,20252026,2,EDM,3,BUF,4
2025020475,2025-12-09,20252026,2,NSH,4,COL,3
2025020476,2025-12-10,20252026,2,CHI,3,NYR,0
2025020477,2025-12-10,20252026,2,CGY,3,DET,4
2025020478,2025-12-10,20252026,2,UTA,3,FLA,4
2025020479,2025-12-10,20252026,2,SEA,3,LAK,2
2025020480,2025-12-11,20252026,2,TOR,2,SJS,3
2025020481,2025-12-11,20252026,2,NJD,4,TBL,8
2025020482,2025-12-11,20252026,2,NYI,5,ANA,2
2025020483,2025-12-11,20252026,2,PHI,2,VGK,3
2025020484,2025-12-11,20252026,2,PIT,2,MTL,4
2025020485,2025-12-11,20252026,2,WSH,2,CAR,3
2025020486,2025-12-11,20252026,2,CBJ,3,OTT,6
2025020487,2025-12-11,20252026,2,NSH,7,STL,2
2025020488,2025-12-11,20252026,2,MIN,5,DAL,2
2025020489,2025-12-11,20252026,2,WPG,3,BOS,6
2025020490,2025-12-11,20252026,2,COL,6,FLA,2
2025020491,2025-12-11,20252026,2,EDM,4,DET,1
2025020492,2025-12-11,20252026,2,VAN,2,BUF,3
2025020493,2025-12-12,20252026,2,STL,3,CHI,2
2025020494,2025-12-12,20252026,2,UTA,5,SEA,3
2025020495,2025-12-13,20252026,2,NJD,4,ANA,1
2025020496,2025-12-13,20252026,2,MIN,3,OTT,2
2025020497,2025-12-13,20252026,2,PIT,5,SJS,6
2025020498,2025-12-13,20252026,2,NYI,3,TBL,2
2025020499,2025-12-13,20252026,2,TOR,3,EDM,6
2025020500,2025-12-13,20252026,2,NYR,5,MTL,4
2025020501,2025-12-13,20252026,2,PHI,3,CAR,4
2025020502,2025-12-13,20252026,2,CBJ,2,VGK,3
2025020503,2025-12-13,20252026,2,WPG,5,WSH,1
2025020504,2025-12-13,20252026,2,CHI,0,DET,4
2025020505,2025-12-13,20252026,2,DAL,0,FLA,4
2025020506,2025-12-13,20252026,2,COL,4,NSH,2
2025020507,2025-12-13,20252026,2,LAK,1,CGY,2
2025020508,2025-12-14,20252026,2,NJD,1,VAN,2
2025020509,2025-12-14,20252026,2,PIT,4,UTA,5
2025020510,2025-12-14,20252026,2,CAR,3,PHI,2
2025020511,2025-12-14,20252026,2,MIN,6,BOS,2
2025020512,2025-12-14,20252026,2,MTL,4,EDM,1
2025020513,2025-12-14,20252026,2,SEA,1,BUF,3
2025020514,2025-12-15,20252026,2,TBL,2,FLA,5
2025020515,2025-12-15,20252026,2,NYR,1,ANA,4
2025020516,2025-12-15,20252026,2,WPG,2,OTT,3
2025020517,2025-12-15,20252026,2,STL,2,NSH,5
2025020518,2025-12-15,20252026,2,DAL,4,LAK,1
2025020519,2025-12-16,20252026,2,BOS,4,UTA,1
2025020520,2025-12-16,20252026,2,TOR,3,CHI,2
2025020521,2025-12-16,20252026,2,MTL,1,PHI,4
2025020522,2025-12-16,20252026,2,DET,3,NYI,2
2025020523,2025-12-16,20252026,2,NYR,0,VAN,3
2025020524,2025-12-16,20252026,2,PIT,4,EDM,6
2025020525,2025-12-16,20252026,2,CBJ,4,ANA,3
2025020526,2025-12-16,20252026,2,MIN,5,WSH,0
2025020527,2025-12-16,20252026,2,SJS,6,CGY,3
2025020528,2025-12-16,20252026,2,SEA,3,COL,5
2025020529,2025-12-17,20252026,2,FLA,3,LAK,2
2025020530,2025-12-17,20252026,2,DET,1,UTA,4
2025020531,2025-12-17,20252026,2,STL,1,WPG,0
2025020532,2025-12-17,20252026,2,NSH,1,CAR,4
2025020533,2025-12-17,20252026,2,VGK,1,NJD,2
2025020534,2025-12-18,20252026,2,BOS,1,EDM,3
2025020535,2025-12-18,20252026,2,BUF,5,PHI,3
2025020536,2025-12-18,20252026,2,MTL,4,CHI,1
2025020537,2025-12-18,20252026,2,OTT,4,PIT,0
2025020538,2025-12-18,20252026,2,TBL,1,LAK,2
2025020539,2025-12-18,20252026,2,WSH,4,TOR,0
2025020540,2025-12-18,20252026,2,CBJ,2,MIN,5
2025020541,2025-12-18,20252026,2,STL,1,NYR,2
2025020542,2025-12-18,20252026,2,CGY,4,SEA,2
2025020543,2025-12-18,20252026,2,SJS,3,DAL,5
2025020544,2025-12-19,20252026,2,FLA,4,CAR,3
2025020545,2025-12-19,20252026,2,NYI,1,VAN,4
2025020546,2025-12-19,20252026,2,COL,3,WPG,2
2025020547,2025-12-19,20252026,2,UTA,1,NJD,2
2025020548,2025-12-19,20252026,2,ANA,3,DAL,8
2025020549,2025-12-20,20252026,2,NYR,5,PHI,4
2025020550,2025-12-20,20252026,2,WSH,2,DET,5
2025020551,2025-12-20,20252026,2,OTT,6,CHI,4
2025020552,2025-12-20,20252026,2,MIN,5,EDM,2
2025020553,2025-12-20,20252026,2,BUF,3,NYI,2
2025020554,2025-12-20,20252026,2,FLA,2,STL,6
2025020555,2025-12-20,20252026,2,BOS,4,VAN,5
2025020556,2025-12-20,20252026,2,MTL,4,PIT,0
2025020557,2025-12-20,20252026,2,TBL,6,CAR,4
2025020558,2025-12-20,20252026,2,NSH,5,TOR,3
2025020559,2025-12-20,20252026,2,CGY,6,VGK,3
2025020560,2025-12-20,20252026,2,ANA,4,CBJ,3
2025020561,2025-12-20,20252026,2,SJS,2,SEA,4
2025020562,2025-12-21,20252026,2,DET,3,WSH,2
2025020563,2025-12-21,20252026,2,MIN,1,COL,5
2025020564,2025-12-21,20252026,2,BOS,2,OTT,6
2025020565,2025-12-21,20252026,2,NJD,1,BUF,3
2025020566,2025-12-21,20252026,2,PIT,4,MTL,3
2025020567,2025-12-21,20252026,2,NSH,2,NYR,1
2025020568,2025-12-21,20252026,2,DAL,5,TOR,1
2025020569,2025-12-21,20252026,2,UTA,4,WPG,3
2025020570,2025-12-21,20252026,2,EDM,4,VGK,3
2025020571,2025-12-22,20252026,2,TBL,4,STL,1
2025020572,2025-12-22,20252026,2,PHI,5,VAN,2
2025020573,2025-12-22,20252026,2,ANA,1,SEA,3
2025020574,2025-12-22,20252026,2,LAK,1,CBJ,3
2025020575,2025-12-23,20252026,2,TOR,6,PIT,3
2025020576,2025-12-23,20252026,2,WSH,3,NYR,7
2025020577,2025-12-23,20252026,2,BOS,2,MTL,6
2025020578,2025-12-23,20252026,2,OTT,2,BUF,3
2025020579,2025-12-23,20252026,2,DET,4,DAL,3
2025020580,2025-12-23,20252026,2,NYI,2,NJD,1
2025020581,2025-12-23,20252026,2,CAR,2,FLA,5
2025020582,2025-12-23,20252026,2,MIN,2,NSH,3
2025020583,2025-12-23,20252026,2,CHI,1,PHI,3
2025020584,2025-12-23,20252026,2,COL,1,UTA,0
2025020585,2025-12-23,20252026,2,EDM,5,CGY,1
2025020586,2025-12-23,20252026,2,VGK,7,SJS,2
2025020587,2025-12-23,20252026,2,LAK,2,SEA,3
2025020588,2025-12-27,20252026,2,NYI,2,NYR,0
2025020589,2025-12-27,20252026,2,BUF,4,BOS,1
2025020590,2025-12-27,20252026,2,TOR,7,OTT,5
2025020591,2025-12-27,20252026,2,FLA,2,TBL,4
2025020592,2025-12-27,20252026,2,NJD,3,WSH,4
2025020593,2025-12-27,20252026,2,CAR,5,DET,2
2025020594,2025-12-27,20252026,2,WPG,3,MIN,4
2025020595,2025-12-27,20252026,2,STL,3,NSH,2
2025020596,2025-12-27,20252026,2,DAL,3,CHI,4
2025020597,2025-12-27,20252026,2,LAK,6,ANA,1
2025020598,2025-12-27,20252026,2,CGY,3,EDM,2
2025020599,2025-12-27,20252026,2,VAN,3,SJS,6
2025020600,2025-12-27,20252026,2,VGK,5,COL,6
2025020601,2025-12-28,20252026,2,DET,3,TOR,2
2025020602,2025-12-28,20252026,2,TBL,5,MTL,4
2025020603,2025-12-28,20252026,2,CBJ,4,NYI,2
2025020604,2025-12-28,20252026,2,CHI,3,PIT,7
2025020605,2025-12-28,20252026,2,SEA,4,PHI,1
2025020606,2025-12-29,20252026,2,OTT,1,CBJ,4
2025020607,2025-12-29,20252026,2,FLA,5,WSH,3
2025020608,2025-12-29,20252026,2,CAR,3,NYR,2
2025020609,2025-12-29,20252026,2,WPG,1,EDM,3
2025020610,2025-12-29,20252026,2,STL,2,BUF,4
2025020611,2025-12-29,20252026,2,COL,5,LAK,2
2025020612,2025-12-29,20252026,2,UTA,3,NSH,4
2025020613,2025-12-29,20252026,2,CGY,2,BOS,1
2025020614,2025-12-29,20252026,2,VGK,2,MIN,5
2025020615,2025-12-29,20252026,2,ANA,4,SJS,5
2025020616,2025-12-29,20252026,2,SEA,2,VAN,3
2025020617,2025-12-30,20252026,2,TOR,4,NJD,0
2025020618,2025-12-30,20252026,2,FLA,2,MTL,3
2025020619,2025-12-30,20252026,2,PIT,5,CAR,1
2025020620,2025-12-30,20252026,2,CHI,2,NYI,3
2025020621,2025-12-30,20252026,2,VAN,3,PHI,6
2025020622,2025-12-31,20252026,2,WSH,6,NYR,3
2025020623,2025-12-31,20252026,2,VGK,2,NSH,4
2025020624,2025-12-31,20252026,2,ANA,3,TBL,4
2025020625,2025-12-31,20252026,2,SJS,4,MIN,3
2025020626,2025-12-31,20252026,2,DET,2,WPG,1
2025020627,2025-12-31,20252026,2,CBJ,2,NJD,3
2025020628,2025-12-31,20252026,2,DAL,1,BUF,4
2025020629,2025-12-31,20252026,2,COL,6,STL,1
2025020630,2025-12-31,20252026,2,CGY,5,PHI,1
2025020631,2025-12-31,20252026,2,EDM,2,BOS,6
2025020632,2026-01-01,20252026,2,OTT,4,WSH,3
2025020633,2026-01-01,20252026,2,NYI,2,UTA,7
2025020634,2026-01-01,20252026,2,TOR,6,WPG,5
2025020635,2026-01-01,20252026,2,PIT,4,DET,3
2025020636,2026-01-01,20252026,2,CAR,5,MTL,7
2025020637,2026-01-01,20252026,2,CHI,4,DAL,3
2025020638,2026-01-01,20252026,2,SEA,4,NSH,1
2025020639,2026-01-01,20252026,2,LAK,3,TBL,5
2025020640,2026-01-02,20252026,2,STL,4,VGK,3
2025020641,2026-01-02,20252026,2,FLA,1,NYR,5
2025020642,2026-01-02,20252026,2,VAN,3,SEA,4
2025020643,2026-01-02,20252026,2,ANA,2,MIN,5
2025020644,2026-01-03,20252026,2,DET,1,PIT,4
2025020645,2026-01-03,20252026,2,NJD,4,UTA,1
2025020646,2026-01-03,20252026,2,CBJ,5,BUF,1
2025020647,2026-01-03,20252026,2,EDM,2,PHI,5
2025020648,2026-01-03,20252026,2,STL,2,MTL,0
2025020649,2026-01-03,20252026,2,SJS,3,TBL,7
2025020650,2026-01-03,20252026,2,OTT,4,WPG,2
2025020651,2026-01-03,20252026,2,NYI,4,TOR,3
2025020652,2026-01-03,20252026,2,WSH,2,CHI,3
2025020653,2026-01-03,20252026,2,CAR,3,COL,5
2025020654,2026-01-03,20252026,2,CGY,3,NSH,4
2025020655,2026-01-03,20252026,2,LAK,5,MIN,4
2025020656,2026-01-03,20252026,2,VAN,2,BOS,3
2025020657,2026-01-04,20252026,2,DAL,3,MTL,4
2025020658,2026-01-04,20252026,2,CBJ,4,PIT,5
2025020659,2026-01-04,20252026,2,FLA,2,COL,1
2025020660,2026-01-04,20252026,2,NJD,1,CAR,3
2025020661,2026-01-04,20252026,2,CHI,3,VGK,2
2025020662,2026-01-05,20252026,2,NYR,2,UTA,3
2025020663,2026-01-05,20252026,2,WSH,7,ANA,4
2025020664,2026-01-05,20252026,2,OTT,3,DET,5
2025020665,2026-01-05,20252026,2,CGY,1,SEA,5
2025020666,2026-01-05,20252026,2,LAK,4,MIN,2
2025020667,2026-01-06,20252026,2,BUF,5,VAN,3
2025020668,2026-01-06,20252026,2,TBL,4,COL,2
2025020669,2026-01-06,20252026,2,NYI,9,NJD,0
2025020670,2026-01-06,20252026,2,PHI,5,ANA,2
2025020671,2026-01-06,20252026,2,CAR,6,DAL,3
2025020672,2026-01-06,20252026,2,TOR,4,FLA,1
2025020673,2026-01-06,20252026,2,WPG,3,VGK,4
2025020674,2026-01-06,20252026,2,EDM,6,NSH,2
2025020675,2026-01-06,20252026,2,SJS,5,CBJ,2
2025020676,2026-01-06,20252026,2,SEA,7,BOS,4
2025020677,2026-01-07,20252026,2,WSH,1,DAL,4
2025020678,2026-01-07,20252026,2,MTL,4,CGY,1
2025020679,2026-01-07,20252026,2,CHI,7,STL,3
2025020680,2026-01-07,20252026,2,UTA,3,OTT,1
2025020681,2026-01-07,20252026,2,LAK,3,SJS,4
2025020682,2026-01-08,20252026,2,BOS,4,CGY,1
2025020683,2026-01-08,20252026,2,MTL,6,FLA,2
2025020684,2026-01-08,20252026,2,DET,5,VAN,1
2025020685,2026-01-08,20252026,2,NYR,2,BUF,5
2025020686,2026-01-08,20252026,2,PHI,1,TOR,2
2025020687,2026-01-08,20252026,2,PIT,4,NJD,1
2025020688,2026-01-08,20252026,2,CAR,5,ANA,2
2025020689,2026-01-08,20252026,2,NSH,2,NYI,1
2025020690,2026-01-08,20252026,2,WPG,3,EDM,4
2025020691,2026-01-08,20252026,2,COL,8,OTT,2
2025020692,2026-01-08,20252026,2,VGK,5,CBJ,3
2025020693,2026-01-08,20252026,2,SEA,2,MIN,3
2025020694,2026-01-09,20252026,2,CHI,1,WSH,5
2025020695,2026-01-09,20252026,2,WPG,5,LAK,1
2025020696,2026-01-09,20252026,2,UTA,4,STL,2
2025020697,2026-01-10,20252026,2,BOS,10,NYR,2
2025020698,2026-01-10,20252026,2,PIT,1,CGY,2
2025020699,2026-01-10,20252026,2,COL,4,CBJ,0
2025020700,2026-01-10,20252026,2,SJS,5,DAL,4
2025020701,2026-01-10,20252026,2,BUF,5,ANA,3
2025020702,2026-01-10,20252026,2,TOR,5,VAN,0
2025020703,2026-01-10,20252026,2,MTL,0,DET,4
2025020704,2026-01-10,20252026,2,OTT,2,FLA,3
2025020705,2026-01-10,20252026,2,PHI,2,TBL,7
2025020706,2026-01-10,20252026,2,CAR,3,SEA,2
2025020707,2026-01-10,20252026,2,NSH,0,CHI,3
2025020708,2026-01-10,20252026,2,MIN,3,NYI,4
2025020709,2026-01-10,20252026,2,EDM,3,LAK,4
2025020710,2026-01-10,20252026,2,VGK,4,STL,2
2025020711,2026-01-11,20252026,2,WPG,4,NJD,3
2025020712,2026-01-11,20252026,2,BOS,1,PIT,0
2025020713,2026-01-11,20252026,2,NSH,3,WSH,2
2025020714,2026-01-11,20252026,2,UTA,2,CBJ,3
2025020715,2026-01-11,20252026,2,SJS,2,VGK,7
2025020716,2026-01-12,20252026,2,BUF,3,FLA,4
2025020717,2026-01-12,20252026,2,DET,4,CAR,3
2025020718,2026-01-12,20252026,2,NYR,2,SEA,4
2025020719,2026-01-12,20252026,2,PHI,1,TBL,5
2025020720,2026-01-12,20252026,2,MTL,6,VAN,3
2025020721,2026-01-12,20252026,2,MIN,2,NJD,5
2025020722,2026-01-12,20252026,2,CHI,1,EDM,4
2025020723,2026-01-12,20252026,2,COL,3,TOR,4
2025020724,2026-01-12,20252026,2,LAK,1,DAL,3
2025020725,2026-01-13,20252026,2,OTT,2,VAN,1
2025020726,2026-01-13,20252026,2,PIT,1,TBL,2
2025020727,2026-01-13,20252026,2,WSH,3,MTL,2
2025020728,2026-01-13,20252026,2,CBJ,5,CGY,3
2025020729,2026-01-13,20252026,2,BOS,3,DET,0
2025020730,2026-01-13,20252026,2,STL,3,CAR,0
2025020731,2026-01-13,20252026,2,NSH,4,EDM,3
2025020732,2026-01-13,20252026,2,WPG,5,NYI,4
2025020733,2026-01-13,20252026,2,UTA,6,TOR,1
2025020734,2026-01-13,20252026,2,ANA,3,DAL,1
2025020735,2026-01-14,20252026,2,NJD,3,SEA,2
2025020736,2026-01-14,20252026,2,BUF,5,PHI,2
2025020737,2026-01-14,20252026,2,NYR,4,OTT,8
2025020738,2026-01-14,20252026,2,LAK,2,VGK,3
2025020739,2026-01-15,20252026,2,BOS,4,SEA,2
2025020740,2026-01-15,20252026,2,BUF,5,MTL,3
2025020741,2026-01-15,20252026,2,PIT,6,PHI,3
2025020742,2026-01-15,20252026,2,WSH,2,SJS,3
2025020743,2026-01-15,20252026,2,CBJ,4,VAN,1
2025020744,2026-01-15,20252026,2,MIN,2,WPG,6
2025020745,2026-01-15,20252026,2,CHI,1,CGY,3
2025020746,2026-01-15,20252026,2,UTA,2,DAL,1
2025020747,2026-01-15,20252026,2,EDM,0,NYI,1
2025020748,2026-01-15,20252026,2,VGK,6,TOR,5
2025020749,2026-01-16,20252026,2,DET,4,SJS,2
2025020750,2026-01-16,20252026,2,CAR,9,FLA,1
2025020751,2026-01-16,20252026,2,STL,3,TBL,2
2025020752,2026-01-16,20252026,2,COL,3,NSH,7
2025020753,2026-01-16,20252026,2,LAK,2,ANA,3
2025020754,2026-01-17,20252026,2,BUF,4,MIN,5
2025020755,2026-01-17,20252026,2,PHI,3,NYR,6
2025020756,2026-01-17,20252026,2,CGY,4,NYI,2
2025020757,2026-01-17,20252026,2,UTA,6,SEA,3
2025020758,2026-01-17,20252026,2,OTT,5,MTL,6
2025020759,2026-01-17,20252026,2,NJD,1,CAR,4
2025020760,2026-01-17,20252026,2,PIT,3,CBJ,4
2025020761,2026-01-17,20252026,2,WSH,2,FLA,5
2025020762,2026-01-17,20252026,2,WPG,3,TOR,4
2025020763,2026-01-17,20252026,2,CHI,2,BOS,5
2025020764,2026-01-17,20252026,2,VAN,0,EDM,6
2025020765,2026-01-17,20252026,2,VGK,7,NSH,2
2025020766,2026-01-17,20252026,2,ANA,2,LAK,1
2025020767,2026-01-18,20252026,2,DAL,1,TBL,4
2025020768,2026-01-18,20252026,2,DET,4,OTT,3
2025020769,2026-01-18,20252026,2,EDM,5,STL,0
2025020770,2026-01-19,20252026,2,CAR,2,BUF,1
2025020771,2026-01-19,20252026,2,COL,5,WSH,2
2025020772,2026-01-19,20252026,2,SEA,3,PIT,6
2025020773,2026-01-19,20252026,2,FLA,1,SJS,4
2025020774,2026-01-19,20252026,2,TOR,3,MIN,6
2025020775,2026-01-19,20252026,2,VGK,1,PHI,2
2025020776,2026-01-19,20252026,2,CHI,2,WPG,0
2025020777,2026-01-19,20252026,2,CGY,1,NJD,2
2025020778,2026-01-19,20252026,2,VAN,3,NYI,4
2025020779,2026-01-19,20252026,2,ANA,5,NYR,3
2025020780,2026-01-20,20252026,2,MTL,4,MIN,3
2025020781,2026-01-20,20252026,2,TBL,4,SJS,1
2025020782,2026-01-20,20252026,2,CBJ,1,OTT,4
2025020783,2026-01-20,20252026,2,DAL,6,BOS,2
2025020784,2026-01-20,20252026,2,NSH,3,BUF,5
2025020785,2026-01-20,20252026,2,WPG,3,STL,1
2025020786,2026-01-20,20252026,2,EDM,1,NJD,2
2025020787,2026-01-20,20252026,2,LAK,4,NYR,3
2025020788,2026-01-21,20252026,2,TOR,1,DET,2
2025020789,2026-01-21,20252026,2,COL,1,ANA,2
2025020790,2026-01-21,20252026,2,UTA,5,PHI,4
2025020791,2026-01-21,20252026,2,CGY,1,PIT,4
2025020792,2026-01-21,20252026,2,VAN,4,WSH,3
2025020793,2026-01-21,20252026,2,SEA,4,NYI,1
2025020794,2026-01-22,20252026,2,BOS,4,VGK,3
2025020795,2026-01-22,20252026,2,MTL,2,BUF,4
2025020796,2026-01-22,20252026,2,CAR,3,CHI,4
2025020797,2026-01-22,20252026,2,CBJ,1,DAL,0
2025020798,2026-01-22,20252026,2,NSH,5,OTT,3
2025020799,2026-01-22,20252026,2,WPG,1,FLA,2
2025020800,2026-01-22,20252026,2,EDM,2,PIT,6
2025020801,2026-01-22,20252026,2,MIN,4,DET,3
2025020802,2026-01-23,20252026,2,TOR,3,VGK,6
2025020803,2026-01-23,20252026,2,CHI,1,TBL,2
2025020804,2026-01-23,20252026,2,DAL,3,STL,2
2025020805,2026-01-23,20252026,2,COL,3,PHI,7
2025020806,2026-01-23,20252026,2,CGY,1,WSH,3
2025020807,2026-01-23,20252026,2,VAN,4,NJD,5
2025020808,2026-01-23,20252026,2,SJS,3,NYR,1
2025020809,2026-01-23,20252026,2,SEA,2,ANA,4
2025020810,2026-01-24,20252026,2,NYI,0,BUF,5
2025020811,2026-01-24,20252026,2,NSH,2,UTA,5
2025020812,2026-01-24,20252026,2,BOS,4,MTL,3
2025020813,2026-01-24,20252026,2,OTT,1,CAR,4
2025020814,2026-01-24,20252026,2,CBJ,8,TBL,5
2025020815,2026-01-24,20252026,2,WPG,1,DET,5
2025020816,2026-01-24,20252026,2,STL,4,LAK,5
2025020817,2026-01-24,20252026,2,MIN,3,FLA,4
2025020818,2026-01-24,20252026,2,EDM,6,WSH,5
2025020819,2026-01-25,20252026,2,TOR,1,COL,4
2025020820,2026-01-25,20252026,2,SEA,4,NJD,2
2025020821,2026-01-25,20252026,2,OTT,7,VGK,1
2025020822,2026-01-25,20252026,2,VAN,2,PIT,3
2025020823,2026-01-25,20252026,2,CHI,1,FLA,5
2025020824,2026-01-25,20252026,2,CGY,3,ANA,4
2025020825,2026-01-26,20252026,2,TBL,2,UTA,0
2025020826,2026-01-26,20252026,2,NYR,4,BOS,3
2025020827,2026-01-26,20252026,2,PHI,0,NYI,4
2025020829,2026-01-26,20252026,2,EDM,7,ANA,4
2025020830,2026-01-27,20252026,2,BOS,3,NSH,2
2025020831,2026-01-27,20252026,2,TOR,4,BUF,7
2025020832,2026-01-27,20252026,2,MTL,3,VGK,2
2025020833,2026-01-27,20252026,2,DET,1,LAK,3
2025020834,2026-01-27,20252026,2,FLA,3,UTA,4
2025020835,2026-01-27,20252026,2,NJD,3,WPG,4
2025020836,2026-01-27,20252026,2,STL,3,DAL,4
2025020837,2026-01-27,20252026,2,MIN,4,CHI,3
2025020838,2026-01-27,20252026,2,VAN,2,SJS,5
2025020839,2026-01-27,20252026,2,SEA,5,WSH,1
2025020840,2026-01-28,20252026,2,CBJ,5,PHI,3
2025020841,2026-01-28,20252026,2,OTT,5,COL,2
2025020842,2026-01-28,20252026,2,NYI,5,NYR,2
2025020843,2026-01-29,20252026,2,BOS,6,PHI,3
2025020844,2026-01-29,20252026,2,BUF,4,LAK,1
2025020845,2026-01-29,20252026,2,MTL,7,COL,3
2025020846,2026-01-29,20252026,2,DET,3,WSH,4
2025020847,2026-01-29,20252026,2,TBL,4,WPG,1
2025020848,2026-01-29,20252026,2,NJD,3,NSH,2
2025020849,2026-01-29,20252026,2,NYR,1,NYI,2
2025020850,2026-01-29,20252026,2,PIT,6,CHI,2
2025020851,2026-01-29,20252026,2,CAR,5,UTA,4
2025020852,2026-01-29,20252026,2,STL,5,FLA,4
2025020853,2026-01-29,20252026,2,MIN,4,CGY,1
2025020854,2026-01-29,20252026,2,EDM,4,SJS,3
2025020855,2026-01-29,20252026,2,VAN,2,ANA,0
2025020856,2026-01-29,20252026,2,VGK,4,DAL,5
2025020857,2026-01-29,20252026,2,SEA,5,TOR,2
2025020858,2026-01-30,20252026,2,CHI,2,CBJ,4
2025020859,2026-01-31,20252026,2,PHI,2,LAK,3
2025020860,2026-01-31,20252026,2,DET,0,COL,5
2025020861,2026-01-31,20252026,2,PIT,6,NYR,5
2025020862,2026-01-31,20252026,2,FLA,1,WPG,2
2025020863,2026-01-31,20252026,2,CGY,3,SJS,2
2025020864,2026-01-31,20252026,2,WSH,4,CAR,3
2025020865,2026-01-31,20252026,2,BUF,2,MTL,4
2025020866,2026-01-31,20252026,2,OTT,4,NJD,1
2025020867,2026-01-31,20252026,2,NYI,3,NSH,4
2025020868,2026-01-31,20252026,2,STL,3,CBJ,5
2025020869,2026-01-31,20252026,2,VAN,2,TOR,3
2025020870,2026-01-31,20252026,2,UTA,2,DAL,3
2025020871,2026-01-31,20252026,2,EDM,3,MIN,7
2025020872,2026-01-31,20252026,2,VGK,2,SEA,3
2025020873,2026-02-01,20252026,2,TBL,6,BOS,5
2025020874,2026-02-01,20252026,2,CAR,3,LAK,2
2025020875,2026-02-01,20252026,2,ANA,4,VGK,3
2025020876,2026-02-02,20252026,2,FLA,3,BUF,5
2025020877,2026-02-02,20252026,2,PIT,2,OTT,3
2025020878,2026-02-02,20252026,2,WSH,4,NYI,1
2025020879,2026-02-02,20252026,2,MIN,4,MTL,3
2025020880,2026-02-02,20252026,2,NSH,6,STL,5
2025020881,2026-02-02,20252026,2,CHI,6,SJS,3
2025020882,2026-02-02,20252026,2,DAL,4,WPG,3
2025020883,2026-02-02,20252026,2,COL,0,DET,2
2025020884,2026-02-02,20252026,2,UTA,6,VAN,2
2025020885,2026-02-02,20252026,2,CGY,2,TOR,4
2025020886,2026-02-03,20252026,2,TBL,4,BUF,3
2025020887,2026-02-03,20252026,2,NJD,0,CBJ,3
2025020888,2026-02-03,20252026,2,NYI,5,PIT,4
2025020889,2026-02-03,20252026,2,PHI,4,WSH,2
2025020890,2026-02-03,20252026,2,CAR,4,OTT,3
2025020891,2026-02-03,20252026,2,EDM,2,TOR,5
2025020892,2026-02-03,20252026,2,ANA,4,SEA,2
2025020893,2026-02-04,20252026,2,FLA,5,BOS,4
2025020894,2026-02-04,20252026,2,CBJ,4,CHI,0
2025020895,2026-02-04,20252026,2,WPG,1,MTL,5
2025020896,2026-02-04,20252026,2,NSH,5,MIN,6
2025020897,2026-02-04,20252026,2,COL,4,SJS,2
2025020898,2026-02-04,20252026,2,UTA,4,DET,1
2025020899,2026-02-04,20252026,2,DAL,5,STL,4
2025020900,2026-02-04,20252026,2,CGY,4,EDM,3
2025020901,2026-02-04,20252026,2,VGK,5,VAN,2
2025020902,2026-02-04,20252026,2,LAK,2,SEA,4
2025020903,2026-02-05,20252026,2,BUF,2,PIT,5
2025020904,2026-02-05,20252026,2,TBL,6,FLA,1
2025020905,2026-02-05,20252026,2,NJD,1,NYI,3
2025020906,2026-02-05,20252026,2,NYR,0,CAR,2
2025020907,2026-02-05,20252026,2,PHI,1,OTT,2
2025020908,2026-02-05,20252026,2,WSH,4,NSH,2
2025020909,2026-02-05,20252026,2,VGK,4,LAK,1
2025020910,2026-02-25,20252026,2,NJD,1,BUF,2
2025020911,2026-02-25,20252026,2,WSH,3,PHI,1
2025020912,2026-02-25,20252026,2,TBL,4,TOR,2
2025020913,2026-02-25,20252026,2,DAL,4,SEA,1
2025020914,2026-02-25,20252026,2,UTA,2,COL,4
2025020915,2026-02-25,20252026,2,VAN,2,WPG,3
2025020916,2026-02-25,20252026,2,LAK,4,VGK,6
2025020917,2026-02-25,20252026,2,ANA,6,EDM,5
2025020918,2026-02-26,20252026,2,BOS,4,CBJ,2
2025020919,2026-02-26,20252026,2,MTL,3,NYI,4
2025020920,2026-02-26,20252026,2,OTT,1,DET,2
2025020921,2026-02-26,20252026,2,FLA,5,TOR,1
2025020922,2026-02-26,20252026,2,PIT,4,NJD,1
2025020923,2026-02-26,20252026,2,CAR,5,TBL,4
2025020924,2026-02-26,20252026,2,NYR,2,PHI,3
2025020925,2026-02-26,20252026,2,STL,5,SEA,1
2025020926,2026-02-26,20252026,2,NSH,4,CHI,2
2025020927,2026-02-26,20252026,2,COL,2,MIN,5
2025020928,2026-02-26,20252026,2,SJS,1,CGY,4
2025020929,2026-02-26,20252026,2,LAK,1,EDM,8
2025020930,2026-02-27,20252026,2,FLA,2,BUF,3
2025020931,2026-02-27,20252026,2,WSH,3,VGK,2
2025020932,2026-02-27,20252026,2,UTA,5,MIN,2
2025020933,2026-02-27,20252026,2,ANA,5,WPG,4
2025020934,2026-02-28,20252026,2,NYR,3,PIT,2
2025020935,2026-02-28,20252026,2,PHI,3,BOS,1
2025020936,2026-02-28,20252026,2,SJS,5,EDM,4
2025020937,2026-02-28,20252026,2,CBJ,3,NYI,4
2025020938,2026-02-28,20252026,2,COL,3,CHI,1
2025020939,2026-02-28,20252026,2,TOR,2,OTT,5
2025020940,2026-02-28,20252026,2,MTL,6,WSH,2
2025020941,2026-02-28,20252026,2,TBL,2,BUF,6
2025020942,2026-02-28,20252026,2,CAR,5,DET,2
2025020943,2026-02-28,20252026,2,STL,1,NJD,3
2025020944,2026-02-28,20252026,2,LAK,2,CGY,0
2025020945,2026-02-28,20252026,2,DAL,3,NSH,2
2025020946,2026-02-28,20252026,2,SEA,5,VAN,1
2025020947,2026-03-01,20252026,2,PIT,5,VGK,0
2025020948,2026-03-01,20252026,2,NYI,5,FLA,4
2025020949,2026-03-01,20252026,2,UTA,0,CHI,4
2025020950,2026-03-01,20252026,2,SJS,2,WPG,1
2025020951,2026-03-01,20252026,2,MIN,1,STL,3
2025020952,2026-03-01,20252026,2,ANA,3,CGY,2
2025020953,2026-03-02,20252026,2,NYR,4,CBJ,5
2025020954,2026-03-02,20252026,2,TOR,2,PHI,3
2025020955,2026-03-02,20252026,2,NSH,2,DET,4
2025020956,2026-03-02,20252026,2,VAN,1,DAL,6
2025020957,2026-03-02,20252026,2,SEA,2,CAR,1
2025020958,2026-03-02,20252026,2,LAK,2,COL,4
2025020959,2026-03-03,20252026,2,BOS,2,PIT,1
2025020960,2026-03-03,20252026,2,BUF,3,VGK,2
2025020961,2026-03-03,20252026,2,NJD,5,FLA,1
2025020962,2026-03-03,20252026,2,WSH,2,UTA,3
2025020963,2026-03-03,20252026,2,CBJ,3,NSH,2
2025020964,2026-03-03,20252026,2,WPG,3,CHI,2
2025020965,2026-03-03,20252026,2,CGY,1,DAL,6
2025020966,2026-03-03,20252026,2,EDM,5,OTT,4
2025020967,2026-03-03,20252026,2,MIN,5,TBL,1
2025020968,2026-03-03,20252026,2,ANA,1,COL,5
2025020969,2026-03-03,20252026,2,SJS,7,MTL,5
2025020970,2026-03-04,20252026,2,DET,3,VGK,4
2025020971,2026-03-04,20252026,2,NJD,4,TOR,3
2025020972,2026-03-04,20252026,2,VAN,4,CAR,6
2025020973,2026-03-04,20252026,2,ANA,5,NYI,1
2025020974,2026-03-04,20252026,2,SEA,2,STL,3
2025020975,2026-03-05,20252026,2,NYR,6,TOR,2
2025020976,2026-03-05,20252026,2,PHI,0,UTA,3
2025020977,2026-03-05,20252026,2,PIT,1,BUF,5
2025020978,2026-03-05,20252026,2,CBJ,4,FLA,2
2025020979,2026-03-05,20252026,2,NSH,6,BOS,3
2025020980,2026-03-05,20252026,2,WPG,4,TBL,1
2025020981,2026-03-05,20252026,2,CGY,1,OTT,4
2025020982,2026-03-05,20252026,2,LAK,5,NYI,3
2025020983,2026-03-06,20252026,2,DET,1,FLA,3
2025020984,2026-03-06,20252026,2,DAL,4,COL,5
2025020985,2026-03-06,20252026,2,CHI,3,VAN,6
2025020986,2026-03-06,20252026,2,EDM,3,CAR,6
2025020987,2026-03-06,20252026,2,ANA,6,MTL,5
2025020988,2026-03-06,20252026,2,VGK,2,MIN,4
2025020989,2026-03-06,20252026,2,SJS,2,STL,3
2025020990,2026-03-07,20252026,2,BOS,3,WSH,1
2025020991,2026-03-07,20252026,2,NJD,6,NYR,3
2025020992,2026-03-07,20252026,2,BUF,3,NSH,2
2025020993,2026-03-07,20252026,2,PIT,3,PHI,4
2025020994,2026-03-07,20252026,2,TOR,2,TBL,5
2025020995,2026-03-07,20252026,2,CBJ,4,UTA,5
2025020996,2026-03-07,20252026,2,WPG,3,VAN,2
2025020997,2026-03-07,20252026,2,LAK,3,MTL,4
2025020998,2026-03-07,20252026,2,CGY,5,CAR,4
2025020999,2026-03-07,20252026,2,SJS,1,NYI,2
2025021000,2026-03-07,20252026,2,SEA,4,OTT,7
2025021001,2026-03-08,20252026,2,COL,3,MIN,2
2025021002,2026-03-08,20252026,2,PIT,5,BOS,4
2025021003,2026-03-08,20252026,2,BUF,8,TBL,7
2025021004,2026-03-08,20252026,2,DAL,4,CHI,3
2025021005,2026-03-08,20252026,2,NJD,0,DET,3
2025021006,2026-03-08,20252026,2,ANA,0,STL,4
2025021007,2026-03-08,20252026,2,VGK,2,EDM,4
2025020828,2026-03-09,20252026,2,CBJ,4,LAK,5
2025021008,2026-03-09,20252026,2,PHI,2,NYR,6
2025021009,2026-03-09,20252026,2,WSH,7,CGY,3
2025021010,2026-03-09,20252026,2,CHI,3,UTA,2
2025021011,2026-03-09,20252026,2,VAN,0,OTT,2
2025021012,2026-03-10,20252026,2,BOS,2,LAK,1
2025021013,2026-03-10,20252026,2,BUF,6,SJS,3
2025021014,2026-03-10,20252026,2,MTL,3,TOR,1
2025021015,2026-03-10,20252026,2,TBL,2,CBJ,5
2025021016,2026-03-10,20252026,2,FLA,4,DET,3
2025021017,2026-03-10,20252026,2,NYR,4,CGY,0
2025021018,2026-03-10,20252026,2,CAR,5,PIT,4
2025021019,2026-03-10,20252026,2,STL,3,NYI,4
2025021020,2026-03-10,20252026,2,DAL,2,VGK,1
2025021021,2026-03-10,20252026,2,MIN,5,UTA,0
2025021022,2026-03-10,20252026,2,WPG,1,ANA,4
2025021023,2026-03-10,20252026,2,COL,3,EDM,4
2025021024,2026-03-10,20252026,2,SEA,2,NSH,4
2025021025,2026-03-11,20252026,2,OTT,2,MTL,3
2025021026,2026-03-11,20252026,2,PHI,4,WSH,1
2025021027,2026-03-12,20252026,2,BOS,2,SJS,4
2025021028,2026-03-12,20252026,2,BUF,1,WSH,2
2025021029,2026-03-12,20252026,2,TOR,6,ANA,4
2025021030,2026-03-12,20252026,2,TBL,4,DET,1
2025021031,2026-03-12,20252026,2,FLA,2,CBJ,1
2025021032,2026-03-12,20252026,2,NJD,4,CGY,5
2025021033,2026-03-12,20252026,2,CAR,1,STL,3
2025021034,2026-03-12,20252026,2,DAL,7,EDM,2
2025021035,2026-03-12,20252026,2,MIN,2,PHI,3
2025021036,2026-03-12,20252026,2,WPG,3,NYR,6
2025021037,2026-03-12,20252026,2,UTA,2,CHI,3
2025021038,2026-03-12,20252026,2,VAN,4,NSH,3
2025021039,2026-03-12,20252026,2,VGK,6,PIT,2
2025021040,2026-03-12,20252026,2,SEA,1,COL,5
2025021041,2026-03-13,20252026,2,NYI,2,LAK,3
2025021042,2026-03-13,20252026,2,STL,3,EDM,2
2025021043,2026-03-14,20252026,2,OTT,2,ANA,0
2025021044,2026-03-14,20252026,2,WSH,2,BOS,3
2025021045,2026-03-14,20252026,2,WPG,3,COL,1
2025021046,2026-03-14,20252026,2,MIN,2,NYR,4
2025021047,2026-03-14,20252026,2,BUF,3,TOR,2
2025021048,2026-03-14,20252026,2,MTL,2,SJS,4
2025021049,2026-03-14,20252026,2,TBL,2,CAR,4
2025021050,2026-03-14,20252026,2,NJD,6,LAK,4
2025021051,2026-03-14,20252026,2,NYI,3,CGY,2
2025021052,2026-03-14,20252026,2,PHI,1,CBJ,2
2025021053,2026-03-14,20252026,2,DAL,3,DET,2
2025021054,2026-03-14,20252026,2,UTA,3,PIT,4
2025021055,2026-03-14,20252026,2,VAN,2,SEA,5
2025021056,2026-03-14,20252026,2,VGK,4,CHI,0
2025021057,2026-03-15,20252026,2,WPG,3,STL,2
2025021058,2026-03-15,20252026,2,OTT,7,SJS,4
2025021059,2026-03-15,20252026,2,MTL,3,ANA,4
2025021060,2026-03-15,20252026,2,MIN,2,TOR,4
2025021061,2026-03-15,20252026,2,EDM,3,NSH,1
2025021062,2026-03-15,20252026,2,SEA,6,FLA,2
2025021063,2026-03-16,20252026,2,DET,5,CGY,2
2025021064,2026-03-16,20252026,2,NJD,4,BOS,3
2025021065,2026-03-16,20252026,2,NYR,1,LAK,4
2025021066,2026-03-16,20252026,2,DAL,3,UTA,6
2025021067,2026-03-16,20252026,2,COL,2,PIT,7
2025021068,2026-03-17,20252026,2,TOR,1,NYI,3
2025021069,2026-03-17,20252026,2,MTL,3,BOS,2
2025021070,2026-03-17,20252026,2,CBJ,5,CAR,1
2025021071,2026-03-17,20252026,2,WPG,3,NSH,4
2025021072,2026-03-17,20252026,2,CHI,3,MIN,4
2025021073,2026-03-17,20252026,2,EDM,5,SJS,3
2025021074,2026-03-17,20252026,2,VAN,5,FLA,2
2025021075,2026-03-17,20252026,2,VGK,0,BUF,2
2025021076,2026-03-17,20252026,2,SEA,2,TBL,6
2025021077,2026-03-18,20252026,2,NYR,3,NJD,6
2025021078,2026-03-18,20252026,2,CAR,6,PIT,5
2025021079,2026-03-18,20252026,2,WSH,4,OTT,1
2025021080,2026-03-18,20252026,2,COL,1,DAL,2
2025021081,2026-03-18,20252026,2,CGY,2,STL,1
2025021082,2026-03-18,20252026,2,ANA,2,PHI,3
2025021083,2026-03-19,20252026,2,BOS,6,WPG,1
2025021084,2026-03-19,20252026,2,OTT,3,NYI,2
2025021085,2026-03-19,20252026,2,DET,3,MTL,1
2025021086,2026-03-19,20252026,2,CBJ,6,NYR,3
2025021087,2026-03-19,20252026,2,NSH,3,SEA,1
2025021088,2026-03-19,20252026,2,MIN,1,CHI,2
2025021089,2026-03-19,20252026,2,EDM,0,FLA,4
2025021090,2026-03-19,20252026,2,VAN,2,TBL,6
2025021091,2026-03-19,20252026,2,VGK,0,UTA,4
2025021092,2026-03-19,20252026,2,SJS,0,BUF,5
2025021093,2026-03-19,20252026,2,LAK,3,PHI,4
2025021094,2026-03-20,20252026,2,TOR,3,CAR,4
2025021095,2026-03-20,20252026,2,WSH,2,NJD,1
2025021096,2026-03-20,20252026,2,CHI,1,COL,4
2025021097,2026-03-20,20252026,2,CGY,4,FLA,1
2025021098,2026-03-20,20252026,2,UTA,1,ANA,4
2025021099,2026-03-21,20252026,2,PIT,5,WPG,4
2025021100,2026-03-21,20252026,2,NSH,4,VGK,1
2025021101,2026-03-21,20252026,2,MIN,2,DAL,1
2025021102,2026-03-21,20252026,2,LAK,1,BUF,4
2025021103,2026-03-21,20252026,2,SJS,1,PHI,4
2025021104,2026-03-21,20252026,2,CBJ,5,SEA,2
2025021105,2026-03-21,20252026,2,MTL,7,NYI,3
2025021106,2026-03-21,20252026,2,OTT,5,TOR,2
2025021107,2026-03-21,20252026,2,VAN,1,STL,3
2025021108,2026-03-21,20252026,2,DET,2,BOS,4
2025021109,2026-03-21,20252026,2,EDM,2,TBL,5
2025021110,2026-03-22,20252026,2,NYR,2,WPG,3
2025021111,2026-03-22,20252026,2,WSH,2,COL,3
2025021112,2026-03-22,20252026,2,PIT,1,CAR,5
2025021113,2026-03-22,20252026,2,CHI,2,NSH,3
2025021114,2026-03-22,20252026,2,NYI,1,CBJ,0
2025021115,2026-03-22,20252026,2,DAL,2,VGK,3
2025021116,2026-03-22,20252026,2,CGY,4,TBL,3
2025021117,2026-03-22,20252026,2,ANA,6,BUF,5
2025021118,2026-03-22,20252026,2,UTA,4,LAK,3
2025021119,2026-03-23,20252026,2,NYR,1,OTT,2
2025021120,2026-03-24,20252026,2,BOS,2,TOR,4
2025021121,2026-03-24,20252026,2,MTL,5,CAR,2
2025021122,2026-03-24,20252026,2,DET,2,OTT,3
2025021123,2026-03-24,20252026,2,FLA,5,SEA,4
2025021124,2026-03-24,20252026,2,NYI,3,CHI,4
2025021125,2026-03-24,20252026,2,PHI,2,CBJ,3
2025021126,2026-03-24,20252026,2,PIT,2,COL,6
2025021127,2026-03-24,20252026,2,TBL,6,MIN,3
2025021128,2026-03-24,20252026,2,STL,3,WSH,0
2025021129,2026-03-24,20252026,2,NSH,6,SJS,3
2025021130,2026-03-24,20252026,2,DAL,4,NJD,6
2025021131,2026-03-24,20252026,2,WPG,4,VGK,1
2025021132,2026-03-24,20252026,2,UTA,2,EDM,5
2025021133,2026-03-24,20252026,2,CGY,3,LAK,2
2025021134,2026-03-24,20252026,2,VAN,3,ANA,5
2025021135,2026-03-25,20252026,2,BUF,3,BOS,4
2025021136,2026-03-25,20252026,2,TOR,4,NYR,3
2025021137,2026-03-26,20252026,2,MTL,2,CBJ,1
2025021138,2026-03-26,20252026,2,OTT,3,PIT,4
2025021139,2026-03-26,20252026,2,TBL,3,SEA,4
2025021140,2026-03-26,20252026,2,FLA,2,MIN,3
2025021141,2026-03-26,20252026,2,NYI,2,DAL,1
2025021142,2026-03-26,20252026,2,PHI,5,CHI,1
2025021143,2026-03-26,20252026,2,STL,2,SJS,1
2025021144,2026-03-26,20252026,2,NSH,2,NJD,4
2025021145,2026-03-26,20252026,2,WPG,2,COL,3
2025021146,2026-03-26,20252026,2,UTA,4,WSH,7
2025021147,2026-03-26,20252026,2,CGY,2,ANA,3
2025021148,2026-03-26,20252026,2,VGK,3,EDM,4
2025021149,2026-03-26,20252026,2,VAN,0,LAK,4
2025021150,2026-03-27,20252026,2,BUF,2,DET,5
2025021151,2026-03-27,20252026,2,NYR,6,CHI,1
2025021152,2026-03-28,20252026,2,TBL,4,OTT,2
2025021153,2026-03-28,20252026,2,NYI,5,FLA,2
2025021154,2026-03-28,20252026,2,EDM,4,ANA,2
2025021155,2026-03-28,20252026,2,BOS,6,MIN,3
2025021156,2026-03-28,20252026,2,PIT,3,DAL,6
2025021157,2026-03-28,20252026,2,CAR,5,NJD,2
2025021158,2026-03-28,20252026,2,CBJ,2,SJS,3
2025021159,2026-03-28,20252026,2,BUF,3,SEA,2
2025021160,2026-03-28,20252026,2,STL,5,TOR,1
2025021161,2026-03-28,20252026,2,NSH,1,MTL,4
2025021162,2026-03-28,20252026,2,COL,2,WPG,4
2025021163,2026-03-28,20252026,2,DET,3,PHI,5
2025021164,2026-03-28,20252026,2,LAK,2,UTA,6
2025021165,2026-03-28,20252026,2,CGY,7,VAN,3
2025021166,2026-03-28,20252026,2,VGK,4,WSH,5
2025021167,2026-03-29,20252026,2,NYR,3,FLA,1
2025021168,2026-03-29,20252026,2,TBL,3,NSH,2
2025021169,2026-03-29,20252026,2,CAR,1,MTL,3
2025021170,2026-03-29,20252026,2,CBJ,3,BOS,4
2025021171,2026-03-29,20252026,2,NJD,5,CHI,3
2025021172,2026-03-29,20252026,2,PHI,2,DAL,1
2025021173,2026-03-30,20252026,2,NYI,3,PIT,8
2025021174,2026-03-30,20252026,2,COL,9,CGY,2
2025021175,2026-03-30,20252026,2,VGK,4,VAN,2
2025021176,2026-03-30,20252026,2,ANA,4,TOR,5
2025021177,2026-03-30,20252026,2,SJS,5,STL,4
2025021178,2026-03-31,20252026,2,BOS,6,DAL,3
2025021179,2026-03-31,20252026,2,BUF,4,NYI,3
2025021180,2026-03-31,20252026,2,TBL,1,MTL,4
2025021181,2026-03-31,20252026,2,FLA,6,OTT,3
2025021182,2026-03-31,20252026,2,NYR,4,NJD,1
2025021183,2026-03-31,20252026,2,PIT,5,DET,1
2025021184,2026-03-31,20252026,2,WSH,6,PHI,4
2025021185,2026-03-31,20252026,2,CBJ,2,CAR,5
2025021186,2026-03-31,20252026,2,CHI,3,WPG,4
2025021187,2026-03-31,20252026,2,EDM,3,SEA,0
2025021188,2026-04-01,20252026,2,COL,6,VAN,8
2025021189,2026-04-01,20252026,2,LAK,2,STL,1
2025021190,2026-04-01,20252026,2,SJS,4,ANA,3
2025021191,2026-04-02,20252026,2,OTT,4,BUF,1
2025021192,2026-04-02,20252026,2,TBL,6,PIT,3
2025021193,2026-04-02,20252026,2,FLA,2,BOS,1
2025021194,2026-04-02,20252026,2,NJD,7,WSH,3
2025021195,2026-04-02,20252026,2,NYR,2,MTL,3
2025021196,2026-04-02,20252026,2,PHI,2,DET,4
2025021197,2026-04-02,20252026,2,CAR,5,CBJ,1
2025021198,2026-04-02,20252026,2,DAL,3,WPG,0
2025021199,2026-04-02,20252026,2,MIN,5,VAN,2
2025021200,2026-04-02,20252026,2,EDM,3,CHI,1
2025021201,2026-04-02,20252026,2,VGK,6,CGY,3
2025021202,2026-04-02,20252026,2,SJS,4,TOR,1
2025021203,2026-04-02,20252026,2,SEA,2,UTA,6
2025021204,2026-04-02,20252026,2,LAK,4,NSH,5
2025021205,2026-04-03,20252026,2,NYI,1,PHI,4
2025021206,2026-04-03,20252026,2,ANA,2,STL,6
2025021207,2026-04-04,20252026,2,NYR,4,DET,1
2025021208,2026-04-04,20252026,2,OTT,1,MIN,4
2025021209,2026-04-04,20252026,2,DAL,0,COL,2
2025021210,2026-04-04,20252026,2,TBL,3,BOS,1
2025021211,2026-04-04,20252026,2,PIT,9,FLA,4
2025021212,2026-04-04,20252026,2,NJD,3,MTL,4
2025021213,2026-04-04,20252026,2,WSH,6,BUF,2
2025021214,2026-04-04,20252026,2,CAR,4,NYI,3
2025021215,2026-04-04,20252026,2,CBJ,1,WPG,2
2025021216,2026-04-04,20252026,2,VAN,4,UTA,7
2025021217,2026-04-04,20252026,2,LAK,7,TOR,6
2025021218,2026-04-04,20252026,2,EDM,1,VGK,5
2025021219,2026-04-04,20252026,2,ANA,3,CGY,5
2025021220,2026-04-04,20252026,2,SJS,3,NSH,6
2025021221,2026-04-04,20252026,2,SEA,2,CHI,4
2025021222,2026-04-05,20252026,2,DET,4,MIN,5
2025021223,2026-04-05,20252026,2,PIT,5,FLA,2
2025021224,2026-04-05,20252026,2,PHI,2,BOS,1
2025021225,2026-04-05,20252026,2,OTT,6,CAR,3
2025021226,2026-04-05,20252026,2,MTL,0,NJD,3
2025021227,2026-04-05,20252026,2,NYR,8,WSH,1
2025021228,2026-04-05,20252026,2,COL,2,STL,3
2025021229,2026-04-06,20252026,2,BUF,4,TBL,2
2025021230,2026-04-06,20252026,2,WPG,6,SEA,2
2025021231,2026-04-06,20252026,2,SJS,3,CHI,2
2025021232,2026-04-06,20252026,2,LAK,3,NSH,2
2025021233,2026-04-07,20252026,2,MTL,4,FLA,3
2025021234,2026-04-07,20252026,2,OTT,6,TBL,2
2025021235,2026-04-07,20252026,2,DET,3,CBJ,4
2025021236,2026-04-07,20252026,2,NJD,1,PHI,5
2025021237,2026-04-07,20252026,2,CAR,6,BOS,5
2025021238,2026-04-07,20252026,2,STL,1,COL,3
2025021239,2026-04-07,20252026,2,DAL,4,CGY,3
2025021240,2026-04-07,20252026,2,MIN,5,SEA,2
2025021241,2026-04-07,20252026,2,UTA,6,EDM,5
2025021242,2026-04-07,20252026,2,VAN,1,VGK,2
2025021243,2026-04-07,20252026,2,ANA,0,NSH,5
2025021244,2026-04-08,20252026,2,NYR,3,BUF,5
2025021245,2026-04-08,20252026,2,TOR,0,WSH,4
2025021246,2026-04-08,20252026,2,SJS,2,EDM,5
2025021247,2026-04-09,20252026,2,BUF,5,CBJ,0
2025021248,2026-04-09,20252026,2,MTL,2,TBL,1
2025021249,2026-04-09,20252026,2,OTT,5,FLA,1
2025021250,2026-04-09,20252026,2,DET,6,PHI,3
2025021251,2026-04-09,20252026,2,NJD,2,PIT,5
2025021252,2026-04-09,20252026,2,NYI,5,TOR,3
2025021253,2026-04-09,20252026,2,STL,2,WPG,3
2025021254,2026-04-09,20252026,2,DAL,5,MIN,4
2025021255,2026-04-09,20252026,2,CHI,2,CAR,7
2025021256,2026-04-09,20252026,2,COL,3,CGY,1
2025021257,2026-04-09,20252026,2,UTA,4,NSH,1
2025021258,2026-04-09,20252026,2,ANA,6,SJS,1
2025021259,2026-04-09,20252026,2,SEA,4,VGK,3
2025021260,2026-04-09,20252026,2,LAK,4,VAN,1
2025021261,2026-04-11,20252026,2,BOS,1,TBL,2
2025021262,2026-04-11,20252026,2,NYI,0,OTT,3
2025021263,2026-04-11,20252026,2,PIT,3,WSH,6
2025021264,2026-04-11,20252026,2,LAK,1,EDM,0
2025021265,2026-04-11,20252026,2,DET,3,NJD,5
2025021266,2026-04-11,20252026,2,CHI,3,STL,5
2025021267,2026-04-11,20252026,2,NSH,2,MIN,1
2025021268,2026-04-11,20252026,2,DAL,2,NYR,0
2025021269,2026-04-11,20252026,2,UTA,1,CAR,4
2025021270,2026-04-11,20252026,2,TOR,2,FLA,6
2025021271,2026-04-11,20252026,2,MTL,2,CBJ,5
2025021272,2026-04-11,20252026,2,WPG,1,PHI,7
2025021273,2026-04-11,20252026,2,SEA,4,CGY,1
2025021274,2026-04-11,20252026,2,COL,2,VGK,3
2025021275,2026-04-11,20252026,2,SJS,3,VAN,4
2025021276,2026-04-12,20252026,2,WSH,3,PIT,0
2025021277,2026-04-12,20252026,2,NYI,1,MTL,4
2025021278,2026-04-12,20252026,2,CBJ,2,BOS,3
2025021279,2026-04-12,20252026,2,NJD,4,OTT,3
2025021280,2026-04-12,20252026,2,ANA,3,VAN,4
2025021281,2026-04-12,20252026,2,CGY,4,UTA,1
2025021282,2026-04-13,20252026,2,TBL,4,DET,3
2025021283,2026-04-13,20252026,2,FLA,3,NYR,2
2025021284,2026-04-13,20252026,2,PHI,3,CAR,2
2025021285,2026-04-13,20252026,2,TOR,5,DAL,6
2025021286,2026-04-13,20252026,2,STL,6,MIN,3
2025021287,2026-04-13,20252026,2,NSH,2,SJS,3
2025021288,2026-04-13,20252026,2,CHI,1,BUF,5
2025021289,2026-04-13,20252026,2,EDM,1,COL,2
2025021290,2026-04-13,20252026,2,VGK,6,WPG,2
2025021291,2026-04-13,20252026,2,SEA,3,LAK,5
2025021292,2026-04-14,20252026,2,BOS,4,NJD,0
2025021293,2026-04-14,20252026,2,NYI,1,CAR,2
2025021294,2026-04-14,20252026,2,PHI,4,MTL,2
2025021295,2026-04-14,20252026,2,CBJ,1,WSH,2
2025021296,2026-04-14,20252026,2,MIN,3,ANA,2
2025021297,2026-04-14,20252026,2,UTA,5,WPG,3
2025021298,2026-04-14,20252026,2,CGY,1,COL,3
2025021299,2026-04-14,20252026,2,STL,7,PIT,5
2025021300,2026-04-14,20252026,2,VAN,4,LAK,3
2025021301,2026-04-15,20252026,2,BUF,3,DAL,4
2025021302,2026-04-15,20252026,2,TBL,2,NYR,4
2025021303,2026-04-15,20252026,2,FLA,8,DET,1
2025021304,2026-04-15,20252026,2,OTT,3,TOR,1
2025021305,2026-04-15,20252026,2,CHI,5,SJS,2
2025021306,2026-04-15,20252026,2,VGK,4,SEA,1
2025021307,2026-04-16,20252026,2,NSH,4,ANA,5
2025021308,2026-04-16,20252026,2,WPG,1,SJS,6
2025021309,2026-04-16,20252026,2,UTA,3,STL,5
2025021310,2026-04-16,20252026,2,CGY,3,LAK,1
2025021311,2026-04-16,20252026,2,EDM,6,VAN,1
2025021312,2026-04-16,20252026,2,COL,2,SEA,0
2025030131,2026-04-18,20252026,3,CAR,2,OTT,0
2025030141,2026-04-18,20252026,3,PIT,2,PHI,3
2025030161,2026-04-18,20252026,3,DAL,1,MIN,6
2025030111,2026-04-19,20252026,3,BUF,4,BOS,3
2025030121,2026-04-19,20252026,3,TBL,3,MTL,4
2025030151,2026-04-19,20252026,3,COL,2,LAK,1
2025030171,2026-04-19,20252026,3,VGK,4,UTA,2
2025030132,2026-04-20,20252026,3,CAR,3,OTT,2
2025030142,2026-04-20,20252026,3,PIT,0,PHI,3
2025030162,2026-04-20,20252026,3,DAL,4,MIN,2
2025030181,2026-04-20,20252026,3,EDM,4,ANA,3
2025030112,2026-04-21,20252026,3,BUF,2,BOS,4
2025030122,2026-04-21,20252026,3,TBL,3,MTL,2
2025030152,2026-04-21,20252026,3,COL,2,LAK,1
2025030172,2026-04-21,20252026,3,VGK,2,UTA,3
2025030143,2026-04-22,20252026,3,PHI,5,PIT,2
2025030163,2026-04-22,20252026,3,MIN,3,DAL,4
2025030182,2026-04-22,20252026,3,EDM,4,ANA,6
2025030113,2026-04-23,20252026,3,BOS,1,BUF,3
2025030133,2026-04-23,20252026,3,OTT,1,CAR,2
2025030153,2026-04-23,20252026,3,LAK,2,COL,4
2025030123,2026-04-24,20252026,3,MTL,3,TBL,2
2025030173,2026-04-24,20252026,3,UTA,4,VGK,2
2025030183,2026-04-24,20252026,3,ANA,7,EDM,4
2025030134,2026-04-25,20252026,3,OTT,2,CAR,4
2025030144,2026-04-25,20252026,3,PHI,2,PIT,4
2025030164,2026-04-25,20252026,3,MIN,3,DAL,2
2025030114,2026-04-26,20252026,3,BOS,1,BUF,6
2025030124,2026-04-26,20252026,3,MTL,2,TBL,3
2025030154,2026-04-26,20252026,3,LAK,1,COL,5
2025030184,2026-04-26,20252026,3,ANA,4,EDM,3
2025030145,2026-04-27,20252026,3,PIT,3,PHI,2
2025030174,2026-04-27,20252026,3,UTA,4,VGK,5
2025030115,2026-04-28,20252026,3,BUF,1,BOS,2
2025030165,2026-04-28,20252026,3,DAL,2,MIN,4
2025030185,2026-04-28,20252026,3,EDM,4,ANA,1
2025030125,2026-04-29,20252026,3,TBL,2,MTL,3
2025030146,2026-04-29,20252026,3,PHI,1,PIT,0
2025030175,2026-04-29,20252026,3,VGK,5,UTA,4
2025030166,2026-04-30,20252026,3,MIN,5,DAL,2
2025030186,2026-04-30,20252026,3,ANA,5,EDM,2
2025030116,2026-05-01,20252026,3,BOS,1,BUF,4
2025030126,2026-05-01,20252026,3,MTL,0,TBL,1
2025030176,2026-05-01,20252026,3,UTA,1,VGK,5
2025030221,2026-05-02,20252026,3,CAR,3,PHI,0
2025030127,2026-05-03,20252026,3,TBL,1,MTL,2
2025030231,2026-05-03,20252026,3,COL,9,MIN,6
2025030222,2026-05-04,20252026,3,CAR,3,PHI,2
2025030241,2026-05-04,20252026,3,VGK,3,ANA,1
2025030232,2026-05-05,20252026,3,COL,5,MIN,2
2025030211,2026-05-06,20252026,3,BUF,4,MTL,2
2025030242,2026-05-06,20252026,3,VGK,1,ANA,3
2025030223,2026-05-07,20252026,3,PHI,1,CAR,4
2025030212,2026-05-08,20252026,3,BUF,1,MTL,5
2025030243,2026-05-08,20252026,3,ANA,2,VGK,6
2025030224,2026-05-09,20252026,3,PHI,2,CAR,3
2025030233,2026-05-09,20252026,3,MIN,5,COL,1
2025030213,2026-05-10,20252026,3,MTL,6,BUF,2
2025030244,2026-05-10,20252026,3,ANA,4,VGK,3
2025030234,2026-05-11,20252026,3,MIN,2,COL,5
2025030214,2026-05-12,20252026,3,MTL,2,BUF,3
2025030245,2026-05-12,20252026,3,VGK,3,ANA,2
2025030235,2026-05-13,20252026,3,COL,4,MIN,3
2025030215,2026-05-14,20252026,3,BUF,3,MTL,6
2025030246,2026-05-14,20252026,3,ANA,1,VGK,5
2025030216,2026-05-16,20252026,3,MTL,3,BUF,8
2025030217,2026-05-18,20252026,3,BUF,2,MTL,3
2025030321,2026-05-20,20252026,3,COL,2,VGK,4
2025030311,2026-05-21,20252026,3,CAR,2,MTL,6
2025030322,2026-05-22,20252026,3,COL,1,VGK,3
2025030312,2026-05-23,20252026,3,CAR,3,MTL,2
2025030323,2026-05-24,20252026,3,VGK,5,COL,3
2025030313,2026-05-25,20252026,3,MTL,2,CAR,3
2025030324,2026-05-26,20252026,3,VGK,2,COL,1
2025030314,2026-05-27,20252026,3,MTL,0,CAR,4
2025030315,2026-05-29,20252026,3,CAR,6,MTL,1
2025030411,2026-06-02,20252026,3,CAR,4,VGK,5
2025030412,2026-06-04,20252026,3,CAR,4,VGK,3
2025030413,2026-06-06,20252026,3,VGK,5,CAR,4
2025030414,2026-06-09,20252026,3,VGK,3,CAR,5
2025030415,2026-06-11,20252026,3,CAR,4,VGK,2
