Unnamed: 0,Team,GP,TOI,W,L,OTL,ROW,Points,Point %,CF,CA,CF%,FF,FA,FF%,SF,SA,SF%,GF,GA,GF%,xGF,xGA,xGF%,SCF,SCA,SCF%,SCSF,SCSA,SCSF%,SCGF,SCGA,SCGF%,SCSH%,SCSV%,HDCF,HDCA,HDCF%,HDSF,HDSA,HDSF%,HDGF,HDGA,HDGF%,HDSH%,HDSV%,MDCF,MDCA,MDCF%,MDSF,MDSA,MDSF%,MDGF,MDGA,MDGF%,MDSH%,MDSV%,LDCF,LDCA,LDCF%,LDSF,LDSA,LDSF%,LDGF,LDGA,LDGF%,LDSH%,LDSV%,SH%,SV%,PDO,season,team,
1.0,Anaheim Ducks,82,,46,23,13,43,105,0.64,4579,4659,49.57,3457,3511,49.61,2426,2430,49.96,220,197,52.76,238.51,225.26,51.43,2288,2267,50.23,1333,1308,50.47,180,160,52.94,13.5,87.77,986,965,50.54,714,679,51.26,134,112,54.47,18.77,83.51,1302,1302,50.0,619,629,49.6,46,48,48.94,7.43,92.37,1954,2073,48.52,1000,1039,49.04,37,33,52.86,3.7,96.82,9.07,91.89,1.01,20162017,ANA,
2.0,Arizona Coyotes,82,,30,42,10,24,70,0.427,4285,5252,44.93,3228,4037,44.43,2281,2797,44.92,191,258,42.54,182.98,250.35,42.23,1866,2517,42.57,1110,1495,42.61,153,210,42.15,13.78,85.95,753,1073,41.24,553,772,41.74,99,126,44.0,17.9,83.68,1113,1444,43.53,557,723,43.52,54,84,39.13,9.69,88.38,2012,2358,46.04,1051,1218,46.32,37,45,45.12,3.52,96.31,8.37,90.78,0.991,20162017,ARI,
3.0,Boston Bruins,82,,44,31,7,42,95,0.579,5014,4190,54.48,3793,3096,55.06,2721,2197,55.33,232,209,52.61,234.6,190.79,55.15,2271,1816,55.57,1412,1116,55.85,186,172,51.96,13.17,84.59,862,755,53.31,652,573,53.22,106,118,47.32,16.26,79.41,1409,1061,57.04,760,543,58.33,80,54,59.7,10.53,90.06,2368,2056,53.53,1193,976,55.0,39,30,56.52,3.27,96.93,8.53,90.49,0.99,20162017,BOS,
4.0,Buffalo Sabres,82,,33,37,12,31,78,0.476,4416,4942,47.19,3384,3821,46.97,2492,2816,46.95,199,231,46.28,206.02,234.8,46.74,1934,2155,47.3,1228,1372,47.23,164,190,46.33,13.36,86.15,878,934,48.45,696,707,49.61,104,136,43.33,14.94,80.76,1056,1221,46.38,532,665,44.44,60,54,52.63,11.28,91.88,2104,2426,46.45,1159,1391,45.45,30,37,44.78,2.59,97.34,7.99,91.8,0.998,20162017,BUF,
5.0,Carolina Hurricanes,82,,36,31,15,33,87,0.53,4780,4362,52.29,3515,3300,51.58,2493,2320,51.8,212,230,47.96,221.63,202.94,52.2,2090,1927,52.03,1236,1128,52.28,174,176,49.71,14.08,84.4,940,830,53.11,656,588,52.73,116,114,50.43,17.68,80.61,1150,1097,51.18,580,540,51.79,58,62,48.33,10.0,88.52,2267,2025,52.82,1211,1116,52.04,36,51,41.38,2.97,95.43,8.5,90.09,0.986,20162017,CAR,
6.0,Columbus Blue Jackets,82,,50,24,8,48,108,0.659,4565,4645,49.57,3420,3466,49.67,2541,2489,50.52,247,193,56.14,226.72,228.51,49.8,2197,2152,50.52,1355,1283,51.36,193,145,57.1,14.24,88.7,979,939,51.04,732,691,51.44,127,101,55.7,17.35,85.38,1218,1213,50.1,623,592,51.28,66,44,60.0,10.59,92.57,1983,2080,48.81,1110,1128,49.6,49,43,53.26,4.41,96.19,9.72,92.25,1.02,20162017,CBJ,
7.0,Calgary Flames,82,,45,33,4,41,94,0.573,4497,4428,50.39,3302,3317,49.89,2389,2356,50.35,222,219,50.34,203.69,214.88,48.66,2031,2031,50.0,1243,1254,49.78,181,184,49.59,14.56,85.33,813,834,49.36,610,635,49.0,120,128,48.39,19.67,79.84,1218,1197,50.43,633,619,50.56,61,56,52.14,9.64,90.95,2090,2066,50.29,1094,1029,51.53,37,30,55.22,3.38,97.08,9.29,90.7,1.0,20162017,CGY,
8.0,Chicago Blackhawks,82,,50,23,9,46,109,0.665,4633,4653,49.89,3348,3427,49.42,2509,2575,49.35,240,212,53.1,218.97,224.77,49.35,2097,2186,48.96,1299,1348,49.07,188,169,52.66,14.47,87.46,800,925,46.38,634,720,46.82,123,115,51.68,19.4,84.03,1297,1261,50.7,665,628,51.43,65,54,54.62,9.77,91.4,2143,2123,50.23,1162,1160,50.04,45,42,51.72,3.87,96.38,9.57,91.77,1.013,20162017,CHI,
9.0,Colorado Avalanche,82,,22,56,4,21,48,0.293,4345,4586,48.65,3215,3510,47.81,2304,2603,46.95,165,276,37.41,184.35,217.95,45.82,1799,1984,47.55,1064,1257,45.84,126,222,36.21,11.84,82.34,725,845,46.18,537,646,45.39,87,147,37.18,16.2,77.24,1074,1139,48.53,527,611,46.31,39,75,34.21,7.4,87.73,2138,2189,49.41,1148,1256,47.75,38,47,44.71,3.31,96.26,7.16,89.4,0.966,20162017,COL,
10.0,Dallas Stars,82,,34,37,11,33,79,0.482,4890,4824,50.34,3613,3494,50.84,2506,2442,50.65,222,260,46.06,234.18,235.21,49.89,2321,2293,50.3,1326,1318,50.15,179,211,45.9,13.5,83.99,971,950,50.55,670,686,49.41,118,144,45.04,17.61,79.01,1350,1343,50.13,656,632,50.93,61,67,47.66,9.3,89.4,2150,2087,50.74,1094,1045,51.15,30,42,41.67,2.74,95.98,8.86,89.35,0.982,20162017,DAL,
11.0,Detroit Red Wings,82,,33,36,13,24,79,0.482,4286,4548,48.52,3270,3482,48.43,2335,2510,48.19,198,244,44.8,203.63,218.06,48.29,2001,2094,48.86,1234,1313,48.45,167,191,46.65,13.53,85.45,805,888,47.55,624,678,47.93,105,121,46.46,16.83,82.15,1196,1206,49.79,610,635,49.0,62,70,46.97,10.16,88.98,1947,2066,48.52,1011,1103,47.82,28,47,37.33,2.77,95.74,8.48,90.28,0.988,20162017,DET,
12.0,Edmonton Oilers,82,,47,26,9,43,103,0.628,4706,4624,50.44,3505,3330,51.28,2550,2419,51.32,243,207,54.0,236.61,225.45,51.21,2334,2215,51.31,1464,1353,51.97,204,165,55.28,13.93,87.8,1039,953,52.16,775,696,52.69,144,114,55.81,18.58,83.62,1295,1262,50.65,689,657,51.19,60,51,54.05,8.71,92.24,2038,2020,50.22,1025,991,50.84,35,36,49.3,3.41,96.37,9.53,91.44,1.01,20162017,EDM,
13.0,Florida Panthers,82,,35,36,11,30,81,0.494,4669,4364,51.69,3618,3445,51.22,2644,2596,50.46,205,231,47.02,211.5,218.05,49.24,1988,2008,49.75,1269,1329,48.85,159,179,47.04,12.53,86.53,741,873,45.91,560,673,45.42,88,125,41.31,15.71,81.43,1247,1135,52.35,709,656,51.94,71,54,56.8,10.01,91.77,2298,2035,53.03,1278,1195,51.68,33,48,40.74,2.58,95.98,7.75,91.1,0.989,20162017,FLA,
14.0,Los Angeles Kings,82,,39,35,8,37,86,0.524,5011,4139,54.77,3690,3062,54.65,2554,2120,54.64,199,201,49.75,224.61,197.28,53.24,2274,1982,53.43,1277,1114,53.41,147,161,47.73,11.51,85.55,894,747,54.48,602,535,52.95,100,114,46.73,16.61,78.69,1380,1235,52.77,675,579,53.83,47,47,50.0,6.96,91.88,2331,1833,55.98,1194,917,56.56,46,30,60.53,3.85,96.73,7.79,90.52,0.983,20162017,LAK,
15.0,Minnesota Wild,82,,49,25,8,46,106,0.646,4568,4607,49.79,3446,3446,50.0,2528,2465,50.63,263,206,56.08,223.03,184.78,54.69,2093,1837,53.26,1283,1130,53.17,205,159,56.32,15.98,85.93,905,720,55.69,678,534,55.94,152,95,61.54,22.42,82.21,1188,1117,51.54,605,596,50.37,53,64,45.3,8.76,89.26,2103,2313,47.62,1194,1256,48.73,52,42,55.32,4.36,96.66,10.4,91.64,1.02,20162017,MIN,
16.0,Montreal Canadiens,82,,47,26,9,44,103,0.628,4735,4484,51.36,3448,3271,51.32,2460,2429,50.32,223,198,52.97,207.53,201.05,50.79,2022,1998,50.3,1200,1205,49.9,172,146,54.09,14.33,87.88,903,849,51.54,656,630,51.01,109,90,54.77,16.62,85.71,1119,1149,49.34,544,575,48.61,63,56,52.94,11.58,90.26,2256,2103,51.75,1189,1126,51.36,48,50,48.98,4.04,95.56,9.07,91.85,1.009,20162017,MTL,
17.0,New Jersey Devils,82,,28,40,14,25,70,0.427,4042,4546,47.07,3129,3516,47.09,2279,2573,46.97,180,241,42.76,191.87,218.26,46.78,1808,2047,46.9,1183,1330,47.08,146,195,42.82,12.34,85.34,752,812,48.08,579,638,47.58,100,113,46.95,17.27,82.29,1056,1235,46.09,604,692,46.6,46,82,35.94,7.62,88.15,1941,2165,47.27,1033,1170,46.89,31,39,44.29,3.0,96.67,7.9,90.63,0.985,20162017,NJD,
18.0,Nashville Predators,82,,41,29,12,39,94,0.573,4777,4571,51.1,3546,3461,50.61,2558,2473,50.84,238,220,51.97,211.45,204.05,50.89,2051,1990,50.75,1288,1203,51.71,184,175,51.25,14.29,85.45,775,755,50.65,590,561,51.26,114,122,48.31,19.32,78.25,1276,1235,50.82,698,642,52.09,70,53,56.91,10.03,91.74,2300,2115,52.1,1201,1180,50.44,49,40,55.06,4.08,96.61,9.3,91.1,1.004,20162017,NSH,
19.0,New York Islanders,82,,41,29,12,39,94,0.573,4576,5052,47.53,3397,3689,47.94,2480,2616,48.67,239,238,50.1,224.05,232.8,49.04,2210,2459,47.33,1401,1449,49.16,192,181,51.47,13.7,87.51,931,1007,48.04,720,742,49.25,125,124,50.2,17.36,83.29,1279,1452,46.83,681,707,49.06,67,57,54.03,9.84,91.94,1905,2192,46.5,965,1087,47.03,40,52,43.48,4.15,95.22,9.64,90.9,1.005,20162017,NYI,
20.0,New York Rangers,82,,48,28,6,45,102,0.622,4512,4685,49.06,3438,3441,49.98,2438,2465,49.72,253,216,53.94,232.55,220.63,51.31,2158,2195,49.58,1254,1306,48.98,205,172,54.38,16.35,86.83,984,958,50.67,702,715,49.54,145,123,54.1,20.66,82.8,1174,1237,48.69,552,591,48.29,60,49,55.05,10.87,91.71,1996,2121,48.48,1060,1076,49.63,40,41,49.38,3.77,96.19,10.38,91.24,1.016,20162017,NYR,
21.0,Ottawa Senators,82,,44,28,10,38,98,0.598,4592,4865,48.56,3380,3513,49.04,2464,2467,49.97,206,210,49.52,207.85,210.88,49.64,1992,2201,47.51,1173,1228,48.85,139,160,46.49,11.85,86.97,795,862,47.98,597,612,49.38,86,103,45.5,14.41,83.17,1197,1339,47.2,576,616,48.32,53,57,48.18,9.2,90.75,2183,2223,49.55,1179,1163,50.34,59,48,55.14,5.0,95.87,8.36,91.49,0.998,20162017,OTT,
22.0,Philadelphia Flyers,82,,39,33,10,32,88,0.537,4962,4553,52.15,3636,3244,52.85,2585,2334,52.55,212,231,47.86,227.81,205.84,52.53,2090,1983,51.31,1229,1149,51.68,161,179,47.35,13.1,84.42,870,776,52.86,626,552,53.14,114,117,49.35,18.21,78.8,1220,1207,50.27,603,597,50.25,47,62,43.12,7.79,89.61,2359,2110,52.79,1246,1079,53.59,48,46,51.06,3.85,95.74,8.2,90.1,0.983,20162017,PHI,
23.0,Pittsburgh Penguins,82,,50,21,11,46,111,0.677,4818,4856,49.8,3652,3549,50.72,2751,2671,50.74,278,229,54.83,255.85,236.52,51.96,2476,2256,52.32,1598,1432,52.74,236,186,55.92,14.77,87.01,1058,944,52.85,844,754,52.82,158,120,56.83,18.72,84.08,1418,1312,51.94,754,678,52.65,78,66,54.17,10.34,90.27,2025,2177,48.19,1078,1127,48.89,37,36,50.68,3.43,96.81,10.11,91.43,1.015,20162017,PIT,
24.0,San Jose Sharks,82,,46,29,7,44,99,0.604,4888,4625,51.38,3543,3266,52.03,2456,2269,51.98,219,200,52.27,234.77,217.4,51.92,2288,2138,51.69,1299,1230,51.36,172,165,51.04,13.24,86.59,1016,902,52.97,737,644,53.37,120,116,50.85,16.28,81.99,1272,1236,50.72,562,586,48.95,52,49,51.49,9.25,91.64,2187,2034,51.81,1089,941,53.65,38,31,55.07,3.49,96.71,8.92,91.19,1.001,20162017,SJS,
25.0,St Louis Blues,82,,46,29,7,44,99,0.604,4277,4364,49.5,3208,3229,49.84,2331,2327,50.04,233,216,51.89,202.02,201.8,50.03,2026,2024,50.02,1242,1251,49.82,183,179,50.55,14.73,85.69,773,772,50.03,572,582,49.57,110,110,50.0,19.23,81.1,1253,1252,50.02,670,669,50.04,73,69,51.41,10.9,89.69,1929,1970,49.47,1019,1007,50.3,46,30,60.53,4.51,97.02,10.0,90.72,1.007,20162017,STL,
26.0,Tampa Bay Lightning,82,,42,30,10,38,94,0.573,4605,4415,51.05,3470,3401,50.5,2454,2492,49.62,230,224,50.66,212.22,205.94,50.75,2163,2037,51.5,1320,1305,50.29,196,160,55.06,14.85,87.74,812,826,49.57,603,644,48.36,120,97,55.3,19.9,84.94,1351,1211,52.73,717,661,52.03,76,63,54.68,10.6,90.47,2198,2112,51.0,1080,1125,48.98,29,55,34.52,2.69,95.11,9.37,91.01,1.004,20162017,TBL,
27.0,Toronto Maple Leafs,82,,40,27,15,39,95,0.579,4989,4968,50.11,3758,3802,49.71,2617,2673,49.47,250,234,51.65,237.25,231.17,50.65,2456,2264,52.03,1486,1379,51.87,199,186,51.69,13.39,86.51,943,872,51.96,700,647,51.97,139,110,55.82,19.86,83.0,1513,1392,52.08,786,732,51.78,60,76,44.12,7.63,89.62,2118,2301,47.93,1043,1202,46.46,45,44,50.56,4.31,96.34,9.55,91.25,1.008,20162017,TOR,
28.0,Vancouver Canucks,82,,30,43,9,26,69,0.421,4240,4562,48.17,3116,3528,46.9,2273,2608,46.57,178,241,42.48,182.41,227.63,44.49,1974,2328,45.89,1197,1498,44.42,150,195,43.48,12.53,86.98,794,948,45.58,611,739,45.26,109,137,44.31,17.84,81.46,1180,1380,46.09,586,759,43.57,41,58,41.41,7.0,92.36,1891,1942,49.33,980,1028,48.8,25,37,40.32,2.55,96.4,7.83,90.76,0.986,20162017,VAN,
29.0,Winnipeg Jets,82,,40,35,7,37,87,0.53,4432,4621,48.96,3361,3444,49.39,2448,2548,49.0,246,255,49.1,224.12,221.5,50.29,2108,2105,50.04,1273,1287,49.73,188,193,49.34,14.77,85.0,878,803,52.23,661,599,52.46,130,118,52.42,19.67,80.3,1230,1302,48.58,612,688,47.08,58,75,43.61,9.48,89.1,1964,2091,48.43,1090,1156,48.53,53,54,49.53,4.86,95.33,10.05,89.99,1.0,20162017,WPG,
30.0,Washington Capitals,82,,55,19,8,53,118,0.72,4678,4377,51.66,3487,3275,51.57,2495,2282,52.23,261,177,59.59,214.96,213.18,50.21,2112,2029,51.0,1268,1174,51.92,195,158,55.24,15.38,86.54,829,887,48.31,605,624,49.23,123,115,51.68,20.33,81.57,1283,1142,52.91,663,550,54.66,72,43,62.61,10.86,92.18,2188,1960,52.75,1120,1009,52.61,62,16,79.49,5.54,98.41,10.46,92.24,1.027,20162017,WSH,
1.0,Anaheim Ducks,82,,44,25,13,40,101,0.616,4648,5086,47.75,3522,3853,47.76,2476,2717,47.68,231,209,52.5,239.45,252.34,48.69,2249,2512,47.24,1340,1499,47.2,198,171,53.66,14.78,88.59,963,1033,48.25,710,757,48.4,149,115,56.44,20.99,84.81,1286,1479,46.51,630,742,45.92,49,56,46.67,7.78,92.45,1928,2144,47.35,963,1070,47.37,26,30,46.43,2.7,97.2,9.33,92.31,1.016,20172018,ANA,
2.0,Arizona Coyotes,82,,29,41,12,27,70,0.427,4790,5041,48.72,3476,3855,47.42,2450,2643,48.11,206,251,45.08,219.43,244.86,47.26,2220,2321,48.89,1307,1372,48.79,158,199,44.26,12.09,85.5,937,1034,47.54,677,718,48.53,107,144,42.63,15.81,79.94,1283,1287,49.92,630,654,49.07,51,55,48.11,8.1,91.59,2099,2297,47.75,1000,1164,46.21,43,43,50.0,4.3,96.31,8.41,90.5,0.989,20172018,ARI,
3.0,Boston Bruins,82,,50,20,12,47,112,0.683,4926,4405,52.79,3734,3333,52.84,2703,2400,52.97,267,211,55.86,242.18,201.92,54.53,2371,2034,53.83,1479,1280,53.61,217,171,55.93,14.67,86.64,892,836,51.62,676,645,51.17,135,114,54.22,19.97,82.33,1479,1198,55.25,803,635,55.84,82,57,58.99,10.21,91.02,2142,1981,51.95,1062,965,52.39,41,34,54.67,3.86,96.48,9.88,91.21,1.011,20172018,BOS,
4.0,Buffalo Sabres,82,,25,45,12,24,62,0.378,4491,4751,48.59,3475,3669,48.64,2558,2683,48.81,198,278,41.6,203.56,236.94,46.21,1866,2058,47.55,1182,1286,47.89,155,220,41.33,13.11,82.89,803,881,47.68,597,663,47.38,105,151,41.02,17.59,77.22,1063,1177,47.46,585,623,48.43,50,69,42.02,8.55,88.92,2170,2273,48.84,1222,1258,49.27,35,50,41.18,2.86,96.03,7.74,89.64,0.974,20172018,BUF,
5.0,Carolina Hurricanes,82,,36,35,11,33,83,0.506,5318,4321,55.17,3929,3315,54.24,2781,2368,54.01,225,253,47.07,255.93,215.22,54.32,2464,2012,55.05,1413,1244,53.18,180,202,47.12,12.74,83.76,1040,873,54.36,711,635,52.82,131,130,50.19,18.42,79.53,1424,1139,55.56,702,609,53.55,49,72,40.5,6.98,88.18,2402,1935,55.38,1252,999,55.62,41,43,48.81,3.27,95.7,8.09,89.32,0.974,20172018,CAR,
6.0,Columbus Blue Jackets,82,,45,30,7,39,97,0.591,4932,4700,51.2,3804,3482,52.21,2761,2568,51.81,236,226,51.08,236.62,227.86,50.94,2321,2267,50.59,1426,1410,50.28,183,173,51.4,12.83,87.73,919,955,49.04,685,743,47.97,118,114,50.86,17.23,84.66,1402,1312,51.66,741,667,52.63,65,59,52.42,8.77,91.15,2252,2023,52.68,1208,1012,54.41,48,45,51.61,3.97,95.55,8.55,91.2,0.997,20172018,CBJ,
7.0,Calgary Flames,82,,37,35,10,35,84,0.512,5334,4706,53.13,3991,3606,52.53,2759,2554,51.93,216,243,47.06,252.14,236.48,51.6,2470,2190,53.0,1448,1321,52.29,188,183,50.67,12.98,86.15,1068,905,54.13,745,663,52.91,124,126,49.6,16.64,81.0,1402,1285,52.18,703,658,51.65,64,57,52.89,9.1,91.34,2345,2087,52.91,1149,1084,51.46,25,52,32.47,2.18,95.2,7.83,90.49,0.983,20172018,CGY,
8.0,Chicago Blackhawks,82,,33,39,10,32,76,0.463,5320,4836,52.38,3741,3637,50.7,2794,2697,50.88,228,254,47.3,239.72,246.82,49.27,2495,2357,51.42,1436,1436,50.0,183,199,47.91,12.74,86.14,900,1047,46.22,685,799,46.16,116,136,46.03,16.93,82.98,1595,1310,54.91,751,637,54.11,67,63,51.54,8.92,90.11,2410,2105,53.38,1248,1129,52.5,41,47,46.59,3.29,95.84,8.16,90.58,0.987,20172018,CHI,
9.0,Colorado Avalanche,82,,43,30,9,41,95,0.579,4506,5076,47.03,3323,3777,46.8,2434,2732,47.12,255,236,51.93,206.04,231.25,47.12,2091,2273,47.91,1267,1353,48.36,193,180,51.74,15.23,86.7,782,909,46.24,590,653,47.47,120,120,50.0,20.34,81.62,1309,1364,48.97,677,700,49.16,73,60,54.89,10.78,91.43,2012,2365,45.97,1045,1243,45.67,50,52,49.02,4.78,95.82,10.48,91.36,1.018,20172018,COL,
10.0,Dallas Stars,82,,42,32,8,38,92,0.561,4814,4668,50.77,3521,3396,50.9,2561,2447,51.14,231,222,50.99,236.72,217.34,52.13,2315,2167,51.65,1353,1240,52.18,181,170,51.57,13.38,86.29,979,804,54.91,726,575,55.8,121,94,56.28,16.67,83.65,1336,1363,49.5,627,665,48.53,60,76,44.12,9.57,88.57,1969,2008,49.51,1016,1045,49.3,43,47,47.78,4.23,95.5,9.02,90.93,0.999,20172018,DAL,
11.0,Detroit Red Wings,82,,30,39,13,25,73,0.445,4501,4767,48.56,3471,3599,49.09,2491,2613,48.8,212,254,45.49,211.67,232.87,47.62,2063,2277,47.53,1275,1411,47.47,179,203,46.86,14.04,85.61,828,905,47.78,621,662,48.4,123,135,47.67,19.81,79.61,1235,1372,47.37,654,749,46.61,56,68,45.16,8.56,90.92,2021,2100,49.04,1052,1075,49.46,29,46,38.67,2.76,95.72,8.51,90.28,0.988,20172018,DET,
12.0,Edmonton Oilers,82,,36,40,6,31,78,0.476,5027,4855,50.87,3787,3580,51.4,2741,2636,50.98,229,262,46.64,248.47,242.4,50.62,2442,2410,50.33,1478,1431,50.81,188,210,47.24,12.72,85.32,1030,1047,49.59,747,756,49.7,124,142,46.62,16.6,81.22,1412,1363,50.88,731,675,51.99,64,68,48.48,8.76,89.93,2161,1934,52.77,1140,1024,52.68,36,43,45.57,3.16,95.8,8.35,90.06,0.984,20172018,EDM,
13.0,Florida Panthers,82,,44,30,8,41,96,0.585,4941,4961,49.9,3853,3789,50.42,2823,2839,49.86,245,243,50.2,247.47,248.79,49.87,2285,2236,50.54,1513,1463,50.84,196,204,49.0,12.95,86.06,873,935,48.29,698,749,48.24,134,140,48.91,19.2,81.31,1412,1301,52.05,815,714,53.3,62,64,49.21,7.61,91.04,2252,2248,50.04,1162,1188,49.45,46,33,58.23,3.96,97.22,8.68,91.44,1.001,20172018,FLA,
14.0,Los Angeles Kings,82,,45,29,8,43,98,0.598,4740,4795,49.71,3556,3597,49.71,2545,2537,50.08,237,202,53.99,218.29,237.24,47.92,2188,2283,48.94,1282,1309,49.48,181,153,54.19,14.12,88.31,844,927,47.66,584,670,46.57,125,105,54.35,21.4,84.33,1344,1356,49.78,698,639,52.21,56,48,53.85,8.02,92.49,2124,2067,50.68,1135,1053,51.87,47,45,51.09,4.14,95.73,9.31,92.04,1.014,20172018,LAK,
15.0,Minnesota Wild,82,,45,26,11,42,101,0.616,4358,4929,46.93,3342,3634,47.91,2477,2569,49.09,250,229,52.19,219.86,203.12,51.98,2025,2007,50.22,1288,1155,52.72,191,174,52.33,14.83,84.94,960,787,54.95,744,559,57.1,142,111,56.13,19.09,80.14,1065,1220,46.61,544,596,47.72,49,63,43.75,9.01,89.43,1914,2416,44.2,1069,1275,45.61,46,49,48.42,4.3,96.16,10.09,91.09,1.012,20172018,MIN,
16.0,Montreal Canadiens,82,,29,40,13,27,71,0.433,5000,5014,49.93,3641,3663,49.85,2687,2650,50.35,207,258,44.52,243.44,237.22,50.65,2271,2278,49.92,1371,1314,51.06,167,205,44.89,12.18,84.4,1028,932,52.45,760,670,53.15,129,148,46.57,16.97,77.91,1243,1346,48.01,611,644,48.69,38,57,40.0,6.22,91.15,2294,2257,50.41,1206,1187,50.4,37,47,44.05,3.07,96.04,7.7,90.26,0.98,20172018,MTL,
17.0,New Jersey Devils,82,,44,29,9,39,97,0.591,4566,4847,48.51,3562,3671,49.25,2600,2616,49.85,243,240,50.31,228.31,231.77,49.62,2148,2283,48.48,1382,1427,49.2,192,197,49.36,13.89,86.19,940,856,52.34,738,686,51.83,142,129,52.4,19.24,81.2,1208,1427,45.84,644,741,46.5,50,68,42.37,7.76,90.82,2029,2157,48.47,1085,1058,50.63,48,41,53.93,4.42,96.12,9.35,90.83,1.002,20172018,NJD,
18.0,Nashville Predators,82,,53,18,11,47,117,0.713,4927,4788,50.72,3700,3584,50.8,2641,2660,49.82,261,204,56.13,230.97,229.26,50.19,2120,2202,49.05,1296,1397,48.12,203,150,57.51,15.66,89.26,854,921,48.11,648,693,48.32,137,104,56.85,21.14,84.99,1266,1281,49.71,648,704,47.93,66,46,58.93,10.19,93.47,2310,2089,52.51,1206,1109,52.1,51,45,53.13,4.23,95.94,9.88,92.33,1.022,20172018,NSH,
19.0,New York Islanders,82,,35,37,10,32,80,0.488,4692,5211,47.38,3466,3948,46.75,2573,2918,46.86,261,293,47.11,223.61,256.69,46.56,2338,2634,47.02,1489,1674,47.08,214,239,47.24,14.37,85.72,1016,1074,48.61,788,837,48.49,148,174,45.96,18.78,79.21,1322,1560,45.87,701,837,45.58,66,65,50.38,9.42,92.23,1969,2193,47.31,977,1127,46.44,40,48,45.45,4.09,95.74,10.14,89.96,1.001,20172018,NYI,
20.0,New York Rangers,82,,34,39,9,31,77,0.47,4524,5134,46.84,3457,3906,46.95,2538,2899,46.68,228,263,46.44,239.63,260.79,47.89,2261,2537,47.12,1375,1552,46.98,190,219,46.45,13.82,85.89,1051,1090,49.09,788,809,49.34,145,131,52.54,18.4,83.81,1210,1447,45.54,587,743,44.14,45,88,33.83,7.67,88.16,1829,2143,46.05,996,1185,45.67,30,36,45.45,3.01,96.96,8.98,90.93,0.999,20172018,NYR,
21.0,Ottawa Senators,82,,28,43,11,26,67,0.409,4676,5088,47.89,3464,3751,48.01,2515,2712,48.12,219,284,43.54,202.59,234.53,46.35,2067,2353,46.76,1205,1366,46.87,170,227,42.82,14.11,83.38,855,934,47.79,648,694,48.29,112,143,43.92,17.28,79.39,1212,1419,46.07,557,672,45.32,58,84,40.85,10.41,87.5,2097,2214,48.64,1114,1172,48.73,44,49,47.31,3.95,95.82,8.71,89.53,0.982,20172018,OTT,
22.0,Philadelphia Flyers,82,,42,26,14,40,98,0.598,4779,4667,50.59,3597,3437,51.14,2632,2448,51.81,249,236,51.34,231.37,219.21,51.35,2131,2168,49.57,1313,1270,50.83,198,189,51.16,15.08,85.12,896,875,50.59,681,619,52.38,122,133,47.84,17.91,78.51,1235,1293,48.85,632,651,49.26,76,56,57.58,12.03,91.4,2186,2044,51.68,1162,1050,52.53,43,42,50.59,3.7,96.0,9.46,90.36,0.998,20172018,PHI,
23.0,Pittsburgh Penguins,82,,47,29,6,45,100,0.61,4965,4630,51.75,3795,3446,52.41,2823,2553,52.51,270,248,52.12,254.06,227.74,52.73,2450,2271,51.9,1544,1431,51.9,216,211,50.59,13.99,85.26,1040,990,51.23,805,759,51.47,146,134,52.14,18.14,82.35,1410,1281,52.4,739,672,52.37,70,77,47.62,9.47,88.54,2122,1983,51.69,1139,1014,52.9,49,34,59.04,4.3,96.65,9.56,90.29,0.999,20172018,PIT,
24.0,San Jose Sharks,82,,45,27,10,40,100,0.61,5170,4855,51.57,3800,3474,52.24,2702,2489,52.05,247,226,52.22,243.85,223.57,52.17,2403,2249,51.66,1394,1355,50.71,183,188,49.33,13.13,86.13,1019,963,51.41,726,729,49.9,132,135,49.44,18.18,81.48,1384,1286,51.84,668,626,51.62,51,53,49.04,7.63,91.53,2302,2082,52.51,1186,975,54.88,59,29,67.05,4.97,97.03,9.14,90.92,1.001,20172018,SJS,
25.0,St Louis Blues,82,,44,32,6,41,94,0.573,4905,4573,51.75,3664,3295,52.65,2677,2438,52.34,223,222,50.11,227.65,214.31,51.51,2243,2142,51.15,1344,1290,51.03,179,178,50.14,13.32,86.2,810,811,49.97,602,630,48.86,100,121,45.25,16.61,80.79,1433,1331,51.85,742,660,52.92,79,57,58.09,10.65,91.36,2213,1997,52.57,1177,1005,53.94,41,41,50.0,3.48,95.92,8.33,90.89,0.992,20172018,STL,
26.0,Tampa Bay Lightning,82,,54,23,5,48,113,0.689,4984,4711,51.41,3766,3584,51.24,2680,2683,49.97,290,234,55.34,237.29,209.84,53.07,2444,2196,52.67,1513,1451,51.05,250,193,56.43,16.52,86.7,948,820,53.62,699,648,51.89,160,115,58.18,22.89,82.25,1496,1376,52.09,814,803,50.34,90,78,53.57,11.06,90.29,2225,2211,50.16,1052,1116,48.52,36,37,49.32,3.42,96.68,10.82,91.28,1.021,20172018,TBL,
27.0,Toronto Maple Leafs,82,,49,26,7,42,105,0.64,5002,4966,50.18,3713,3862,49.02,2642,2776,48.76,270,230,54.0,257.01,244.95,51.2,2671,2350,53.2,1592,1448,52.37,231,185,55.53,14.51,87.22,1072,937,53.36,795,691,53.5,151,128,54.12,18.99,81.48,1599,1413,53.09,797,757,51.29,80,57,58.39,10.04,92.47,1947,2216,46.77,911,1191,43.34,36,42,46.15,3.95,96.47,10.22,91.71,1.019,20172018,TOR,
28.0,Vancouver Canucks,82,,31,40,11,31,73,0.445,4472,4801,48.23,3370,3649,48.01,2465,2644,48.25,218,259,45.7,205.74,229.67,47.25,2115,2461,46.22,1288,1465,46.79,186,202,47.94,14.44,86.21,871,922,48.58,646,690,48.35,130,130,50.0,20.12,81.16,1244,1539,44.7,642,775,45.31,56,72,43.75,8.72,90.71,1938,1988,49.36,1011,1058,48.86,31,50,38.27,3.07,95.27,8.84,90.2,0.99,20172018,VAN,
29.0,Vegas Golden Knights,82,,51,24,7,47,109,0.665,5020,4691,51.69,3734,3512,51.53,2687,2523,51.57,268,225,54.36,237.09,213.28,52.64,2406,2185,52.41,1498,1366,52.3,212,183,53.67,14.15,86.6,861,882,49.4,656,664,49.7,134,127,51.34,20.43,80.87,1545,1303,54.25,842,702,54.53,78,56,58.21,9.26,92.02,2127,2001,51.53,1050,1012,50.92,48,34,58.54,4.57,96.64,9.97,91.08,1.011,20172018,VGK,
30.0,Winnipeg Jets,82,,52,20,10,48,114,0.695,4839,4861,49.89,3649,3621,50.19,2643,2613,50.29,273,216,55.83,224.0,219.2,50.54,2165,2131,50.4,1350,1272,51.49,196,170,53.55,14.52,86.64,878,839,51.14,658,625,51.29,118,112,51.3,17.93,82.08,1287,1292,49.9,692,647,51.68,78,58,57.35,11.27,91.04,2134,2237,48.82,1124,1192,48.53,68,45,60.18,6.05,96.22,10.33,91.73,1.021,20172018,WPG,
31.0,Washington Capitals,82,,49,26,7,46,105,0.64,4548,4981,47.73,3383,3761,47.35,2379,2613,47.66,256,238,51.82,219.0,255.66,46.14,2194,2448,47.26,1288,1441,47.2,196,206,48.76,15.22,85.7,842,1075,43.92,631,774,44.91,112,151,42.59,17.75,80.49,1352,1373,49.61,657,667,49.62,84,55,60.43,12.79,91.75,1981,2109,48.44,967,1051,47.92,49,28,63.64,5.07,97.34,10.76,90.89,1.017,20172018,WSH,
1.0,Anaheim Ducks,82,,35,37,10,32,80,0.488,4394,5051,46.52,3278,3855,45.96,2272,2727,45.45,196,248,44.14,204.05,267.99,43.23,2057,2582,44.34,1204,1594,43.03,159,211,42.97,13.21,86.76,835,1116,42.8,591,839,41.33,110,139,44.18,18.61,83.43,1222,1466,45.46,613,755,44.81,49,72,40.5,7.99,90.46,1912,2049,48.27,923,1015,47.63,33,30,52.38,3.58,97.04,8.63,90.91,0.995,20182019,ANA,
2.0,Arizona Coyotes,82,,39,35,8,35,86,0.524,4725,4855,49.32,3527,3557,49.79,2521,2527,49.94,209,220,48.72,229.5,226.28,50.35,2125,2223,48.87,1265,1292,49.47,164,178,47.95,12.96,86.22,903,987,47.78,646,701,47.96,95,124,43.38,14.71,82.31,1222,1236,49.72,619,591,51.16,69,54,56.1,11.15,90.86,2096,2132,49.57,1070,1083,49.7,39,36,52.0,3.64,96.68,8.29,91.29,0.996,20182019,ARI,
3.0,Boston Bruins,82,,49,24,9,47,107,0.652,4848,4376,52.56,3734,3326,52.89,2680,2416,52.59,257,212,54.8,230.06,210.78,52.19,2163,2021,51.7,1362,1319,50.8,208,162,56.22,15.27,87.72,878,839,51.14,673,658,50.56,135,109,55.33,20.06,83.43,1285,1182,52.09,689,661,51.04,73,53,57.94,10.6,91.98,2295,1996,53.48,1162,954,54.91,44,42,51.16,3.79,95.6,9.59,91.23,1.008,20182019,BOS,
4.0,Buffalo Sabres,82,,33,39,10,28,76,0.463,4688,4644,50.24,3659,3641,50.12,2698,2704,49.94,221,268,45.19,215.11,228.29,48.51,2120,2137,49.8,1320,1386,48.78,181,226,44.47,13.71,83.69,869,933,48.22,647,706,47.82,115,138,45.45,17.77,80.45,1251,1204,50.96,673,680,49.74,66,88,42.86,9.81,87.06,2137,2065,50.86,1235,1174,51.27,36,34,51.43,2.91,97.1,8.19,90.09,0.983,20182019,BUF,
5.0,Carolina Hurricanes,82,,46,29,7,44,99,0.604,5350,4355,55.13,4036,3311,54.93,2822,2343,54.64,243,221,52.37,285.87,223.98,56.07,2477,2052,54.69,1469,1217,54.69,194,185,51.19,13.21,84.8,1158,959,54.7,814,687,54.23,129,134,49.05,15.85,80.49,1319,1093,54.68,655,530,55.27,65,51,56.03,9.92,90.38,2374,1862,56.04,1203,964,55.51,39,26,60.0,3.24,97.3,8.61,90.57,0.992,20182019,CAR,
6.0,Columbus Blue Jackets,82,,47,31,4,45,98,0.598,4573,4403,50.95,3566,3327,51.73,2592,2418,51.74,256,231,52.57,231.01,212.67,52.07,2187,2060,51.5,1442,1328,52.06,205,192,51.64,14.22,85.54,889,856,50.95,684,667,50.63,123,121,50.41,17.98,81.86,1298,1204,51.88,758,661,53.42,82,71,53.59,10.82,89.26,1967,1909,50.75,1004,962,51.07,37,36,50.68,3.69,96.26,9.88,90.45,1.003,20182019,CBJ,
7.0,Calgary Flames,82,,50,25,7,50,107,0.652,4968,4275,53.75,3693,3242,53.25,2656,2302,53.57,289,223,56.45,250.71,209.77,54.45,2369,2087,53.16,1491,1278,53.85,235,176,57.18,15.76,86.23,1013,888,53.29,782,653,54.49,172,114,60.14,21.99,82.54,1356,1199,53.07,709,625,53.15,63,62,50.4,8.89,90.08,2152,1800,54.45,1046,867,54.68,44,43,50.57,4.21,95.04,10.88,90.31,1.012,20182019,CGY,
8.0,Chicago Blackhawks,82,,36,34,12,33,84,0.512,4770,4874,49.46,3512,3759,48.3,2671,2852,48.36,267,291,47.85,226.46,268.16,45.78,2304,2535,47.61,1422,1602,47.02,215,233,47.99,15.12,85.46,870,1168,42.69,681,905,42.94,129,154,45.58,18.94,82.98,1434,1367,51.2,741,697,51.53,86,79,52.12,11.61,88.67,2089,1955,51.66,1145,1119,50.57,45,52,46.39,3.93,95.35,10.0,89.8,0.998,20182019,CHI,
9.0,Colorado Avalanche,82,,38,30,14,36,90,0.549,4762,4863,49.48,3547,3539,50.06,2676,2619,50.54,258,244,51.39,224.4,227.14,49.7,2297,2195,51.14,1429,1330,51.79,204,189,51.91,14.28,85.79,948,915,50.89,712,685,50.97,133,129,50.76,18.68,81.17,1349,1280,51.31,717,645,52.64,71,60,54.2,9.9,90.7,2062,2182,48.59,1107,1131,49.46,48,47,50.53,4.34,95.84,9.64,90.68,1.003,20182019,COL,
10.0,Dallas Stars,82,,43,32,7,42,93,0.567,4551,4869,48.31,3375,3578,48.54,2520,2591,49.31,209,200,51.1,224.45,223.29,50.13,2215,2206,50.1,1360,1315,50.84,159,149,51.62,11.69,88.67,961,868,52.54,719,659,52.18,116,89,56.59,16.13,86.49,1254,1338,48.38,641,656,49.42,43,60,41.75,6.71,90.85,1903,2134,47.14,1015,1106,47.85,43,40,51.81,4.24,96.38,8.29,92.28,1.006,20182019,DAL,
11.0,Detroit Red Wings,82,,32,40,10,29,74,0.451,4368,4927,46.99,3291,3824,46.25,2394,2761,46.44,224,272,45.16,203.1,258.34,44.01,2062,2389,46.33,1264,1510,45.57,186,205,47.57,14.72,86.42,824,1041,44.18,619,777,44.34,119,138,46.3,19.22,82.24,1238,1348,47.87,645,733,46.81,67,67,50.0,10.39,90.86,1860,2109,46.86,945,1104,46.12,32,58,35.56,3.39,94.75,9.36,90.15,0.995,20182019,DET,
12.0,Edmonton Oilers,82,,35,38,9,32,79,0.482,4425,4725,48.36,3280,3551,48.02,2392,2599,47.93,229,271,45.8,217.55,236.64,47.9,2165,2273,48.78,1310,1356,49.14,198,211,48.41,15.11,84.44,909,990,47.87,679,698,49.31,122,136,47.29,17.97,80.52,1256,1283,49.47,631,658,48.95,76,75,50.33,12.04,88.6,1881,1993,48.55,972,1090,47.14,30,51,37.04,3.09,95.32,9.57,89.57,0.991,20182019,EDM,
13.0,Florida Panthers,82,,36,32,14,33,86,0.524,4746,4636,50.59,3661,3498,51.14,2705,2517,51.8,264,273,49.16,228.98,235.39,49.31,2129,2128,50.01,1350,1295,51.04,212,227,48.29,15.7,82.47,845,926,47.71,636,680,48.33,145,147,49.66,22.8,78.38,1284,1202,51.65,714,615,53.72,67,80,45.58,9.38,86.99,2161,2050,51.32,1183,1065,52.62,47,38,55.29,3.97,96.43,9.76,89.15,0.989,20182019,FLA,
14.0,Los Angeles Kings,82,,31,42,9,28,71,0.433,4492,4843,48.12,3338,3673,47.61,2359,2578,47.78,199,259,43.45,204.99,230.18,47.11,2035,2265,47.33,1166,1314,47.02,152,207,42.34,13.04,84.25,798,879,47.58,556,643,46.37,95,130,42.22,17.09,79.78,1237,1386,47.16,610,671,47.62,57,77,42.54,9.34,88.52,2019,2174,48.15,1038,1103,48.48,40,43,48.19,3.85,96.1,8.44,89.95,0.984,20182019,LAK,
15.0,Minnesota Wild,82,,37,36,9,36,83,0.506,4704,4645,50.32,3530,3424,50.76,2567,2419,51.48,210,233,47.4,221.15,205.65,51.82,2111,1935,52.17,1303,1124,53.69,172,185,48.18,13.2,83.54,933,759,55.14,700,549,56.04,112,120,48.28,16.0,78.14,1178,1176,50.04,603,575,51.19,60,65,48.0,9.95,88.7,2118,2172,49.37,1137,1143,49.87,33,43,43.42,2.9,96.24,8.18,90.37,0.985,20182019,MIN,
16.0,Montreal Canadiens,82,,44,30,8,41,96,0.585,5279,4627,53.29,3832,3457,52.57,2796,2549,52.31,246,236,51.04,236.11,214.82,52.36,2321,2154,51.87,1394,1308,51.59,193,202,48.86,13.85,84.56,973,906,51.78,716,657,52.15,133,119,52.78,18.58,81.89,1348,1248,51.93,678,651,51.02,60,83,41.96,8.85,87.25,2464,2049,54.6,1243,1107,52.89,46,31,59.74,3.7,97.2,8.8,90.74,0.995,20182019,MTL,
17.0,New Jersey Devils,82,,31,41,10,28,72,0.439,4338,4796,47.49,3390,3638,48.24,2488,2594,48.96,219,271,44.69,218.35,232.75,48.4,2016,2189,47.94,1312,1353,49.23,169,207,44.95,12.88,84.7,860,816,51.31,647,616,51.23,106,132,44.54,16.38,78.57,1156,1373,45.71,665,737,47.43,63,75,45.65,9.47,89.82,1922,2154,47.15,1044,1111,48.45,42,56,42.86,4.02,94.96,8.8,89.55,0.984,20182019,NJD,
18.0,Nashville Predators,82,,47,29,6,43,100,0.61,4900,4487,52.2,3696,3408,52.03,2679,2460,52.13,236,212,52.68,232.56,222.35,51.12,2222,2149,50.84,1336,1351,49.72,187,175,51.66,14.0,87.05,892,908,49.56,665,691,49.04,118,111,51.53,17.74,83.94,1330,1241,51.73,671,660,50.41,69,64,51.88,10.28,90.3,2227,1885,54.16,1210,968,55.56,38,35,52.05,3.14,96.38,8.81,91.38,1.002,20182019,NSH,
19.0,New York Islanders,82,,48,27,7,43,103,0.628,4328,4779,47.52,3229,3484,48.1,2360,2535,48.21,223,191,53.86,224.45,222.92,50.17,2256,2310,49.41,1392,1394,49.96,194,149,56.56,13.94,89.31,1027,935,52.34,781,731,51.65,138,111,55.42,17.67,84.82,1229,1375,47.2,611,663,47.96,56,38,59.57,9.17,94.27,1698,2029,45.56,857,1019,45.68,20,37,35.09,2.33,96.37,9.45,92.47,1.019,20182019,NYI,
20.0,New York Rangers,82,,32,36,14,26,78,0.476,4272,5029,45.93,3248,3816,45.98,2393,2774,46.31,221,267,45.29,222.18,260.33,46.05,2083,2516,45.29,1280,1533,45.5,178,220,44.72,13.91,85.65,964,1107,46.55,727,801,47.58,127,141,47.39,17.47,82.4,1119,1409,44.26,553,732,43.04,51,79,39.23,9.22,89.21,1756,2069,45.91,958,1088,46.82,38,42,47.5,3.97,96.14,9.24,90.37,0.996,20182019,NYR,
21.0,Ottawa Senators,82,,29,47,6,29,64,0.39,4377,5385,44.84,3312,4004,45.27,2429,2931,45.32,242,301,44.57,215.99,247.09,46.64,2087,2424,46.26,1266,1424,47.06,203,237,46.14,16.03,83.36,941,1000,48.48,704,746,48.55,142,147,49.13,20.17,80.29,1146,1424,44.59,562,678,45.32,61,90,40.4,10.85,86.73,1836,2479,42.55,985,1373,41.77,32,52,38.1,3.25,96.21,9.96,89.73,0.997,20182019,OTT,
22.0,Philadelphia Flyers,82,,37,37,8,34,82,0.5,4740,4857,49.39,3552,3580,49.8,2583,2665,49.22,241,280,46.26,231.52,232.54,49.89,2150,2222,49.18,1312,1340,49.47,198,222,47.14,15.09,83.43,938,883,51.51,709,674,51.27,132,134,49.62,18.62,80.12,1212,1339,47.51,603,666,47.52,66,88,42.86,10.95,86.79,2082,2159,49.09,1087,1145,48.7,38,48,44.19,3.5,95.81,9.33,89.49,0.988,20182019,PHI,
23.0,Pittsburgh Penguins,82,,44,26,12,42,100,0.61,4796,4902,49.45,3644,3673,49.8,2732,2729,50.03,271,238,53.24,243.84,230.6,51.4,2357,2194,51.79,1538,1391,52.51,227,196,53.66,14.76,85.91,1052,894,54.06,828,685,54.73,141,124,53.21,17.03,81.9,1305,1300,50.1,710,706,50.14,86,72,54.43,12.11,89.8,1998,2243,47.11,1048,1168,47.29,37,33,52.86,3.53,97.17,9.92,91.28,1.012,20182019,PIT,
24.0,San Jose Sharks,82,,46,27,9,46,101,0.616,5144,4314,54.39,3815,3237,54.1,2708,2324,53.82,289,258,52.83,253.86,223.45,53.19,2450,2114,53.68,1487,1319,52.99,238,214,52.65,16.01,83.78,1072,939,53.31,800,704,53.19,164,148,52.56,20.5,78.98,1378,1175,53.98,687,615,52.76,74,66,52.86,10.77,89.27,2194,1764,55.43,1081,866,55.52,44,38,53.66,4.07,95.61,10.67,88.9,0.996,20182019,SJS,
25.0,St Louis Blues,82,,45,28,9,42,99,0.604,4693,4385,51.7,3531,3247,52.1,2604,2345,52.62,244,220,52.59,233.49,209.06,52.76,2382,2164,52.4,1471,1333,52.46,199,180,52.51,13.53,86.5,977,821,54.34,727,626,53.73,130,118,52.42,17.88,81.15,1405,1343,51.13,744,707,51.27,69,62,52.67,9.27,91.23,1911,1853,50.77,1008,897,52.91,38,34,52.78,3.77,96.21,9.37,90.62,1.0,20182019,STL,
26.0,Tampa Bay Lightning,82,,62,16,4,56,128,0.78,4725,4667,50.31,3604,3542,50.43,2621,2633,49.89,319,221,59.07,234.29,212.89,52.39,2432,2290,51.5,1521,1487,50.57,270,193,58.32,17.75,87.02,921,888,50.91,696,658,51.4,157,125,55.67,22.56,81.0,1511,1402,51.87,825,829,49.88,113,68,62.43,13.7,91.8,2015,2051,49.56,984,1031,48.83,43,27,61.43,4.37,97.38,12.17,91.61,1.038,20182019,TBL,
27.0,Toronto Maple Leafs,82,,46,28,8,46,100,0.61,5387,4960,52.06,3975,3847,50.82,2737,2718,50.17,286,249,53.46,263.26,235.26,52.81,2835,2389,54.27,1620,1410,53.47,238,205,53.72,14.69,85.46,1115,913,54.98,819,658,55.45,149,129,53.6,18.19,80.4,1720,1476,53.82,801,752,51.58,89,76,53.94,11.11,89.89,2120,2190,49.19,993,1155,46.23,46,35,56.79,4.63,96.97,10.45,90.84,1.013,20182019,TOR,
28.0,Vancouver Canucks,82,,35,36,11,29,81,0.494,4527,4818,48.44,3395,3585,48.64,2433,2597,48.37,219,248,46.9,204.6,228.39,47.25,2090,2456,45.97,1216,1457,45.49,174,203,46.15,14.31,86.07,808,962,45.65,588,735,44.44,101,126,44.49,17.18,82.86,1282,1494,46.18,628,722,46.52,73,77,48.67,11.62,89.34,1993,2016,49.71,1042,1042,50.0,39,44,46.99,3.74,95.78,9.0,90.45,0.995,20182019,VAN,
29.0,Vegas Golden Knights,82,,43,32,7,40,93,0.567,5254,4362,54.64,3884,3244,54.49,2815,2400,53.98,246,228,51.9,262.93,211.13,55.46,2529,2082,54.85,1540,1287,54.47,191,181,51.34,12.4,85.94,1063,832,56.09,789,632,55.52,130,130,50.0,16.48,79.43,1466,1250,53.98,751,655,53.41,61,51,54.46,8.12,92.21,2215,1855,54.42,1127,958,54.05,49,37,56.98,4.35,96.14,8.74,90.5,0.992,20182019,VGK,
30.0,Winnipeg Jets,82,,47,30,5,45,99,0.604,4664,4907,48.73,3530,3720,48.69,2558,2741,48.27,270,243,52.63,225.46,238.43,48.6,2106,2235,48.51,1320,1416,48.25,214,197,52.07,16.21,86.09,852,931,47.78,630,682,48.02,139,128,52.06,22.06,81.23,1254,1304,49.02,690,734,48.46,75,69,52.08,10.87,90.6,2103,2196,48.92,1118,1173,48.8,46,41,52.87,4.11,96.5,10.56,91.13,1.017,20182019,WPG,
31.0,Washington Capitals,82,,48,26,8,44,104,0.634,4706,4878,49.1,3567,3644,49.47,2493,2586,49.08,274,248,52.49,232.75,246.45,48.57,2244,2400,48.32,1274,1373,48.13,203,203,50.0,15.93,85.21,860,1089,44.13,605,767,44.1,122,134,47.66,20.17,82.53,1384,1311,51.35,669,606,52.47,81,69,54.0,12.11,88.61,2036,2022,50.17,1060,1049,50.26,60,37,61.86,5.66,96.47,10.99,90.41,1.014,20182019,WSH,
1.0,Anaheim Ducks,71,,29,33,9,24,67,0.472,3916,4147,48.57,3011,3203,48.46,2108,2285,47.99,182,225,44.72,191.86,209.52,47.8,1912,2075,47.96,1135,1281,46.98,154,185,45.43,13.57,85.56,799,855,48.31,568,631,47.37,99,113,46.7,17.43,82.09,1113,1220,47.71,567,650,46.59,55,72,43.31,9.7,88.92,1720,1807,48.77,868,911,48.79,25,34,42.37,2.88,96.27,8.63,90.15,0.988,20192020,ANA,
2.0,Arizona Coyotes,70,,33,29,8,28,74,0.529,3920,4160,48.51,2995,3202,48.33,2220,2270,49.44,190,183,50.94,186.67,194.79,48.94,1818,1974,47.94,1124,1162,49.17,146,160,47.71,12.99,86.23,742,809,47.84,551,572,49.07,90,115,43.9,16.33,79.9,1076,1165,48.01,573,590,49.27,56,45,55.45,9.77,92.37,1765,1878,48.45,942,989,48.78,36,18,66.67,3.82,98.18,8.56,91.94,1.005,20192020,ARI,
3.0,Boston Bruins,70,,44,14,12,44,100,0.714,3985,3818,51.07,3068,2927,51.18,2247,2103,51.66,227,167,57.61,196.07,176.12,52.68,1889,1768,51.65,1154,1039,52.62,177,135,56.73,15.34,87.01,734,693,51.44,547,513,51.6,125,88,58.69,22.85,82.85,1155,1075,51.79,607,526,53.57,52,47,52.53,8.57,91.06,1804,1802,50.03,959,933,50.69,45,31,59.21,4.69,96.68,10.1,92.06,1.022,20192020,BOS,
4.0,Buffalo Sabres,69,,30,31,8,28,68,0.493,3592,3673,49.44,2785,2914,48.87,2021,2149,48.47,193,215,47.3,168.45,189.56,47.05,1680,1750,48.98,1021,1142,47.2,151,181,45.48,14.79,84.15,674,749,47.36,515,587,46.73,96,131,42.29,18.64,77.68,1006,1001,50.12,506,555,47.69,55,50,52.38,10.87,90.99,1676,1694,49.73,899,906,49.81,36,29,55.38,4.0,96.8,9.55,90.0,0.995,20192020,BUF,
5.0,Carolina Hurricanes,68,,38,25,5,33,81,0.596,4123,3511,54.01,3133,2728,53.46,2262,1995,53.14,217,193,52.93,222.69,193.13,53.55,2013,1734,53.72,1207,1121,51.85,185,167,52.56,15.33,85.1,892,785,53.19,650,599,52.04,130,121,51.79,20.0,79.8,1121,949,54.15,557,522,51.62,55,46,54.46,9.87,91.19,1765,1471,54.54,911,749,54.88,28,24,53.85,3.07,96.8,9.59,90.33,0.999,20192020,CAR,
6.0,Columbus Blue Jackets,70,,33,22,15,33,81,0.579,3808,3927,49.23,2968,2867,50.87,2272,2092,52.06,180,183,49.59,184.24,165.8,52.63,1756,1783,49.62,1170,1036,53.04,146,147,49.83,12.48,85.81,651,636,50.58,520,481,51.95,92,83,52.57,17.69,82.74,1105,1147,49.07,650,555,53.94,54,64,45.76,8.31,88.47,1730,1816,48.79,965,934,50.82,30,33,47.62,3.11,96.47,7.92,91.25,0.992,20192020,CBJ,
7.0,Calgary Flames,70,,36,27,7,30,79,0.564,4097,4101,49.98,3097,3165,49.46,2213,2271,49.35,204,214,48.8,203.68,198.74,50.61,1966,2001,49.56,1192,1229,49.24,173,172,50.14,14.51,86.0,776,730,51.53,576,528,52.17,109,94,53.69,18.92,82.2,1190,1271,48.35,616,701,46.77,64,78,45.07,10.39,88.87,1841,1820,50.29,913,925,49.67,30,32,48.39,3.29,96.54,9.22,90.58,0.998,20192020,CGY,
8.0,Chicago Blackhawks,70,,32,30,8,28,72,0.514,3987,4168,48.89,2953,3153,48.36,2227,2459,47.52,208,214,49.29,199.97,217.43,47.91,1986,2136,48.18,1249,1364,47.8,164,178,47.95,13.13,86.95,804,905,47.05,623,707,46.84,107,121,46.93,17.17,82.89,1182,1231,48.98,626,657,48.79,57,57,50.0,9.11,91.32,1704,1723,49.72,888,975,47.67,37,29,56.06,4.17,97.03,9.34,91.3,1.006,20192020,CHI,
9.0,Colorado Avalanche,70,,42,20,8,41,92,0.657,4157,3980,51.09,3064,2950,50.95,2257,2194,50.71,236,190,55.4,196.22,184.74,51.51,2011,1818,52.52,1211,1111,52.15,181,151,54.52,14.95,86.41,726,732,49.79,555,558,49.87,95,105,47.5,17.12,81.18,1285,1086,54.2,656,553,54.26,86,46,65.15,13.11,91.68,1860,1829,50.42,958,939,50.5,48,34,58.54,5.01,96.38,10.46,91.34,1.018,20192020,COL,
10.0,Dallas Stars,69,,37,24,8,35,82,0.594,3911,4007,49.39,2882,2976,49.2,2115,2177,49.28,178,174,50.57,198.45,185.7,51.66,1965,1867,51.28,1181,1091,51.98,144,133,51.99,12.19,87.81,830,728,53.27,618,543,53.23,101,91,52.6,16.34,83.24,1135,1139,49.91,563,548,50.68,43,42,50.59,7.64,92.34,1585,1789,46.98,799,970,45.17,28,35,44.44,3.5,96.39,8.42,92.01,1.004,20192020,DAL,
11.0,Detroit Red Wings,71,,17,49,5,14,39,0.275,3426,4056,45.79,2648,3151,45.66,1924,2330,45.23,142,265,34.89,164.43,220.79,42.68,1607,2008,44.45,980,1237,44.2,114,214,34.76,11.63,82.7,632,854,42.53,494,641,43.52,75,152,33.04,15.18,76.29,975,1154,45.8,486,596,44.92,39,62,38.61,8.02,89.6,1546,1810,46.07,807,995,44.78,24,44,35.29,2.97,95.58,7.38,88.63,0.96,20192020,DET,
12.0,Edmonton Oilers,71,,37,25,9,35,83,0.585,3767,4183,47.38,2859,3119,47.83,2100,2274,48.01,223,215,50.91,197.35,206.01,48.93,1880,2022,48.18,1125,1216,48.06,189,180,51.22,16.8,85.2,787,780,50.22,580,604,48.99,122,113,51.91,21.03,81.29,1093,1242,46.81,545,612,47.1,67,67,50.0,12.29,89.05,1618,1869,46.4,858,924,48.15,30,31,49.18,3.5,96.65,10.62,90.55,1.012,20192020,EDM,
13.0,Florida Panthers,69,,35,26,8,32,78,0.565,3956,3962,49.96,3005,2984,50.18,2254,2227,50.3,228,224,50.44,190.04,200.97,48.6,1813,1845,49.56,1177,1201,49.5,177,172,50.72,15.04,85.68,703,796,46.9,548,628,46.6,111,100,52.61,20.26,84.08,1110,1049,51.41,629,573,52.33,66,72,47.83,10.49,87.43,1847,1793,50.74,966,884,52.22,44,43,50.57,4.55,95.14,10.12,89.94,1.001,20192020,FLA,
14.0,Los Angeles Kings,70,,29,35,6,28,64,0.457,4272,3792,52.98,3258,2931,52.64,2325,2079,52.79,177,209,45.85,202.44,196.56,50.74,1852,1842,50.14,1132,1102,50.67,141,168,45.63,12.46,84.75,785,742,51.41,573,531,51.9,97,110,46.86,16.93,79.28,1067,1100,49.24,559,571,49.47,44,58,43.14,7.87,89.84,2030,1667,54.91,1058,865,55.02,29,35,45.31,2.74,95.95,7.61,89.95,0.976,20192020,LAK,
15.0,Minnesota Wild,69,,35,27,7,33,77,0.558,3797,3876,49.49,2862,2908,49.6,2077,2115,49.55,218,217,50.11,175.8,165.81,51.46,1679,1602,51.17,1022,979,51.07,175,172,50.43,17.12,82.43,735,596,55.22,557,431,56.38,118,107,52.44,21.18,75.17,944,1006,48.41,465,548,45.9,57,65,46.72,12.26,88.14,1796,1911,48.45,939,1018,47.98,38,35,52.05,4.05,96.56,10.5,89.74,1.002,20192020,MIN,
16.0,Montreal Canadiens,71,,31,31,9,27,71,0.5,4455,3915,53.23,3304,2990,52.49,2423,2208,52.32,208,220,48.6,205.46,190.54,51.88,2064,1816,53.2,1245,1111,52.84,171,173,49.71,13.73,84.43,861,774,52.66,650,590,52.42,114,115,49.78,17.54,80.51,1203,1042,53.59,595,521,53.32,57,58,49.57,9.58,88.87,2037,1765,53.58,1043,955,52.2,33,41,44.59,3.16,95.71,8.58,90.04,0.986,20192020,MTL,
17.0,New Jersey Devils,69,,28,29,12,24,68,0.493,3719,4134,47.36,2893,3101,48.26,2118,2257,48.41,185,224,45.23,190.4,194.81,49.43,1758,2028,46.43,1133,1227,48.01,146,177,45.2,12.89,85.57,747,724,50.78,566,551,50.67,101,107,48.56,17.84,80.58,1011,1304,43.67,567,676,45.62,45,70,39.13,7.94,89.64,1707,1821,48.38,877,920,48.8,35,42,45.45,3.99,95.43,8.73,90.08,0.988,20192020,NJD,
18.0,Nashville Predators,69,,35,26,8,32,78,0.565,4174,4004,51.04,3186,2984,51.64,2287,2158,51.45,212,214,49.77,202.07,189.33,51.63,1898,1882,50.21,1134,1145,49.76,176,173,50.43,15.52,84.89,729,765,48.8,562,577,49.34,121,115,51.27,21.53,80.07,1169,1117,51.14,572,568,50.18,55,58,48.67,9.62,89.79,1970,1811,52.1,1040,894,53.77,30,33,47.62,2.88,96.31,9.27,90.08,0.994,20192020,NSH,
19.0,New York Islanders,68,,35,23,10,32,80,0.588,3677,4171,46.85,2712,3018,47.33,2016,2124,48.7,189,190,49.87,182.98,187.89,49.34,1883,2037,48.04,1142,1160,49.61,157,150,51.14,13.75,87.07,853,819,51.02,667,592,52.98,120,108,52.63,17.99,81.76,1030,1218,45.82,475,568,45.54,37,42,46.84,7.79,92.61,1518,1805,45.68,780,844,48.03,29,35,45.31,3.72,95.85,9.38,91.05,1.004,20192020,NYI,
20.0,New York Rangers,70,,37,28,5,36,79,0.564,3830,4402,46.53,2960,3352,46.89,2175,2382,47.73,233,220,51.43,200.25,234.82,46.03,1905,2113,47.41,1156,1267,47.71,195,184,51.45,16.87,85.48,843,928,47.6,624,678,47.93,136,115,54.18,21.79,83.04,1062,1185,47.26,532,589,47.46,59,69,46.09,11.09,88.29,1637,1960,45.51,878,996,46.85,31,33,48.44,3.53,96.69,10.71,90.76,1.015,20192020,NYR,
21.0,Ottawa Senators,71,,25,34,12,24,62,0.437,4076,4356,48.34,3086,3286,48.43,2175,2384,47.71,190,238,44.39,206.11,214.17,49.04,2009,2073,49.22,1155,1230,48.43,160,198,44.69,13.85,83.9,898,838,51.73,650,619,51.22,120,130,48.0,18.46,79.0,1111,1235,47.36,505,611,45.25,40,68,37.04,7.92,88.87,1726,1934,47.16,879,1030,46.05,27,36,42.86,3.07,96.5,8.74,90.02,0.988,20192020,OTT,
22.0,Philadelphia Flyers,69,,41,21,7,36,89,0.645,3838,3553,51.93,2918,2710,51.85,2167,1977,52.29,227,191,54.31,188.75,179.62,51.24,1776,1698,51.12,1115,1042,51.69,178,149,54.43,15.96,85.7,769,727,51.4,585,546,51.72,121,100,54.75,20.68,81.68,1007,971,50.91,530,496,51.66,57,49,53.77,10.75,90.12,1728,1554,52.65,907,800,53.13,42,38,52.5,4.63,95.25,10.48,90.34,1.008,20192020,PHI,
23.0,Pittsburgh Penguins,69,,40,23,6,37,86,0.623,3862,3645,51.45,2945,2753,51.68,2205,2051,51.81,221,196,53.0,201.9,176.1,53.41,1885,1692,52.7,1210,1098,52.43,185,164,53.01,15.29,85.06,779,682,53.32,611,549,52.67,128,107,54.47,20.95,80.51,1106,1010,52.27,599,549,52.18,57,57,50.0,9.52,89.62,1682,1634,50.72,867,829,51.12,30,25,54.55,3.46,96.98,10.02,90.44,1.005,20192020,PIT,
24.0,San Jose Sharks,70,,29,36,5,27,63,0.45,3900,3866,50.22,2888,2930,49.64,2102,2141,49.54,180,225,44.44,196.8,205.98,48.86,1890,1970,48.96,1146,1239,48.05,148,185,44.44,12.91,85.07,810,841,49.06,616,640,49.04,92,118,43.81,14.94,81.56,1080,1129,48.89,530,599,46.94,56,67,45.53,10.57,88.81,1711,1561,52.29,854,753,53.14,30,31,49.18,3.51,95.88,8.56,89.49,0.981,20192020,SJS,
25.0,St Louis Blues,71,,42,19,10,40,94,0.662,3784,3705,50.53,2896,2861,50.3,2180,2103,50.9,223,190,54.0,190.2,196.11,49.24,1896,1840,50.75,1183,1173,50.21,171,131,56.62,14.45,88.83,699,768,47.65,542,587,48.01,98,79,55.37,18.08,86.54,1197,1072,52.75,641,586,52.24,73,52,58.4,11.39,91.13,1641,1597,50.68,888,822,51.93,46,55,45.54,5.18,93.31,10.23,90.97,1.012,20192020,STL,
26.0,Tampa Bay Lightning,70,,43,21,6,41,92,0.657,4006,3811,51.25,3032,2914,50.99,2176,2165,50.13,243,194,55.61,202.94,185.0,52.31,2051,1841,52.7,1279,1182,51.97,204,157,56.51,15.95,86.72,756,703,51.82,573,550,51.02,123,98,55.66,21.47,82.18,1295,1138,53.23,706,632,52.77,81,59,57.86,11.47,90.66,1684,1717,49.51,796,867,47.87,36,35,50.7,4.52,95.96,11.17,91.04,1.022,20192020,TBL,
27.0,Toronto Maple Leafs,70,,36,25,9,35,81,0.579,4260,4000,51.57,3224,3097,51.0,2302,2234,50.75,237,222,51.63,207.85,195.51,51.53,2149,1937,52.59,1295,1174,52.45,193,186,50.92,14.9,84.16,830,792,51.17,620,596,50.99,132,122,51.97,21.29,79.53,1319,1145,53.53,675,578,53.87,61,64,48.8,9.04,88.93,1855,1796,50.81,922,956,49.09,40,33,54.79,4.34,96.55,10.3,90.06,1.004,20192020,TOR,
28.0,Vancouver Canucks,69,,36,27,6,32,78,0.565,3945,4152,48.72,2985,3064,49.35,2153,2297,48.38,224,214,51.14,190.6,212.83,47.25,1877,2106,47.13,1112,1277,46.55,182,173,51.27,16.37,86.45,743,791,48.44,550,615,47.21,114,113,50.22,20.73,81.63,1134,1315,46.3,562,662,45.92,68,60,53.13,12.1,90.94,1764,1756,50.11,916,911,50.14,34,37,47.89,3.71,95.94,10.4,90.68,1.011,20192020,VAN,
29.0,Vegas Golden Knights,71,,39,24,8,36,86,0.606,4451,3802,53.93,3381,2847,54.29,2452,2083,54.07,224,209,51.73,224.15,190.66,54.04,2249,1821,55.26,1424,1112,56.15,190,165,53.52,13.34,85.16,911,765,54.36,687,575,54.44,116,113,50.66,16.89,80.35,1338,1056,55.89,737,537,57.85,74,52,58.73,10.04,90.32,1863,1683,52.54,892,868,50.68,29,42,40.85,3.25,95.16,9.14,89.97,0.991,20192020,VGK,
30.0,Winnipeg Jets,71,,37,28,6,34,80,0.563,4013,4085,49.56,3052,3211,48.73,2222,2315,48.98,213,201,51.45,189.0,214.4,46.85,1860,2005,48.12,1128,1232,47.8,173,167,50.88,15.34,86.44,699,919,43.2,518,680,43.24,107,130,45.15,20.66,80.88,1161,1086,51.67,610,552,52.5,66,37,64.08,10.82,93.3,1903,1792,51.5,992,969,50.59,35,29,54.69,3.53,97.01,9.59,91.32,1.009,20192020,WPG,
31.0,Washington Capitals,69,,41,20,8,37,90,0.652,4053,3795,51.64,3090,2844,52.07,2208,2084,51.44,236,212,52.68,209.78,194.14,51.94,1929,1822,51.43,1153,1110,50.95,183,182,50.14,15.87,83.6,798,769,50.93,572,569,50.13,129,125,50.79,22.55,78.03,1131,1053,51.79,581,541,51.78,54,57,48.65,9.29,89.46,1760,1608,52.26,905,835,52.01,43,26,62.32,4.75,96.89,10.69,89.83,1.005,20192020,WSH,
1.0,Pittsburgh Penguins,56,,37,16,3,34,77,0.688,2908,2886,50.19,2238,2222,50.18,1685,1680,50.07,193,155,55.46,149.95,145.15,50.81,1446,1355,51.62,918,885,50.92,164,127,56.36,17.86,85.65,580,602,49.07,471,489,49.06,113,89,55.94,23.99,81.8,866,753,53.49,447,396,53.02,51,38,57.3,11.41,90.4,1268,1338,48.66,685,714,48.96,21,25,45.65,3.07,96.5,11.45,90.77,1.022,20202021,PIT,
2.0,Philadelphia Flyers,56,,25,23,8,22,58,0.518,3133,2877,52.13,2357,2208,51.63,1692,1636,50.84,160,197,44.82,144.6,142.3,50.4,1416,1368,50.86,837,843,49.82,137,157,46.6,16.37,81.38,563,582,49.17,448,459,49.39,92,107,46.23,20.54,76.69,853,786,52.04,389,384,50.32,45,50,47.37,11.57,86.98,1490,1322,52.99,750,716,51.16,18,35,33.96,2.4,95.11,9.46,87.96,0.974,20202021,PHI,
3.0,Chicago Blackhawks,56,,24,25,7,22,55,0.491,2839,3241,46.69,2084,2465,45.81,1635,1888,46.41,159,184,46.36,138.14,169.02,44.97,1427,1678,45.96,927,1070,46.42,136,151,47.39,14.67,85.89,548,690,44.26,443,556,44.34,86,107,44.56,19.41,80.76,879,988,47.08,484,514,48.5,50,44,53.19,10.33,91.44,1206,1358,47.04,637,738,46.33,18,29,38.3,2.83,96.07,9.72,90.25,1.0,20202021,CHI,
4.0,Tampa Bay Lightning,56,,36,17,3,35,75,0.67,2973,2747,51.98,2297,2102,52.22,1692,1583,51.66,180,145,55.38,157.21,134.66,53.86,1523,1446,51.3,972,902,51.87,147,118,55.47,15.12,86.92,575,543,51.43,470,431,52.16,100,71,58.48,21.28,83.53,948,903,51.22,502,471,51.59,47,47,50.0,9.36,90.02,1278,1133,53.01,662,609,52.08,27,22,55.1,4.08,96.39,10.64,90.84,1.015,20202021,TBL,
5.0,Montreal Canadiens,56,,24,21,11,23,59,0.527,3265,2879,53.14,2399,2195,52.22,1746,1580,52.5,158,165,48.92,145.02,145.26,49.96,1571,1419,52.54,898,848,51.43,129,138,48.31,14.37,83.73,580,584,49.83,427,433,49.65,88,88,50.0,20.61,79.68,991,835,54.27,471,415,53.16,41,50,45.05,8.7,87.95,1480,1236,54.49,775,640,54.77,26,23,53.06,3.35,96.41,9.05,89.56,0.986,20202021,MTL,
6.0,Toronto Maple Leafs,56,,35,14,7,34,77,0.688,3124,2897,51.89,2411,2189,52.41,1751,1559,52.9,186,148,55.69,173.77,136.32,56.04,1811,1453,55.48,1118,819,57.72,159,122,56.58,14.22,85.1,735,528,58.19,556,387,58.96,102,81,55.74,18.35,79.07,1076,925,53.77,562,432,56.54,57,41,58.16,10.14,90.51,1150,1250,47.92,573,663,46.36,26,23,53.06,4.54,96.53,10.62,90.51,1.011,20202021,TOR,
7.0,Vancouver Canucks,56,,23,29,4,20,50,0.446,2965,3370,46.8,2238,2565,46.6,1629,1870,46.56,148,187,44.18,141.53,181.16,43.86,1421,1811,43.97,819,1091,42.88,123,156,44.09,15.02,85.7,537,682,44.05,380,504,42.99,71,103,40.8,18.68,79.56,884,1129,43.91,439,587,42.79,52,53,49.52,11.85,90.97,1305,1358,49.0,700,707,49.75,21,24,46.67,3.0,96.61,9.09,90.0,0.991,20202021,VAN,
8.0,Edmonton Oilers,56,,35,19,2,35,72,0.643,3025,3132,49.13,2284,2331,49.49,1676,1717,49.4,183,154,54.3,159.72,145.88,52.27,1512,1559,49.23,929,937,49.79,152,128,54.29,16.36,86.34,624,589,51.44,473,429,52.44,83,73,53.21,17.55,82.98,888,970,47.79,456,508,47.3,69,55,55.65,15.13,89.17,1292,1359,48.74,663,691,48.97,22,24,47.83,3.32,96.53,10.92,91.03,1.019,20202021,EDM,
9.0,St Louis Blues,56,,27,20,9,25,63,0.563,2885,3085,48.32,2145,2325,47.99,1622,1670,49.27,167,167,50.0,132.44,158.7,45.49,1367,1464,48.29,846,883,48.93,135,137,49.63,15.96,84.48,475,625,43.18,359,432,45.39,80,87,47.9,22.28,79.86,892,839,51.53,487,451,51.92,55,50,52.38,11.29,88.91,1289,1390,48.11,695,718,49.19,29,27,51.79,4.17,96.24,10.3,90.0,1.003,20202021,STL,
10.0,Colorado Avalanche,56,,39,13,4,39,82,0.732,3613,2635,57.83,2657,1958,57.57,1937,1423,57.65,197,132,59.88,178.79,120.84,59.67,1790,1197,59.93,1079,729,59.68,163,106,60.59,15.11,85.46,702,481,59.34,512,369,58.12,93,55,62.84,18.16,85.09,1088,716,60.31,567,360,61.17,70,51,57.85,12.35,85.83,1608,1220,56.86,792,613,56.37,30,22,57.69,3.79,96.41,10.17,90.72,1.009,20202021,COL,
11.0,Washington Capitals,56,,36,15,5,33,77,0.688,3005,2958,50.39,2301,2275,50.28,1647,1612,50.54,188,161,53.87,147.53,142.15,50.93,1382,1335,50.86,837,802,51.07,142,128,52.59,16.97,84.04,548,550,49.91,420,400,51.22,91,85,51.7,21.67,78.75,834,785,51.51,417,402,50.92,51,43,54.26,12.23,89.3,1419,1379,50.71,738,709,51.0,40,27,59.7,5.42,96.19,11.41,90.01,1.014,20202021,WSH,
12.0,Buffalo Sabres,56,,15,34,7,11,37,0.33,2772,3199,46.42,2184,2559,46.05,1592,1889,45.73,134,196,40.61,134.55,163.01,45.22,1272,1507,45.77,774,940,45.16,100,148,40.32,12.92,84.26,566,627,47.44,418,478,46.65,63,93,40.38,15.07,80.54,706,880,44.51,356,462,43.52,37,55,40.22,10.39,88.1,1327,1508,46.81,743,859,46.38,29,40,42.03,3.9,95.34,8.42,89.62,0.98,20202021,BUF,
13.0,Boston Bruins,56,,33,16,7,29,73,0.652,3224,2785,53.65,2543,2127,54.45,1866,1516,55.17,164,134,55.03,146.75,125.74,53.86,1473,1345,52.27,947,793,54.43,127,109,53.81,13.41,86.25,540,512,51.33,421,395,51.59,79,71,52.67,18.76,82.03,933,833,52.83,526,398,56.93,48,38,55.81,9.13,90.45,1552,1268,55.04,810,628,56.33,33,23,58.93,4.07,96.34,8.79,91.16,0.999,20202021,BOS,
14.0,New Jersey Devils,56,,19,30,7,19,45,0.402,2989,2964,50.21,2263,2349,49.07,1613,1739,48.12,145,189,43.41,141.34,158.96,47.07,1421,1467,49.2,851,963,46.91,117,154,43.17,13.75,84.01,530,591,47.28,392,480,44.95,71,103,40.8,18.11,78.54,891,876,50.42,459,483,48.73,46,51,47.42,10.02,89.44,1415,1354,51.1,708,724,49.44,26,28,48.15,3.67,96.13,8.99,89.13,0.981,20202021,NJD,
15.0,New York Islanders,56,,32,17,7,28,71,0.634,2876,3021,48.77,2193,2224,49.65,1624,1590,50.53,152,125,54.87,147.41,135.23,52.15,1498,1461,50.63,949,842,52.99,130,100,56.52,13.7,88.12,649,507,56.14,512,378,57.53,95,67,58.64,18.55,82.28,849,954,47.09,437,464,48.5,35,33,51.47,8.01,92.89,1205,1371,46.78,610,683,47.18,21,22,48.84,3.44,96.78,9.36,92.14,1.015,20202021,NYI,
16.0,New York Rangers,56,,27,23,6,26,60,0.536,2883,3100,48.19,2220,2335,48.74,1608,1665,49.13,176,155,53.17,149.02,148.62,50.07,1404,1474,48.78,831,876,48.68,134,128,51.15,16.13,85.39,591,596,49.79,434,437,49.83,88,77,53.33,20.28,82.38,813,878,48.08,397,439,47.49,46,51,47.42,11.59,88.38,1279,1415,47.48,686,697,49.6,35,23,60.34,5.1,96.7,10.95,90.69,1.016,20202021,NYR,
17.0,Dallas Stars,56,,23,19,14,21,60,0.536,3122,2880,52.02,2332,2159,51.93,1700,1518,52.83,156,148,51.32,143.96,133.63,51.86,1500,1307,53.44,905,792,53.33,139,115,54.72,15.36,85.48,613,512,54.49,450,383,54.02,100,81,55.25,22.22,78.85,887,795,52.73,455,409,52.66,39,34,53.42,8.57,91.69,1394,1307,51.61,696,632,52.41,15,30,33.33,2.16,95.25,9.18,90.25,0.994,20202021,DAL,
18.0,Florida Panthers,56,,37,14,5,36,79,0.705,3262,2841,53.45,2557,2224,53.48,1955,1683,53.74,188,151,55.46,171.65,141.85,54.75,1542,1318,53.92,1045,871,54.54,151,122,55.31,14.45,85.99,621,521,54.38,515,417,55.26,100,85,54.05,19.42,79.62,921,797,53.61,530,454,53.86,51,37,57.95,9.62,91.85,1512,1322,53.35,818,722,53.12,32,25,56.14,3.91,96.54,9.62,91.03,1.006,20202021,FLA,
19.0,Carolina Hurricanes,56,,36,12,8,32,80,0.714,3315,2832,53.93,2503,2174,53.52,1794,1581,53.16,175,134,56.63,175.36,145.23,54.7,1641,1391,54.12,978,875,52.78,139,113,55.16,14.21,87.09,707,596,54.26,516,450,53.42,98,79,55.37,18.99,82.44,934,795,54.02,462,425,52.09,41,34,54.67,8.87,92.0,1438,1225,54.0,730,632,53.6,28,18,60.87,3.84,97.15,9.75,91.52,1.013,20202021,CAR,
20.0,Detroit Red Wings,56,,19,27,10,17,48,0.429,2655,3142,45.8,2033,2422,45.63,1528,1786,46.11,125,168,42.66,131.21,149.58,46.73,1231,1481,45.39,762,926,45.14,99,139,41.6,12.99,84.99,480,589,44.9,387,451,46.18,64,92,41.03,16.54,79.6,751,892,45.71,375,475,44.12,35,47,42.68,9.33,90.11,1197,1444,45.32,659,783,45.7,22,22,50.0,3.34,97.19,8.18,90.59,0.988,20202021,DET,
21.0,Columbus Blue Jackets,56,,18,26,12,15,48,0.429,2785,3237,46.25,2159,2448,46.86,1625,1815,47.24,134,184,42.14,122.23,153.37,44.35,1239,1483,45.52,800,937,46.06,99,151,39.6,12.38,83.88,473,585,44.71,356,459,43.68,64,99,39.26,17.98,78.43,766,898,46.03,444,478,48.16,35,52,40.23,7.88,89.12,1325,1542,46.22,750,790,48.7,33,28,54.1,4.4,96.46,8.25,89.86,0.981,20202021,CBJ,
22.0,Nashville Predators,56,,31,23,2,26,64,0.571,3012,3043,49.74,2336,2307,50.31,1679,1754,48.91,151,154,49.51,137.49,149.91,47.84,1409,1408,50.02,883,899,49.55,121,122,49.79,13.7,86.43,570,551,50.85,444,434,50.57,81,79,50.63,18.24,81.8,839,857,49.47,439,465,48.56,40,43,48.19,9.11,90.75,1421,1440,49.67,733,779,48.48,26,27,49.06,3.55,96.53,8.99,91.22,1.002,20202021,NSH,
23.0,Calgary Flames,56,,26,27,3,25,55,0.491,3144,2853,52.43,2396,2176,52.41,1689,1577,51.71,155,160,49.21,154.06,138.04,52.74,1508,1399,51.87,929,859,51.96,127,134,48.66,13.67,84.4,589,525,52.87,437,401,52.15,71,81,46.71,16.25,79.8,919,874,51.25,492,458,51.79,56,53,51.38,11.38,88.43,1420,1252,53.14,682,629,52.02,24,20,54.55,3.52,96.82,9.18,89.85,0.99,20202021,CGY,
24.0,Winnipeg Jets,56,,30,23,3,30,63,0.563,2987,3130,48.83,2246,2363,48.73,1661,1713,49.23,170,152,52.8,146.18,164.44,47.06,1520,1590,48.87,882,961,47.86,147,132,52.69,16.67,86.26,547,689,44.26,408,504,44.74,94,87,51.93,23.04,82.74,973,901,51.92,474,457,50.91,53,45,54.08,11.18,90.15,1280,1332,49.0,692,664,51.03,18,15,54.55,2.6,97.74,10.23,91.13,1.014,20202021,WPG,
25.0,San Jose Sharks,56,,21,28,7,16,49,0.438,3041,3292,48.02,2316,2480,48.29,1682,1791,48.43,146,196,42.69,158.61,162.6,49.38,1551,1579,49.55,962,959,50.08,120,158,43.17,12.47,83.52,654,663,49.66,502,472,51.54,82,105,43.85,16.33,77.75,897,916,49.48,460,487,48.57,38,53,41.76,8.26,89.12,1266,1485,46.02,634,745,45.98,22,34,39.29,3.47,95.44,8.68,89.06,0.977,20202021,SJS,
26.0,Arizona Coyotes,56,,24,26,6,21,54,0.482,2923,3126,48.32,2186,2366,48.02,1538,1707,47.4,150,174,46.3,141.51,160.64,46.83,1344,1559,46.3,803,939,46.1,123,143,46.24,15.32,84.77,571,630,47.54,398,459,46.44,67,90,42.68,16.83,80.39,773,929,45.42,405,480,45.76,56,53,51.38,13.83,88.96,1378,1377,50.02,664,688,49.11,25,22,53.19,3.77,96.8,9.75,89.81,0.996,20202021,ARI,
27.0,Anaheim Ducks,56,,17,30,9,15,43,0.384,2910,3099,48.43,2157,2363,47.72,1500,1713,46.69,124,177,41.2,132.25,160.3,45.2,1362,1579,46.31,803,1000,44.54,105,152,40.86,13.08,84.8,545,673,44.75,394,502,43.97,69,105,39.66,17.51,79.08,817,906,47.42,409,498,45.09,36,47,43.37,8.8,90.56,1296,1334,49.28,591,654,47.47,18,20,47.37,3.05,96.94,8.27,89.67,0.979,20202021,ANA,
28.0,Vegas Golden Knights,56,,40,14,2,39,82,0.732,3473,2959,54.0,2557,2116,54.72,1829,1528,54.48,190,122,60.9,177.72,141.59,55.66,1743,1455,54.5,1027,842,54.95,154,104,59.69,15.0,87.65,690,574,54.59,499,429,53.77,99,69,58.93,19.84,83.92,1053,881,54.45,528,413,56.11,55,35,61.11,10.42,91.53,1483,1263,54.01,723,592,54.98,31,17,64.58,4.29,97.13,10.39,92.02,1.024,20202021,VGK,
29.0,Minnesota Wild,56,,35,16,5,34,75,0.67,2837,3210,46.92,2200,2385,47.98,1587,1705,48.21,180,159,53.1,141.92,137.3,50.83,1310,1359,49.08,840,841,49.97,151,129,53.93,17.98,84.66,569,482,54.14,433,372,53.79,91,72,55.83,21.02,80.65,741,877,45.8,407,469,46.46,60,57,51.28,14.74,87.85,1320,1575,45.6,678,791,46.15,22,28,44.0,3.24,96.46,11.34,90.67,1.02,20202021,MIN,
30.0,Los Angeles Kings,56,,21,28,7,20,49,0.438,2891,3167,47.72,2196,2421,47.56,1588,1746,47.63,142,169,45.66,144.19,165.45,46.57,1345,1620,45.36,804,971,45.3,118,140,45.74,14.68,85.58,572,650,46.81,411,473,46.49,88,86,50.57,21.41,81.82,773,970,44.35,393,498,44.11,30,54,35.71,7.63,89.16,1324,1320,50.08,699,675,50.87,16,23,41.03,2.29,96.59,8.94,90.32,0.993,20202021,LAK,
31.0,Ottawa Senators,56,,23,28,5,21,51,0.455,3036,3285,48.03,2323,2478,48.39,1663,1799,48.04,155,189,45.06,149.28,158.45,48.51,1497,1609,48.2,885,945,48.36,129,156,45.26,14.58,83.49,612,627,49.39,439,462,48.72,90,86,51.14,20.5,81.39,885,982,47.4,446,483,48.01,39,70,35.78,8.74,85.51,1308,1448,47.46,679,770,46.86,20,28,41.67,2.95,96.36,9.32,89.49,0.988,20202021,OTT,
1.0,Anaheim Ducks,82,,31,37,14,27,76,0.463,4399,4893,47.34,3326,3771,46.86,2395,2722,46.8,228,266,46.15,217.19,256.93,45.81,2164,2463,46.77,1302,1520,46.14,180,205,46.75,13.82,86.51,872,1003,46.51,669,733,47.72,127,132,49.03,18.98,81.99,1292,1460,46.95,633,787,44.58,53,73,42.06,8.37,90.72,1954,2159,47.51,941,1072,46.75,41,54,43.16,4.36,94.96,9.52,90.23,0.997,20212022,ANA,
2.0,Arizona Coyotes,82,,25,50,7,24,57,0.348,3905,5121,43.26,2969,3972,42.77,2121,2903,42.22,206,308,40.08,199.6,268.09,42.68,1926,2591,42.64,1181,1581,42.76,169,246,40.72,14.31,84.44,819,1101,42.66,589,805,42.25,108,151,41.7,18.34,81.24,1107,1490,42.63,592,776,43.27,61,95,39.1,10.3,87.76,1756,2285,43.45,850,1199,41.48,33,56,37.08,3.88,95.33,9.71,89.39,0.991,20212022,ARI,
3.0,Boston Bruins,82,,51,26,5,49,107,0.652,4897,4272,53.41,3896,3255,54.48,2963,2356,55.71,253,218,53.72,250.65,206.76,54.8,2434,2044,54.35,1566,1177,57.09,211,175,54.66,13.47,85.13,937,781,54.54,733,580,55.83,130,116,52.85,17.74,80.0,1497,1263,54.24,833,597,58.25,81,59,57.86,9.72,90.12,2270,2021,52.9,1245,1045,54.37,41,36,53.25,3.29,96.56,8.54,90.75,0.993,20212022,BOS,
4.0,Buffalo Sabres,82,,32,39,11,29,75,0.457,4238,4534,48.31,3280,3637,47.42,2453,2703,47.58,229,287,44.38,204.91,245.28,45.52,2025,2291,46.92,1235,1466,45.72,176,236,42.72,14.25,83.9,809,1017,44.3,602,767,43.97,104,149,41.11,17.28,80.57,1216,1274,48.84,633,699,47.52,72,87,45.28,11.37,87.55,1966,2042,49.05,1101,1118,49.62,45,42,51.72,4.09,96.24,9.34,89.38,0.987,20212022,BUF,
5.0,Carolina Hurricanes,82,,54,20,8,53,116,0.707,5117,4059,55.77,3974,3201,55.39,2798,2310,54.78,277,200,58.07,284.06,228.27,55.44,2519,2079,54.78,1456,1273,53.35,233,171,57.67,16.0,86.57,1128,928,54.86,775,683,53.16,158,124,56.03,20.39,81.84,1391,1151,54.72,681,590,53.58,75,47,61.48,11.01,92.03,2325,1727,57.38,1219,911,57.23,37,26,58.73,3.04,97.15,9.9,91.34,1.012,20212022,CAR,
6.0,Columbus Blue Jackets,82,,37,38,7,33,81,0.494,4554,4915,48.09,3441,3842,47.25,2464,2889,46.03,258,297,46.49,224.52,264.31,45.93,2179,2544,46.14,1288,1639,44.0,205,244,45.66,15.92,85.11,807,1054,43.36,604,813,42.63,125,153,44.96,20.7,81.18,1372,1490,47.94,684,826,45.3,80,91,46.78,11.7,88.98,2094,2145,49.4,1022,1133,47.42,44,50,46.81,4.31,95.59,10.47,89.72,1.002,20212022,CBJ,
7.0,Calgary Flames,82,,50,21,11,48,111,0.677,5228,4233,55.26,4022,3277,55.1,2909,2375,55.05,291,206,58.55,273.17,213.12,56.17,2625,2075,55.85,1621,1261,56.25,238,174,57.77,14.68,86.2,1019,793,56.24,764,591,56.38,142,100,58.68,18.59,83.08,1606,1282,55.61,857,670,56.12,96,74,56.47,11.2,88.96,2359,1963,54.58,1143,972,54.04,42,25,62.69,3.67,97.43,10.0,91.33,1.013,20212022,CGY,
8.0,Chicago Blackhawks,82,,28,42,12,22,68,0.415,4267,4921,46.44,3132,3621,46.38,2362,2703,46.63,213,289,42.43,205.28,242.12,45.88,2093,2420,46.38,1293,1452,47.1,178,229,43.73,13.77,84.23,774,871,47.05,594,661,47.33,111,138,44.58,18.69,79.12,1319,1549,45.99,699,791,46.91,67,91,42.41,9.59,88.5,1946,2253,46.34,970,1147,45.82,33,49,40.24,3.4,95.73,9.02,89.31,0.983,20212022,CHI,
9.0,Colorado Avalanche,82,,56,19,7,52,119,0.726,5159,4593,52.9,3820,3509,52.12,2874,2627,52.25,308,232,57.04,259.97,233.75,52.66,2580,2196,54.02,1569,1365,53.48,238,182,56.67,15.17,86.67,962,998,49.08,714,731,49.41,141,126,52.81,19.75,82.76,1618,1198,57.46,855,634,57.42,97,56,63.4,11.35,91.17,2297,2085,52.42,1157,1117,50.88,61,41,59.8,5.27,96.33,10.72,91.17,1.019,20212022,COL,
10.0,Dallas Stars,82,,46,30,6,41,98,0.598,4633,4695,49.67,3483,3525,49.7,2486,2546,49.4,233,244,48.85,248.6,225.85,52.4,2438,2229,52.24,1423,1361,51.11,198,187,51.43,13.91,86.26,1061,884,54.55,753,650,53.67,150,109,57.92,19.92,83.23,1377,1345,50.59,670,711,48.52,48,78,38.1,7.16,89.03,1902,2104,47.48,912,1036,46.82,24,48,33.33,2.63,95.37,9.37,90.42,0.998,20212022,DAL,
11.0,Detroit Red Wings,82,,32,40,10,29,74,0.451,4200,4809,46.62,3194,3718,46.21,2415,2762,46.65,227,310,42.27,224.27,265.39,45.8,2130,2557,45.44,1307,1574,45.37,183,246,42.66,14.0,84.37,875,1090,44.53,666,800,45.43,109,154,41.44,16.37,80.75,1255,1467,46.11,641,774,45.3,74,92,44.58,11.54,88.11,1839,2088,46.83,972,1074,47.51,39,47,45.35,4.01,95.62,9.4,88.78,0.982,20212022,DET,
12.0,Edmonton Oilers,82,,49,27,6,44,104,0.634,4961,4571,52.05,3764,3553,51.44,2791,2647,51.32,285,251,53.17,273.64,241.95,53.07,2476,2397,50.81,1520,1463,50.96,234,196,54.42,15.39,86.6,1075,950,53.09,802,703,53.29,159,126,55.79,19.83,82.08,1401,1447,49.19,718,760,48.58,75,70,51.72,10.45,90.79,2224,1962,53.13,1148,1051,52.21,48,49,49.48,4.18,95.34,10.21,90.52,1.007,20212022,EDM,
13.0,Florida Panthers,82,,58,18,6,55,122,0.744,5374,4300,55.55,4051,3305,55.07,3062,2515,54.9,337,242,58.2,298.19,239.02,55.51,2893,2261,56.13,1822,1443,55.8,279,203,57.88,15.31,85.93,1190,1006,54.19,925,765,54.73,187,135,58.07,20.22,82.35,1703,1255,57.57,897,678,56.95,92,68,57.5,10.26,89.97,2190,1790,55.03,1101,924,54.37,51,33,60.71,4.63,96.43,11.01,90.38,1.014,20212022,FLA,
14.0,Los Angeles Kings,82,,44,27,11,40,99,0.604,5087,4334,54.0,3930,3243,54.79,2866,2343,55.02,235,232,50.32,267.2,235.65,53.14,2556,2304,52.59,1518,1351,52.91,183,195,48.41,12.06,85.57,1047,983,51.58,750,723,50.92,130,128,50.39,17.33,82.3,1509,1321,53.32,768,628,55.01,53,67,44.17,6.9,89.33,2783,2166,56.23,1219,868,58.41,40,32,55.56,3.28,96.31,8.2,90.1,0.983,20212022,LAK,
15.0,Minnesota Wild,82,,53,22,7,48,113,0.689,4730,4632,50.52,3588,3517,50.5,2669,2577,50.88,305,249,55.05,234.75,226.81,50.86,2359,2108,52.81,1469,1310,52.86,245,189,56.45,16.68,85.57,904,810,52.74,694,603,53.51,146,125,53.87,21.04,79.27,1455,1298,52.85,775,707,52.29,99,64,60.74,12.77,90.95,2116,2210,48.91,1083,1130,48.94,53,49,51.96,4.89,95.66,11.43,90.34,1.018,20212022,MIN,
16.0,Montreal Canadiens,82,,22,49,11,19,55,0.335,4339,4989,46.52,3232,3805,45.93,2443,2824,46.38,218,317,40.75,218.4,272.71,44.47,2147,2651,44.75,1273,1612,44.12,176,262,40.18,13.83,83.75,892,1100,44.78,640,814,44.02,102,175,36.82,15.94,78.5,1255,1551,44.73,633,798,44.23,74,87,45.96,11.69,89.1,1900,2065,47.92,1026,1076,48.81,38,45,45.78,3.7,95.82,8.92,88.77,0.977,20212022,MTL,
17.0,New Jersey Devils,82,,27,46,9,24,63,0.384,4718,4541,50.96,3576,3520,50.39,2562,2540,50.22,245,302,44.79,232.78,236.18,49.64,2458,2307,51.58,1442,1368,51.32,209,245,46.04,14.49,82.09,946,839,53.0,688,627,52.32,138,150,47.92,20.06,76.08,1512,1468,50.74,754,741,50.43,71,95,42.77,9.42,87.18,2362,2311,50.55,1021,1041,49.52,31,51,37.8,3.04,95.1,9.56,88.11,0.977,20212022,NJD,
18.0,Nashville Predators,82,,45,30,7,41,97,0.591,4503,4779,48.51,3457,3619,48.86,2440,2647,47.97,262,250,51.17,230.35,242.86,48.68,2251,2392,48.48,1355,1493,47.58,216,198,52.17,15.94,86.74,844,850,49.82,629,651,49.14,145,118,55.13,23.05,81.87,1407,1542,47.71,726,842,46.3,71,80,47.02,9.78,90.5,2058,2164,48.74,981,1050,48.3,38,43,46.91,3.87,95.9,10.74,90.56,1.013,20212022,NSH,
19.0,New York Islanders,82,,37,35,10,35,84,0.512,4245,4872,46.56,3211,3637,46.89,2368,2670,47.0,229,231,49.78,224.76,243.98,47.95,2264,2595,46.59,1357,1513,47.28,182,184,49.73,13.41,87.84,928,985,48.51,703,745,48.55,121,120,50.21,17.21,83.89,1336,1610,45.35,654,768,45.99,61,64,48.8,9.33,91.67,1776,2085,46.0,894,1052,45.94,37,35,51.39,4.14,96.67,9.67,91.35,1.01,20212022,NYI,
20.0,New York Rangers,82,,52,24,6,48,110,0.671,4273,4677,47.74,3287,3510,48.36,2392,2528,48.62,250,204,55.07,233.76,232.68,50.12,2178,2435,47.21,1298,1402,48.07,205,167,55.11,15.79,88.09,965,988,49.41,711,721,49.65,145,112,56.42,20.39,84.47,1213,1447,45.6,587,681,46.29,60,55,52.17,10.22,91.92,1911,2052,48.22,988,1011,49.42,38,35,52.05,3.85,96.54,10.45,91.93,1.024,20212022,NYR,
21.0,Ottawa Senators,82,,33,42,7,30,73,0.445,4498,4920,47.76,3411,3722,47.82,2465,2740,47.36,224,264,45.9,233.92,261.47,47.22,2295,2515,47.71,1355,1530,46.97,178,224,44.28,13.14,85.36,965,1000,49.11,690,746,48.05,120,137,46.69,17.39,81.64,1330,1515,46.75,665,784,45.89,58,87,40.0,8.72,88.9,1953,2138,47.74,978,1075,47.64,37,35,51.39,3.78,96.74,9.09,90.36,0.995,20212022,OTT,
22.0,Philadelphia Flyers,82,,25,46,11,24,61,0.372,4499,5009,47.32,3403,3775,47.41,2540,2786,47.69,210,294,41.67,224.0,265.92,45.72,2084,2509,45.37,1289,1533,45.68,171,229,42.75,13.27,85.06,895,1007,47.06,670,754,47.05,119,143,45.42,17.76,81.03,1189,1502,44.18,619,779,44.28,52,86,37.68,8.4,88.96,2070,2236,48.07,1074,1111,49.15,36,56,39.13,3.35,94.96,8.27,89.45,0.977,20212022,PHI,
23.0,Pittsburgh Penguins,82,,46,25,11,43,103,0.628,4902,4522,52.02,3810,3428,52.64,2850,2577,52.52,269,222,54.79,263.99,228.66,53.59,2569,2214,53.71,1640,1387,54.18,225,187,54.61,13.72,86.52,1054,874,54.67,841,684,55.15,151,129,53.93,17.95,81.14,1515,1340,53.06,799,703,53.2,74,58,56.06,9.26,91.75,2088,2092,49.95,1064,1067,49.93,34,31,52.31,3.2,97.09,9.44,91.39,1.008,20212022,PIT,
24.0,San Jose Sharks,82,,32,37,13,29,77,0.47,4345,5062,46.19,3304,3693,47.22,2400,2622,47.79,211,261,44.7,214.33,252.33,45.93,2200,2507,46.74,1291,1425,47.53,159,219,42.06,12.32,84.63,896,982,47.71,644,686,48.42,103,134,43.46,15.99,80.47,1304,1525,46.09,647,739,46.68,56,85,39.72,8.66,88.5,2391,2879,45.37,951,1051,47.5,46,32,58.97,4.84,96.96,8.79,90.05,0.988,20212022,SJS,
25.0,Seattle Kraken,82,,27,49,6,24,60,0.366,4428,4325,50.59,3317,3294,50.17,2381,2368,50.14,213,284,42.86,208.93,232.08,47.37,2120,2145,49.71,1265,1252,50.26,164,235,41.1,12.96,81.23,845,859,49.59,628,630,49.92,104,151,40.78,16.56,76.03,1275,1286,49.79,637,622,50.6,60,84,41.67,9.42,86.5,2094,1950,51.78,1032,988,51.09,43,41,51.19,4.17,95.85,8.95,88.01,0.97,20212022,SEA,
26.0,St Louis Blues,82,,49,22,11,47,109,0.665,4278,4621,48.07,3323,3619,47.87,2492,2590,49.04,309,239,56.39,241.05,250.95,48.99,2437,2483,49.53,1534,1492,50.69,258,195,56.95,16.82,86.93,871,957,47.65,668,688,49.26,142,112,55.91,21.26,83.72,1566,1526,50.65,866,804,51.86,116,83,58.29,13.39,89.68,1660,1948,46.01,825,989,45.48,44,40,52.38,5.33,95.96,12.4,90.77,1.032,20212022,STL,
27.0,Tampa Bay Lightning,81,,50,23,8,48,108,0.667,4559,4398,50.9,3562,3355,51.5,2535,2433,51.03,285,227,55.66,252.58,229.04,52.44,2523,2363,51.64,1499,1388,51.92,240,187,56.21,16.01,86.53,1060,900,54.08,760,668,53.22,155,129,54.58,20.39,80.69,1463,1463,50.0,739,720,50.65,85,58,59.44,11.5,91.94,2282,2216,50.73,956,946,50.26,41,32,56.16,4.29,96.62,11.24,90.67,1.019,20212022,TBL,
28.0,Toronto Maple Leafs,81,,54,20,7,51,115,0.71,5091,4353,53.91,3904,3381,53.59,2835,2512,53.02,312,252,55.32,276.79,217.71,55.97,2861,2203,56.5,1722,1375,55.6,267,219,54.94,15.51,84.07,1141,879,56.49,828,648,56.1,164,135,54.85,19.81,79.17,1720,1324,56.5,894,727,55.15,103,84,55.08,11.52,88.45,2042,1931,51.4,1004,1004,50.0,35,32,52.24,3.49,96.81,11.01,89.97,1.01,20212022,TOR,
29.0,Vancouver Canucks,82,,40,30,12,37,92,0.561,4782,4727,50.29,3577,3551,50.18,2623,2612,50.11,246,231,51.57,242.04,243.97,49.8,2420,2463,49.56,1428,1499,48.79,204,194,51.26,14.29,87.06,882,972,47.57,641,729,46.79,122,122,50.0,19.03,83.26,1538,1491,50.78,787,770,50.55,82,72,53.25,10.42,90.65,2035,1972,50.79,1066,993,51.77,39,33,54.17,3.66,96.68,9.38,91.16,1.005,20212022,VAN,
30.0,Vegas Golden Knights,82,,43,31,8,39,94,0.573,5064,4667,52.04,3823,3357,53.25,2830,2459,53.51,262,244,51.78,266.33,242.94,52.3,2517,2429,50.89,1531,1381,52.58,212,194,52.22,13.85,85.95,1073,1004,51.66,792,728,52.11,143,137,51.07,18.06,81.18,1444,1425,50.33,739,653,53.09,69,57,54.76,9.34,91.27,2234,1926,53.7,1147,937,55.04,42,45,48.28,3.66,95.2,9.26,90.08,0.993,20212022,VGK,
31.0,Winnipeg Jets,82,,39,32,11,37,89,0.543,4726,4796,49.63,3638,3707,49.53,2645,2721,49.29,250,253,49.7,262.54,264.0,49.86,2530,2527,50.03,1501,1513,49.8,199,203,49.5,13.26,86.58,1033,1091,48.63,754,781,49.12,130,145,47.27,17.24,81.43,1497,1436,51.04,747,732,50.51,69,58,54.33,9.24,92.08,2028,2036,49.9,1034,1058,49.43,40,41,49.38,3.87,96.12,9.45,90.7,1.002,20212022,WPG,
32.0,Washington Capitals,82,,44,26,12,39,100,0.61,4668,4500,50.92,3588,3350,51.72,2578,2380,52.0,270,242,52.73,243.55,223.45,52.15,2305,2242,50.69,1371,1310,51.14,208,201,50.86,15.17,84.66,901,907,49.83,634,641,49.73,124,139,47.15,19.56,78.32,1404,1335,51.26,737,669,52.42,84,62,57.53,11.4,90.73,2118,2004,51.38,1077,948,53.19,50,37,57.47,4.64,96.1,10.47,89.83,1.003,20212022,WSH,
1.0,Anaheim Ducks,82,,23,47,12,20,58,0.354,4234,5565,43.21,3184,4364,42.18,2326,3208,42.03,206,335,38.08,218.47,322.95,40.35,2097,2995,41.18,1216,1867,39.44,164,262,38.5,13.49,85.97,878,1357,39.28,623,1004,38.29,102,175,36.82,16.37,82.57,1219,1638,42.67,593,863,40.73,62,87,41.61,10.46,89.92,1778,2340,43.18,887,1220,42.1,39,67,36.79,4.4,94.51,8.86,89.56,0.984,20222023,ANA,
2.0,Arizona Coyotes,82,,28,40,14,25,70,0.427,3954,5229,43.06,2963,4003,42.54,2121,2875,42.45,225,295,43.27,205.79,294.71,41.12,2056,2819,42.17,1210,1655,42.23,188,246,43.32,15.54,85.14,823,1161,41.48,576,815,41.41,109,154,41.44,18.92,81.1,1233,1658,42.65,634,840,43.01,79,92,46.2,12.46,89.05,1688,2193,43.49,809,1103,42.31,35,44,44.3,4.33,96.01,10.61,89.74,1.003,20222023,ARI,
3.0,Boston Bruins,82,,65,12,5,61,135,0.823,4833,4567,51.41,3653,3421,51.64,2704,2447,52.49,301,174,63.37,270.46,228.78,54.17,2674,2354,53.18,1611,1331,54.76,243,144,62.79,15.08,89.18,1098,941,53.85,804,673,54.43,142,94,60.17,17.66,86.03,1576,1413,52.73,807,658,55.09,101,50,66.89,12.52,92.4,1974,1966,50.1,969,947,50.57,50,26,65.79,5.16,97.25,11.13,92.89,1.04,20222023,BOS,
4.0,Buffalo Sabres,82,,42,33,7,39,91,0.555,4777,4587,51.01,3630,3660,49.79,2666,2711,49.58,293,297,49.66,268.91,272.77,49.64,2551,2526,50.25,1516,1573,49.08,237,244,49.27,15.63,84.49,1018,1125,47.5,725,823,46.83,139,153,47.6,19.17,81.41,1533,1401,52.25,791,750,51.33,98,91,51.85,12.39,87.87,1996,1873,51.59,1005,1011,49.85,49,48,50.52,4.88,95.25,10.99,89.04,1.0,20222023,BUF,
5.0,Carolina Hurricanes,82,,52,21,9,48,113,0.689,5606,3757,59.87,4225,2923,59.11,2852,2133,57.21,262,210,55.51,296.28,218.59,57.54,2771,1920,59.07,1551,1215,56.07,216,178,54.82,13.93,85.35,1237,942,56.77,832,670,55.39,137,111,55.24,16.47,83.43,1534,978,61.07,719,545,56.88,79,67,54.11,10.99,87.71,2543,1517,62.64,1200,750,61.54,40,28,58.82,3.33,96.27,9.19,90.15,0.993,20222023,CAR,
6.0,Columbus Blue Jackets,82,,25,48,9,24,59,0.36,4544,5422,45.6,3376,4079,45.29,2400,2906,45.23,213,329,39.3,233.14,287.46,44.78,2242,2758,44.84,1302,1596,44.93,165,269,38.02,12.67,83.15,901,1134,44.28,618,802,43.52,97,164,37.16,15.7,79.55,1341,1624,45.23,684,794,46.28,68,105,39.31,9.94,86.78,1986,2368,45.61,956,1181,44.74,43,52,45.26,4.5,95.6,8.88,88.68,0.976,20222023,CBJ,
7.0,Calgary Flames,82,,38,27,17,36,93,0.567,5527,4193,56.86,4115,3169,56.49,2949,2243,56.8,258,247,51.09,284.62,231.09,55.19,2736,2275,54.6,1619,1359,54.37,212,211,50.12,13.09,84.47,1081,932,53.7,773,651,54.28,135,119,53.15,17.46,81.72,1655,1343,55.2,846,708,54.44,77,92,45.56,9.1,87.01,2387,1638,59.3,1130,745,60.27,43,33,56.58,3.81,95.57,8.75,88.99,0.977,20222023,CGY,
8.0,Chicago Blackhawks,82,,26,49,7,24,59,0.36,4075,5068,44.57,3063,3785,44.73,2210,2758,44.48,202,299,40.32,207.16,274.26,43.03,1948,2679,42.1,1157,1564,42.52,174,237,42.34,15.04,84.85,796,1101,41.96,560,795,41.33,112,153,42.26,20.0,80.75,1152,1578,42.2,597,769,43.7,62,84,42.47,10.39,89.08,1848,2078,47.07,930,1065,46.62,26,51,33.77,2.8,95.21,9.14,89.16,0.983,20222023,CHI,
9.0,Colorado Avalanche,82,,51,24,7,45,109,0.665,5004,4525,52.51,3674,3411,51.86,2729,2540,51.79,274,223,55.13,255.04,238.37,51.69,2525,2196,53.48,1510,1339,53.0,218,181,54.64,14.44,86.48,998,1016,49.55,735,729,50.2,139,122,53.26,18.91,83.26,1527,1180,56.41,775,610,55.96,79,59,57.25,10.19,90.33,2207,2003,52.42,1118,1059,51.36,49,36,57.65,4.38,96.6,10.04,91.22,1.013,20222023,COL,
10.0,Dallas Stars,82,,47,21,14,43,108,0.659,4986,4599,52.02,3635,3448,51.32,2618,2454,51.62,281,215,56.65,272.97,231.7,54.09,2618,2245,53.84,1531,1308,53.93,224,177,55.86,14.63,86.47,1119,937,54.43,792,665,54.36,158,113,58.3,19.95,83.01,1499,1308,53.4,739,643,53.47,66,64,50.77,8.93,90.05,2015,1994,50.26,948,998,48.72,46,34,57.5,4.85,96.59,10.73,91.24,1.02,20222023,DAL,
11.0,Detroit Red Wings,82,,35,37,10,32,80,0.488,4289,4812,47.13,3203,3530,47.57,2312,2496,48.09,237,275,46.29,226.45,243.19,48.22,2096,2457,46.04,1225,1363,47.33,189,219,46.32,15.43,83.93,841,1021,45.17,625,693,47.42,115,134,46.18,18.4,80.66,1255,1436,46.64,600,670,47.24,74,85,46.54,12.33,87.31,1937,2070,48.34,946,984,49.02,43,51,45.74,4.55,94.82,10.25,88.98,0.992,20222023,DET,
12.0,Edmonton Oilers,82,,50,23,9,50,109,0.665,4900,4511,52.07,3708,3474,51.63,2755,2573,51.71,325,256,55.94,295.87,247.41,54.46,2721,2342,53.74,1654,1404,54.09,279,215,56.48,16.87,84.69,1217,940,56.42,882,686,56.25,167,133,55.67,18.93,80.61,1504,1402,51.75,772,718,51.81,112,82,57.73,14.51,88.58,1957,1945,50.15,964,1010,48.83,43,36,54.43,4.46,96.44,11.8,90.05,1.018,20222023,EDM,
13.0,Florida Panthers,82,,42,32,8,40,92,0.561,5481,4637,54.17,4127,3573,53.6,3021,2604,53.71,288,272,51.43,310.93,269.86,53.54,2875,2368,54.84,1711,1450,54.13,236,205,53.51,13.79,85.86,1301,1081,54.62,914,775,54.11,164,130,55.78,17.94,83.23,1574,1287,55.02,797,675,54.14,72,75,48.98,9.03,88.89,2302,1993,53.6,1153,1013,53.23,46,61,42.99,3.99,93.98,9.53,89.55,0.991,20222023,FLA,
14.0,Los Angeles Kings,82,,47,25,10,41,104,0.634,4870,4579,51.54,3669,3271,52.87,2659,2289,53.74,274,254,51.89,250.08,230.77,52.01,2461,2364,51.01,1434,1277,52.9,214,206,50.95,14.92,83.87,992,912,52.1,720,624,53.57,127,129,49.61,17.64,79.33,1469,1452,50.29,714,653,52.23,87,77,53.05,12.18,88.21,2822,2461,53.42,1102,874,55.77,52,45,53.61,4.72,94.85,10.3,88.9,0.992,20222023,LAK,
15.0,Minnesota Wild,82,,46,25,11,39,103,0.628,4794,4819,49.87,3607,3501,50.75,2535,2552,49.83,239,219,52.18,256.52,237.36,51.94,2345,2295,50.54,1357,1372,49.73,193,176,52.3,14.22,87.17,1004,918,52.24,716,670,51.66,138,113,54.98,19.27,83.13,1341,1377,49.34,641,702,47.73,55,63,46.61,8.58,91.03,2115,2256,48.39,1016,1058,48.99,40,38,51.28,3.94,96.41,9.43,91.42,1.008,20222023,MIN,
16.0,Montreal Canadiens,82,,31,45,6,26,68,0.415,4213,5207,44.72,3063,3797,44.65,2237,2753,44.83,227,305,42.67,215.11,299.69,41.79,2063,2763,42.75,1165,1607,42.03,181,265,40.58,15.54,83.51,846,1202,41.31,581,846,40.71,106,185,36.43,18.24,78.13,1217,1561,43.81,584,761,43.42,75,80,48.39,12.84,89.49,1853,2162,46.15,938,1020,47.91,41,32,56.16,4.37,96.86,10.15,88.92,0.991,20222023,MTL,
17.0,New Jersey Devils,82,,52,22,8,50,112,0.683,5274,4552,53.67,3898,3332,53.91,2822,2315,54.93,289,222,56.56,295.07,232.77,55.9,2733,2233,55.03,1620,1212,57.2,229,181,55.85,14.14,85.07,1134,887,56.11,821,592,58.1,149,118,55.81,18.15,80.07,1599,1346,54.3,799,620,56.31,80,63,55.94,10.01,89.84,2867,2569,52.74,1069,965,52.56,55,37,59.78,5.14,96.17,10.24,90.41,1.007,20222023,NJD,
18.0,Nashville Predators,82,,42,32,8,36,92,0.561,4671,5159,47.52,3448,3837,47.33,2419,2729,46.99,223,236,48.58,248.86,283.91,46.71,2428,2770,46.71,1336,1609,45.37,175,201,46.54,13.1,87.51,996,1085,47.86,679,764,47.05,117,118,49.79,17.23,84.55,1432,1685,45.94,657,845,43.74,58,83,41.13,8.83,90.18,1999,2136,48.34,970,980,49.74,42,32,56.76,4.33,96.73,9.22,91.35,1.006,20222023,NSH,
19.0,New York Islanders,82,,42,31,9,41,93,0.567,4863,4941,49.6,3540,3618,49.46,2525,2545,49.8,242,217,52.72,250.44,266.02,48.49,2519,2505,50.14,1437,1418,50.33,192,176,52.17,13.36,87.59,1063,1104,49.05,731,779,48.41,117,117,50.0,16.01,84.98,1456,1401,50.96,706,639,52.49,75,59,55.97,10.62,90.77,2020,2113,48.87,955,981,49.33,42,34,55.26,4.4,96.53,9.58,91.47,1.011,20222023,NYI,
20.0,New York Rangers,82,,47,22,13,43,107,0.652,4812,4552,51.39,3632,3347,52.04,2583,2405,51.78,273,216,55.83,266.13,242.77,52.29,2557,2403,51.55,1415,1375,50.72,218,176,55.33,15.41,87.2,1084,1034,51.18,729,728,50.03,141,115,55.08,19.34,84.2,1473,1369,51.83,686,647,51.46,77,61,55.8,11.22,90.57,2025,1887,51.76,1054,909,53.69,49,38,56.32,4.65,95.82,10.57,91.02,1.016,20222023,NYR,
21.0,Ottawa Senators,82,,39,35,8,37,86,0.524,5097,4802,51.49,3836,3548,51.95,2746,2572,51.64,259,270,48.96,287.69,261.67,52.37,2664,2559,51.01,1509,1458,50.86,221,224,49.66,14.65,84.64,1147,1029,52.71,800,700,53.33,145,135,51.79,18.13,80.71,1517,1530,49.79,709,758,48.33,76,89,46.06,10.72,88.26,2043,1925,51.49,1041,957,52.1,32,41,43.84,3.07,95.72,9.43,89.5,0.989,20222023,OTT,
22.0,Philadelphia Flyers,82,,31,38,13,29,75,0.457,4463,5076,46.79,3349,3665,47.75,2416,2586,48.3,220,276,44.35,224.23,262.3,46.09,2130,2584,45.18,1223,1421,46.26,179,223,44.53,14.64,84.31,933,1090,46.12,631,726,46.5,122,131,48.22,19.33,81.96,1197,1494,44.48,592,695,46.0,57,92,38.26,9.63,86.76,2023,2236,47.5,1048,1018,50.73,38,43,46.91,3.63,95.78,9.11,89.33,0.984,20222023,PHI,
23.0,Pittsburgh Penguins,82,,40,31,11,39,91,0.555,5206,4858,51.73,3892,3636,51.7,2818,2687,51.19,261,263,49.81,297.79,262.64,53.14,2735,2450,52.75,1581,1484,51.58,214,214,50.0,13.54,85.58,1253,1066,54.03,878,777,53.05,156,144,52.0,17.77,81.47,1482,1384,51.71,703,707,49.86,58,70,45.31,8.25,90.1,2148,2115,50.39,1058,1052,50.14,43,44,49.43,4.06,95.82,9.26,90.21,0.995,20222023,PIT,
24.0,San Jose Sharks,82,,22,44,16,21,60,0.366,4607,5012,47.89,3384,3704,47.74,2418,2640,47.81,233,315,42.52,255.86,275.97,48.11,2496,2644,48.56,1435,1523,48.51,188,272,40.87,13.1,82.14,1070,1059,50.26,731,741,49.66,117,151,43.66,16.01,79.62,1426,1585,47.36,704,782,47.38,71,121,36.98,10.09,84.53,2479,2745,47.45,863,990,46.57,39,38,50.65,4.52,96.16,9.64,88.07,0.977,20222023,SJS,
25.0,Seattle Kraken,82,,46,28,8,46,100,0.61,4747,4353,52.16,3559,3226,52.45,2498,2217,52.98,289,252,53.42,246.33,228.59,51.87,2263,2184,50.89,1311,1193,52.36,236,213,52.56,18.0,82.15,897,942,48.78,623,626,49.88,130,139,48.33,20.87,77.8,1366,1242,52.38,688,567,54.82,106,74,58.89,15.41,86.95,2149,1917,52.85,1051,888,54.2,45,33,57.69,4.28,96.28,11.57,88.63,1.002,20222023,SEA,
26.0,St Louis Blues,82,,37,38,7,34,81,0.494,4196,4894,46.16,3200,3721,46.24,2341,2653,46.88,260,298,46.59,220.43,278.1,44.22,2258,2602,46.46,1351,1544,46.67,219,242,47.51,16.21,84.33,843,1074,43.97,620,765,44.77,118,166,41.55,19.03,78.3,1415,1528,48.08,731,779,48.41,101,76,57.06,13.82,90.24,1718,2031,45.83,855,985,46.47,37,47,44.05,4.33,95.23,11.11,88.77,0.999,20222023,STL,
27.0,Tampa Bay Lightning,82,,46,30,6,43,98,0.598,4914,4656,51.35,3700,3508,51.33,2621,2582,50.37,280,252,52.63,273.99,259.93,51.32,2650,2471,51.75,1518,1450,51.15,222,205,51.99,14.62,85.86,1107,1020,52.05,772,749,50.76,149,126,54.18,19.3,83.18,1543,1451,51.54,746,701,51.55,73,79,48.03,9.79,88.73,2711,2507,51.95,994,1024,49.26,51,44,53.68,5.13,95.7,10.68,90.24,1.009,20222023,TBL,
28.0,Toronto Maple Leafs,82,,50,21,11,49,111,0.677,4767,4615,50.81,3639,3401,51.69,2629,2420,52.07,278,220,55.82,281.64,239.22,54.07,2763,2344,54.1,1611,1309,55.17,241,179,57.38,14.96,86.33,1225,991,55.28,884,679,56.56,158,99,61.48,17.87,85.42,1538,1353,53.2,727,630,53.57,83,80,50.92,11.42,87.3,1804,2021,47.16,914,978,48.31,33,36,47.83,3.61,96.32,10.57,90.91,1.015,20222023,TOR,
29.0,Vancouver Canucks,82,,38,37,7,32,83,0.506,4514,4656,49.23,3387,3517,49.06,2438,2527,49.1,270,296,47.7,245.67,258.32,48.75,2390,2440,49.48,1412,1438,49.54,223,237,48.48,15.79,83.52,1020,1045,49.39,737,745,49.73,152,155,49.51,20.62,79.19,1370,1395,49.55,675,693,49.34,71,82,46.41,10.52,88.17,1876,1940,49.16,910,940,49.19,40,50,44.44,4.4,94.68,11.07,88.29,0.994,20222023,VAN,
30.0,Vegas Golden Knights,82,,51,22,9,46,111,0.677,4786,5056,48.63,3524,3563,49.72,2587,2534,50.52,267,225,54.27,257.25,239.22,51.82,2433,2462,49.7,1464,1321,52.57,228,182,55.61,15.57,86.22,1069,915,53.88,773,646,54.47,145,108,57.31,18.76,83.28,1364,1547,46.86,691,675,50.59,83,74,52.87,12.01,89.04,2020,2304,46.72,965,1071,47.4,32,38,45.71,3.32,96.45,10.32,91.12,1.014,20222023,VGK,
31.0,Winnipeg Jets,82,,46,33,3,45,95,0.579,4837,4557,51.49,3626,3444,51.29,2486,2487,49.99,246,224,52.34,267.42,251.25,51.56,2502,2301,52.09,1397,1364,50.6,207,174,54.33,14.82,87.24,1084,998,52.07,714,672,51.52,129,119,52.02,18.07,82.29,1418,1303,52.11,683,692,49.67,78,55,58.65,11.42,92.05,2020,1944,50.96,968,977,49.77,35,44,44.3,3.62,95.5,9.9,90.99,1.009,20222023,WPG,
32.0,Washington Capitals,82,,35,37,10,33,80,0.488,4861,4886,49.87,3579,3612,49.77,2549,2549,50.0,253,261,49.22,253.93,268.9,48.57,2428,2420,50.08,1406,1396,50.18,214,205,51.07,15.22,85.32,1014,1030,49.61,719,708,50.39,134,143,48.38,18.64,79.8,1414,1390,50.43,687,688,49.96,80,62,56.34,11.64,90.99,2093,2156,49.26,983,1016,49.17,32,49,39.51,3.26,95.18,9.93,89.76,0.997,20222023,WSH,
1.0,Anaheim Ducks,82,,27,50,5,26,59,0.36,4331,5309,44.93,3156,3857,45.0,2194,2666,45.14,203,293,40.93,209.96,282.44,42.64,1939,2555,43.15,1074,1393,43.53,163,235,40.95,15.18,83.13,804,1107,42.07,534,745,41.75,102,142,41.8,19.1,80.94,1135,1448,43.94,540,648,45.45,61,93,39.61,11.3,85.65,2646,3276,44.68,969,1161,45.49,37,53,41.11,3.82,95.43,9.25,89.01,0.983,20232024,ANA,
2.0,Arizona Coyotes,82,,36,41,5,34,77,0.47,4650,5129,47.55,3369,3785,47.09,2275,2599,46.68,254,274,48.11,241.32,270.79,47.12,2275,2510,47.54,1208,1358,47.08,196,214,47.8,16.23,84.24,901,1019,46.93,599,661,47.54,119,121,49.58,19.87,81.69,1374,1491,47.96,609,697,46.63,77,93,45.29,12.64,86.66,2654,3116,46.0,961,1103,46.56,52,51,50.49,5.41,95.38,11.16,89.46,1.006,20232024,ARI,
3.0,Boston Bruins,82,,47,20,15,43,109,0.665,4610,5097,47.49,3383,3679,47.9,2396,2505,48.89,263,221,54.34,250.77,252.98,49.78,2340,2428,49.08,1346,1282,51.22,216,183,54.14,16.05,85.73,1036,1006,50.73,732,673,52.1,146,121,54.68,19.95,82.02,1304,1422,47.84,614,609,50.2,70,62,53.03,11.4,89.82,2566,3036,45.81,917,1097,45.53,42,33,56.0,4.58,96.99,10.98,91.18,1.022,20232024,BOS,
4.0,Buffalo Sabres,82,,39,37,6,37,84,0.512,4926,4851,50.38,3591,3557,50.24,2535,2402,51.35,244,243,50.1,242.48,265.43,47.74,2263,2382,48.72,1290,1296,49.88,186,196,48.69,14.42,84.88,858,1041,45.18,572,686,45.47,90,121,42.65,15.73,82.36,1405,1341,51.17,718,610,54.07,96,75,56.14,13.37,87.7,3004,2878,51.07,1135,1000,53.16,50,43,53.76,4.41,95.7,9.63,89.88,0.995,20232024,BUF,
5.0,Carolina Hurricanes,82,,52,23,7,50,111,0.677,5821,3999,59.28,4158,2977,58.28,2735,2101,56.56,277,211,56.76,278.57,212.24,56.76,2590,1899,57.7,1330,1118,54.33,219,179,55.03,16.47,83.99,1054,832,55.89,663,590,52.91,136,104,56.67,20.51,82.37,1536,1067,59.01,667,528,55.82,83,75,52.53,12.44,85.8,3645,2349,60.81,1292,833,60.8,51,24,68.0,3.95,97.12,10.13,89.96,1.001,20232024,CAR,
6.0,Columbus Blue Jackets,82,,27,43,12,24,66,0.402,5052,5516,47.8,3578,3993,47.26,2458,2823,46.54,234,298,43.98,240.1,290.11,45.28,2308,2631,46.73,1218,1410,46.35,195,229,45.99,16.01,83.76,870,1093,44.32,575,725,44.23,116,138,45.67,20.17,80.97,1438,1538,48.32,643,685,48.42,79,91,46.47,12.29,86.72,3009,3272,47.91,1105,1280,46.33,37,62,37.37,3.35,95.16,9.52,89.44,0.99,20232024,CBJ,
7.0,Calgary Flames,82,,38,39,5,38,81,0.494,5257,5009,51.21,3771,3530,51.65,2573,2438,51.35,253,267,48.65,264.16,255.11,50.87,2404,2438,49.65,1264,1311,49.09,194,206,48.5,15.35,84.29,982,968,50.36,648,666,49.32,129,117,52.44,19.91,82.43,1422,1470,49.17,616,645,48.85,65,89,42.21,10.55,86.2,3228,2955,52.21,1167,998,53.9,52,49,51.49,4.46,95.09,9.83,89.05,0.989,20232024,CGY,
8.0,Chicago Blackhawks,82,,23,53,6,22,52,0.317,4256,5265,44.7,3046,3810,44.43,2153,2683,44.52,178,289,38.12,210.19,268.55,43.9,1995,2611,43.31,1121,1430,43.94,152,229,39.9,13.56,83.99,809,1115,42.05,546,731,42.76,101,155,39.45,18.5,78.8,1186,1496,44.22,575,699,45.13,51,74,40.8,8.87,89.41,2530,3080,45.1,927,1133,45.0,24,53,31.17,2.59,95.32,8.27,89.23,0.975,20232024,CHI,
9.0,Colorado Avalanche,82,,50,25,7,48,107,0.652,5333,4812,52.57,3826,3503,52.2,2707,2446,52.53,302,252,54.51,265.52,255.19,50.99,2588,2226,53.76,1424,1253,53.19,238,201,54.21,16.71,83.96,1083,990,52.24,718,699,50.67,149,138,51.92,20.75,80.26,1505,1236,54.91,706,554,56.03,89,63,58.55,12.61,88.63,3165,2956,51.71,1153,1060,52.1,53,44,54.64,4.6,95.85,11.16,89.7,1.009,20232024,COL,
10.0,Dallas Stars,82,,52,21,9,48,113,0.689,5301,4740,52.79,3798,3413,52.67,2588,2350,52.41,294,232,55.89,278.0,221.19,55.69,2624,2128,55.22,1411,1161,54.86,250,192,56.56,17.72,83.46,1094,841,56.54,719,566,55.95,157,120,56.68,21.84,78.8,1530,1287,54.31,692,595,53.77,93,72,56.36,13.44,87.9,3098,2955,51.18,1057,1069,49.72,37,35,51.39,3.5,96.73,11.36,90.13,1.015,20232024,DAL,
11.0,Detroit Red Wings,82,,41,32,9,38,91,0.555,4681,5337,46.73,3390,3867,46.71,2375,2657,47.2,275,273,50.18,236.13,268.07,46.83,2178,2554,46.03,1192,1369,46.54,213,227,48.41,17.87,83.42,807,1007,44.49,577,663,46.53,125,135,48.08,21.66,79.64,1371,1547,46.98,615,706,46.56,88,92,48.89,14.31,86.97,2868,3221,47.1,1035,1167,47.0,55,40,57.89,5.31,96.57,11.58,89.73,1.013,20232024,DET,
12.0,Edmonton Oilers,82,,49,27,6,47,104,0.634,5374,4461,54.64,3919,3266,54.54,2766,2307,54.52,292,236,55.3,305.48,232.95,56.74,2763,2227,55.37,1498,1236,54.79,233,193,54.69,15.55,84.39,1253,875,58.88,839,588,58.79,164,119,57.95,19.55,79.76,1510,1352,52.76,659,648,50.42,69,74,48.25,10.47,88.58,3108,2591,54.54,1130,964,53.96,54,35,60.67,4.78,96.37,10.56,89.77,1.003,20232024,EDM,
13.0,Florida Panthers,82,,52,24,6,49,110,0.671,5624,4399,56.11,3954,3273,54.71,2766,2280,54.82,265,198,57.24,290.33,226.44,56.18,2611,2008,56.53,1378,1157,54.36,208,161,56.37,15.09,86.08,1111,884,55.69,726,625,53.74,127,107,54.27,17.49,82.88,1500,1124,57.16,652,532,55.07,81,54,60.0,12.42,89.85,3388,2648,56.13,1244,974,56.09,46,32,58.97,3.7,96.71,9.58,91.32,1.009,20232024,FLA,
14.0,Los Angeles Kings,82,,44,27,11,42,99,0.604,5194,4692,52.54,3805,3336,53.28,2616,2297,53.25,254,210,54.74,260.57,236.12,52.46,2381,2195,52.03,1258,1143,52.39,200,170,54.05,15.9,85.13,952,878,52.02,620,567,52.23,124,104,54.39,20.0,81.66,1429,1317,52.04,638,576,52.55,76,66,53.52,11.91,88.54,3163,2867,52.45,1213,1031,54.06,47,35,57.32,3.87,96.61,9.71,90.86,1.006,20232024,LAK,
15.0,Minnesota Wild,82,,39,33,10,36,88,0.537,5004,4934,50.35,3603,3513,50.63,2472,2437,50.36,248,260,48.82,250.62,229.52,52.2,2372,2279,51.0,1234,1207,50.55,191,199,48.97,15.48,83.51,976,886,52.42,645,573,52.96,120,124,49.18,18.6,78.36,1396,1393,50.05,589,634,48.16,71,75,48.63,12.05,88.17,2970,3109,48.86,1105,1118,49.71,46,55,45.54,4.16,95.08,10.03,89.33,0.994,20232024,MIN,
16.0,Montreal Canadiens,82,,30,36,16,26,76,0.463,4533,5537,45.01,3276,3932,45.45,2269,2739,45.31,232,281,45.22,233.34,292.41,44.38,2173,2743,44.2,1183,1464,44.69,192,224,46.15,16.23,84.7,901,1149,43.95,606,727,45.46,120,139,46.33,19.8,80.88,1272,1594,44.38,577,737,43.91,72,85,45.86,12.48,88.47,2642,3091,46.08,975,1144,46.01,35,51,40.7,3.59,95.54,10.22,89.74,1.0,20232024,MTL,
17.0,New Jersey Devils,82,,38,39,5,38,81,0.494,5130,4752,51.91,3597,3523,50.52,2517,2458,50.59,264,281,48.44,266.5,267.15,49.94,2431,2285,51.55,1304,1273,50.6,218,222,49.55,16.72,82.56,996,968,50.71,672,674,49.93,133,141,48.54,19.79,79.08,1435,1317,52.14,632,599,51.34,85,81,51.2,13.45,86.48,3084,2709,53.24,1105,1041,51.49,41,51,44.57,3.71,95.1,10.49,88.57,0.991,20232024,NJD,
18.0,Nashville Predators,82,,47,30,5,44,99,0.604,5206,4813,51.96,3782,3471,52.14,2641,2506,51.31,266,248,51.75,276.43,250.24,52.49,2573,2309,52.7,1419,1268,52.81,211,187,53.02,14.87,85.25,1073,926,53.68,729,627,53.76,145,116,55.56,19.89,81.5,1500,1383,52.03,690,641,51.84,66,71,48.18,9.57,88.92,3059,2872,51.58,1099,1098,50.02,43,54,44.33,3.91,95.08,10.07,90.1,1.002,20232024,NSH,
19.0,New York Islanders,82,,39,27,16,38,94,0.573,4821,5519,46.62,3525,3846,47.82,2470,2686,47.91,245,258,48.71,246.26,265.07,48.16,2320,2573,47.41,1282,1343,48.84,199,198,50.13,15.52,85.26,983,1007,49.4,682,677,50.18,119,116,50.64,17.45,82.87,1337,1566,46.06,600,666,47.39,80,82,49.38,13.33,87.69,2864,3241,46.91,1070,1206,47.01,45,53,45.92,4.21,95.61,9.92,90.39,1.003,20232024,NYI,
20.0,New York Rangers,82,,55,23,4,51,114,0.695,5166,4904,51.3,3784,3532,51.72,2582,2420,51.62,278,226,55.16,267.87,248.88,51.84,2470,2282,51.98,1325,1264,51.18,207,186,52.67,15.62,85.28,1010,956,51.37,647,646,50.04,123,120,50.62,19.01,81.42,1460,1326,52.4,678,618,52.31,84,66,56.0,12.39,89.32,3094,2897,51.64,1149,1033,52.66,62,35,63.92,5.4,96.61,10.77,90.66,1.014,20232024,NYR,
21.0,Ottawa Senators,82,,37,41,4,32,78,0.476,5188,4891,51.47,3761,3432,52.29,2602,2433,51.68,250,281,47.08,263.98,245.11,51.85,2424,2358,50.69,1369,1256,52.15,200,218,47.85,14.61,82.64,978,949,50.75,665,639,51.0,121,132,47.83,18.2,79.34,1446,1409,50.65,704,617,53.29,79,86,47.88,11.22,86.06,3100,2824,52.33,1079,1039,50.94,44,57,43.56,4.08,94.51,9.61,88.45,0.981,20232024,OTT,
22.0,Philadelphia Flyers,82,,38,33,11,34,87,0.53,5252,4917,51.65,3827,3280,53.85,2708,2225,54.9,231,258,47.24,250.97,234.95,51.65,2370,2303,50.72,1307,1153,53.13,184,217,45.89,14.08,81.18,1005,900,52.76,666,581,53.41,113,129,46.69,16.97,77.8,1365,1403,49.31,641,572,52.84,71,88,44.65,11.08,84.62,3221,2895,52.67,1258,935,57.36,42,41,50.6,3.34,95.61,8.53,88.4,0.969,20232024,PHI,
23.0,Pittsburgh Penguins,82,,38,32,12,36,88,0.537,5361,5042,51.53,3843,3701,50.94,2686,2480,51.99,253,248,50.5,285.87,254.37,52.92,2588,2421,51.67,1393,1302,51.69,186,202,47.94,13.35,84.49,1099,948,53.69,744,628,54.23,123,146,45.72,16.53,76.75,1489,1473,50.27,649,674,49.06,63,56,52.94,9.71,91.69,3173,2936,51.94,1140,1048,52.1,59,43,57.84,5.18,95.9,9.42,90.0,0.994,20232024,PIT,
24.0,San Jose Sharks,82,,19,54,9,18,47,0.287,4370,5826,42.86,3075,4191,42.32,2069,2881,41.8,180,326,35.57,206.12,303.75,40.43,1985,2929,40.39,1019,1574,39.3,148,259,36.36,14.52,83.55,802,1182,40.42,503,774,39.39,84,153,35.44,16.7,80.23,1183,1747,40.38,516,800,39.21,64,106,37.65,12.4,86.75,2676,3428,43.84,935,1182,44.17,29,61,32.22,3.1,94.84,8.7,88.68,0.974,20232024,SJS,
25.0,Seattle Kraken,82,,34,35,13,31,81,0.494,5039,4844,50.99,3486,3543,49.59,2348,2391,49.55,214,232,47.98,233.8,237.46,49.61,2367,2164,52.24,1194,1128,51.42,169,181,48.29,14.15,83.95,911,868,51.21,565,528,51.69,105,118,47.09,18.58,77.65,1456,1296,52.91,629,600,51.18,64,63,50.39,10.17,89.5,3012,3108,49.22,1031,1132,47.67,41,40,50.62,3.98,96.47,9.11,90.3,0.994,20232024,SEA,
26.0,St Louis Blues,82,,43,33,6,38,92,0.561,4551,5150,46.91,3369,3804,46.97,2370,2636,47.34,234,248,48.55,240.82,279.19,46.31,2213,2501,46.95,1240,1355,47.78,191,200,48.85,15.4,85.24,880,1104,44.35,604,716,45.76,113,127,47.08,18.71,82.26,1333,1397,48.83,636,639,49.88,78,73,51.66,12.26,88.58,2715,3049,47.1,1004,1159,46.42,34,39,46.58,3.39,96.64,9.87,90.59,1.005,20232024,STL,
27.0,Tampa Bay Lightning,82,,45,29,8,42,98,0.598,4946,4762,50.95,3518,3402,50.84,2403,2430,49.72,288,267,51.89,255.02,251.22,50.38,2410,2265,51.55,1277,1276,50.02,224,209,51.73,17.54,83.62,964,935,50.76,640,644,49.84,137,122,52.9,21.41,81.06,1446,1330,52.09,637,632,50.2,87,87,50.0,13.66,86.23,2855,2762,50.83,1016,1023,49.83,60,49,55.05,5.91,95.21,11.99,89.01,1.01,20232024,TBL,
28.0,Toronto Maple Leafs,82,,46,26,10,41,102,0.622,5246,5075,50.83,3811,3628,51.23,2671,2446,52.2,298,261,53.31,275.75,252.07,52.24,2620,2418,52.0,1465,1306,52.87,245,208,54.08,16.72,84.07,1153,986,53.9,770,664,53.7,147,129,53.26,19.09,80.57,1467,1432,50.6,695,642,51.98,98,79,55.37,14.1,87.69,3056,2929,51.06,1066,1031,50.83,45,48,48.39,4.22,95.34,11.16,89.33,1.005,20232024,TOR,
29.0,Vancouver Canucks,82,,50,23,9,50,109,0.665,4837,4606,51.22,3477,3356,50.89,2328,2341,49.86,279,221,55.8,261.73,236.29,52.55,2385,2141,52.7,1257,1179,51.6,223,178,55.61,17.74,84.9,1069,936,53.32,688,634,52.04,146,118,55.3,21.22,81.39,1316,1205,52.2,569,545,51.08,77,60,56.2,13.53,88.99,2860,2811,50.43,950,1048,47.55,47,39,54.65,4.95,96.28,11.98,90.56,1.025,20232024,VAN,
30.0,Vegas Golden Knights,82,,45,29,8,41,98,0.598,4982,5227,48.8,3550,3616,49.54,2548,2487,50.61,263,243,51.98,247.7,240.91,50.69,2377,2404,49.72,1326,1214,52.2,216,187,53.6,16.29,84.6,947,926,50.56,652,577,53.05,126,112,52.94,19.33,80.59,1430,1478,49.17,674,637,51.41,90,75,54.55,13.35,88.23,2989,3069,49.34,1067,1140,48.35,36,48,42.86,3.37,95.79,10.32,90.23,1.006,20232024,VGK,
31.0,Winnipeg Jets,82,,52,24,6,52,110,0.671,4903,4846,50.29,3593,3510,50.58,2489,2429,50.61,259,198,56.67,250.92,244.55,50.64,2262,2255,50.08,1238,1229,50.18,220,168,56.7,17.77,86.33,961,994,49.16,666,652,50.53,141,108,56.63,21.17,83.44,1301,1261,50.78,572,577,49.78,79,60,56.83,13.81,89.6,2987,2900,50.74,1128,1066,51.41,36,24,60.0,3.19,97.75,10.41,91.85,1.023,20232024,WPG,
32.0,Washington Capitals,82,,40,31,11,36,91,0.555,4572,5256,46.52,3219,3714,46.43,2172,2503,46.46,216,252,46.15,242.61,259.14,48.35,2203,2380,48.07,1126,1262,47.15,174,203,46.15,15.45,83.91,939,985,48.8,593,659,47.36,121,130,48.21,20.4,80.27,1264,1395,47.54,533,603,46.92,53,73,42.06,9.94,87.89,2607,3206,44.85,941,1110,45.88,40,45,47.06,4.25,95.95,9.94,89.93,0.999,20232024,WSH,
1.0,Anaheim Ducks,82,,35,37,10,31,80,0.488,4754,5549,46.14,3452,4040,46.08,2270,2649,46.15,217,261,45.4,237.6,287.68,45.23,2164,2664,44.82,1169,1390,45.68,164,218,42.93,14.03,84.32,861,1096,44.0,552,704,43.95,107,144,42.63,19.38,79.55,1303,1568,45.38,617,686,47.35,57,74,43.51,9.24,89.21,2720,3385,44.55,964,1153,45.54,45,36,55.56,4.67,96.88,9.56,90.15,0.997,20242025,ANA,
2.0,Boston Bruins,82,,33,39,10,33,76,0.463,4603,4923,48.32,3285,3558,48.01,2174,2346,48.1,222,271,45.03,236.41,252.96,48.31,2139,2289,48.31,1099,1200,47.8,174,225,43.61,15.83,81.25,863,944,47.76,548,582,48.5,113,125,47.48,20.62,78.52,1276,1345,48.68,551,618,47.13,61,100,37.89,11.07,83.82,2780,3009,48.02,921,1017,47.52,40,38,51.28,4.34,96.26,10.21,88.45,0.987,20242025,BOS,
3.0,Buffalo Sabres,82,,36,39,7,32,79,0.482,4860,4909,49.75,3510,3603,49.35,2280,2370,49.03,265,287,48.01,240.05,262.67,47.75,2221,2396,48.1,1141,1268,47.36,207,229,47.48,18.14,81.94,891,973,47.8,526,614,46.14,118,145,44.87,22.43,76.38,1330,1423,48.31,615,654,48.46,89,84,51.45,14.47,87.16,2966,2988,49.82,1021,966,51.38,50,45,52.63,4.9,95.34,11.62,87.89,0.995,20242025,BUF,
4.0,Carolina Hurricanes,82,,47,30,5,47,99,0.604,5760,4082,58.52,4126,3048,57.51,2599,2046,55.95,266,230,53.63,288.09,236.95,54.87,2673,2050,56.6,1345,1156,53.78,206,181,53.23,15.32,84.34,1051,935,52.92,647,627,50.78,132,108,55.0,20.4,82.78,1622,1115,59.26,698,529,56.89,74,73,50.34,10.6,86.2,3563,2339,60.37,1146,763,60.03,54,45,54.55,4.71,94.1,10.23,88.76,0.99,20242025,CAR,
5.0,Columbus Blue Jackets,82,,40,33,9,34,89,0.543,4869,5163,48.53,3493,3690,48.63,2382,2453,49.27,267,267,50.0,246.65,260.66,48.62,2172,2440,47.09,1206,1312,47.9,212,208,50.48,17.58,84.15,935,1033,47.51,628,683,47.9,133,124,51.75,21.18,81.84,1237,1407,46.79,578,629,47.89,79,84,48.47,13.67,86.65,2887,3084,48.35,1015,1040,49.39,49,53,48.04,4.83,94.9,11.21,89.12,1.003,20242025,CBJ,
6.0,Calgary Flames,82,,41,27,14,36,96,0.585,5204,4952,51.24,3620,3511,50.76,2414,2372,50.44,220,236,48.25,237.22,246.38,49.05,2319,2356,49.6,1184,1243,48.78,168,197,46.03,14.19,84.15,879,941,48.3,552,601,47.88,98,117,45.58,17.75,80.53,1440,1415,50.44,632,642,49.61,70,80,46.67,11.08,87.54,3205,3085,50.95,1094,1002,52.19,44,36,55.0,4.02,96.41,9.11,90.05,0.992,20242025,CGY,
7.0,Chicago Blackhawks,82,,25,46,11,23,61,0.372,4042,5148,43.98,2925,3794,43.53,2004,2552,43.99,224,292,43.41,200.48,275.66,42.11,1875,2562,42.26,1028,1371,42.85,179,229,43.87,17.41,83.3,775,1074,41.91,515,707,42.14,105,143,42.34,20.39,79.77,1100,1488,42.5,513,664,43.59,74,86,46.25,14.42,87.05,2408,3062,44.02,873,1065,45.05,41,54,43.16,4.7,94.93,11.18,88.56,0.997,20242025,CHI,
8.0,Colorado Avalanche,82,,49,29,4,45,102,0.622,5242,4506,53.78,3701,3187,53.73,2451,2126,53.55,273,231,54.17,258.16,237.73,52.06,2510,2065,54.86,1285,1111,53.63,202,180,52.88,15.72,83.8,940,890,51.37,594,570,51.03,106,118,47.32,17.85,79.3,1570,1175,57.19,691,541,56.09,96,62,60.76,13.89,88.54,3071,2748,52.78,1031,886,53.78,56,41,57.73,5.43,95.37,11.14,89.13,1.003,20242025,COL,
9.0,Dallas Stars,82,,50,26,6,48,106,0.646,4921,4851,50.36,3468,3589,49.14,2325,2382,49.39,275,222,55.33,270.41,253.54,51.61,2434,2298,51.44,1293,1183,52.22,224,184,54.9,17.32,84.45,1042,961,52.02,686,586,53.93,152,125,54.87,22.16,78.67,1392,1337,51.01,607,597,50.42,72,59,54.96,11.86,90.12,2894,2952,49.5,899,1051,46.1,41,36,53.25,4.56,96.57,11.83,90.68,1.025,20242025,DAL,
10.0,Detroit Red Wings,82,,39,35,8,36,86,0.524,4680,4969,48.5,3405,3561,48.88,2250,2337,49.05,235,259,47.57,252.43,252.16,50.03,2204,2290,49.04,1193,1167,50.55,197,196,50.13,16.51,83.2,869,946,47.88,559,583,48.95,105,121,46.46,18.78,79.25,1335,1344,49.83,634,584,52.05,92,75,55.09,14.51,87.16,2828,3064,48.0,922,1051,46.73,35,57,38.04,3.8,94.58,10.44,88.92,0.994,20242025,DET,
11.0,Edmonton Oilers,82,,48,29,5,48,101,0.616,5183,4487,53.6,3783,3227,53.97,2623,2211,54.26,259,235,52.43,274.73,231.06,54.32,2481,2153,53.54,1344,1145,54.0,204,192,51.52,15.18,83.23,1045,801,56.61,681,498,57.76,130,105,55.32,19.09,78.92,1436,1352,51.51,663,647,50.61,74,87,45.96,11.16,86.55,3134,2641,54.27,1149,946,54.84,50,38,56.82,4.35,95.98,9.87,89.37,0.992,20242025,EDM,
12.0,Florida Panthers,82,,47,31,4,41,98,0.598,5459,4336,55.73,3937,3250,54.78,2589,2148,54.65,246,223,52.45,274.4,225.38,54.9,2478,1920,56.34,1320,1059,55.49,183,168,52.14,13.86,84.14,1023,857,54.41,670,559,54.52,124,113,52.32,18.51,79.79,1455,1063,57.78,650,500,56.52,59,55,51.75,9.08,89.0,3430,2711,55.85,1166,936,55.47,57,45,55.88,4.89,95.19,9.5,89.62,0.991,20242025,FLA,
13.0,Los Angeles Kings,82,,48,25,9,47,105,0.64,5055,4503,52.89,3627,3201,53.12,2304,2093,52.4,249,203,55.09,249.61,214.71,53.76,2276,2072,52.35,1112,1083,50.66,191,157,54.89,17.18,85.5,974,840,53.69,572,544,51.25,113,96,54.07,19.76,82.35,1302,1232,51.38,540,539,50.05,78,61,56.12,14.44,88.68,3051,2675,53.28,1054,874,54.67,46,41,52.87,4.36,95.31,10.81,90.3,1.011,20242025,LAK,
14.0,Minnesota Wild,82,,45,30,7,42,97,0.591,4648,5101,47.68,3373,3646,48.06,2264,2427,48.26,225,236,48.81,228.66,230.05,49.85,2099,2215,48.66,1095,1179,48.15,167,182,47.85,15.25,84.56,871,841,50.88,540,548,49.63,93,101,47.94,17.22,81.57,1228,1374,47.19,555,631,46.8,74,81,47.74,13.33,87.16,2754,3296,45.52,1039,1125,48.01,42,48,46.67,4.04,95.73,9.94,90.28,1.002,20242025,MIN,
15.0,Montreal Canadiens,82,,40,31,11,38,91,0.555,4572,5237,46.61,3246,3669,46.94,2096,2383,46.8,243,261,48.21,241.99,282.2,46.16,2194,2539,46.36,1116,1307,46.06,183,209,46.68,16.4,84.01,852,1062,44.51,518,661,43.94,98,127,43.56,18.92,80.79,1342,1477,47.61,598,646,48.07,85,82,50.9,14.21,87.31,2698,2963,47.66,874,946,48.02,53,45,54.08,6.06,95.24,11.59,89.05,1.006,20242025,MTL,
16.0,New Jersey Devils,82,,42,33,7,40,91,0.555,5001,4671,51.71,3510,3394,50.84,2304,2163,51.58,240,220,52.17,263.29,237.98,52.52,2454,2152,53.28,1263,1119,53.02,204,171,54.4,16.15,84.72,990,896,52.49,617,553,52.74,110,107,50.69,17.83,80.65,1464,1256,53.82,646,566,53.3,94,64,59.49,14.55,88.69,2880,2840,50.35,925,929,49.89,33,43,43.42,3.57,95.37,10.42,89.83,1.002,20242025,NJD,
17.0,Nashville Predators,82,,30,44,8,28,68,0.415,5004,4674,51.7,3563,3420,51.02,2403,2344,50.62,212,274,43.62,259.9,241.19,51.87,2348,2262,50.93,1188,1228,49.17,159,210,43.09,13.38,82.9,958,925,50.88,584,597,49.45,103,109,48.58,17.64,81.74,1390,1337,50.97,604,631,48.91,56,101,35.67,9.27,83.99,3010,2736,52.38,1094,990,52.5,45,54,45.45,4.11,94.55,8.82,88.31,0.971,20242025,NSH,
18.0,New York Islanders,82,,35,35,12,33,82,0.5,5033,5047,49.93,3649,3588,50.42,2420,2357,50.66,222,257,46.35,253.3,248.65,50.46,2347,2317,50.32,1256,1201,51.12,180,185,49.32,14.33,84.6,975,961,50.36,614,609,50.2,110,112,49.55,17.92,81.61,1372,1356,50.29,642,592,52.03,70,73,48.95,10.9,87.67,3089,2927,51.35,1033,1031,50.05,33,60,35.48,3.19,94.18,9.17,89.1,0.983,20242025,NYI,
19.0,New York Rangers,82,,39,36,7,38,85,0.518,4939,4993,49.73,3605,3657,49.64,2344,2451,48.88,255,255,50.0,256.16,270.92,48.6,2323,2431,48.86,1230,1351,47.66,202,217,48.21,16.42,83.94,943,1060,47.08,626,699,47.25,115,133,46.37,18.37,80.97,1380,1371,50.16,604,652,48.09,87,84,50.88,14.4,87.12,2976,2832,51.24,996,982,50.35,47,33,58.75,4.72,96.64,10.88,89.6,1.005,20242025,NYR,
20.0,Ottawa Senators,82,,45,30,7,44,97,0.591,4940,4820,50.61,3546,3429,50.84,2403,2347,50.59,242,232,51.05,246.3,240.83,50.56,2318,2228,50.99,1233,1201,50.66,197,183,51.84,15.98,84.76,911,903,50.22,594,597,49.87,108,111,49.32,18.18,81.41,1407,1325,51.5,639,604,51.41,89,72,55.28,13.93,88.08,2987,2894,50.79,1043,1009,50.83,41,42,49.4,3.93,95.84,10.07,90.12,1.002,20242025,OTT,
21.0,Philadelphia Flyers,82,,33,39,10,27,76,0.463,4580,4938,48.12,3334,3354,49.85,2212,2210,50.02,232,283,45.05,235.27,228.81,50.7,2179,2319,48.44,1194,1155,50.83,178,218,44.95,14.91,81.13,916,837,52.25,608,542,52.87,117,127,47.95,19.24,76.57,1263,1482,46.01,586,613,48.87,61,91,40.13,10.41,85.15,2734,2890,48.61,921,914,50.19,50,59,45.87,5.43,93.54,10.49,87.19,0.977,20242025,PHI,
22.0,Pittsburgh Penguins,82,,34,36,12,33,80,0.488,4965,4984,49.9,3557,3655,49.32,2326,2472,48.48,242,287,45.75,262.47,259.1,50.32,2352,2403,49.46,1192,1322,47.41,191,231,45.26,16.02,82.53,1033,970,51.57,653,638,50.58,124,125,49.8,18.99,80.41,1319,1433,47.93,539,684,44.07,67,106,38.73,12.43,84.5,2988,2895,50.79,1004,1018,49.65,43,49,46.74,4.28,95.19,10.4,88.39,0.988,20242025,PIT,
23.0,San Jose Sharks,82,,20,50,12,18,52,0.317,4628,5471,45.83,3292,3911,45.7,2203,2607,45.8,208,310,40.15,215.91,289.57,42.71,2128,2636,44.67,1078,1406,43.4,158,239,39.8,14.66,83.0,828,1034,44.47,500,663,42.99,82,125,39.61,16.4,81.15,1300,1602,44.8,578,743,43.75,76,114,40.0,13.15,84.66,2788,3219,46.41,980,1082,47.53,46,61,42.99,4.69,94.36,9.44,88.11,0.976,20242025,SJS,
24.0,Seattle Kraken,82,,35,41,6,33,76,0.463,4788,5149,48.18,3488,3708,48.47,2243,2343,48.91,245,262,48.32,226.01,261.77,46.33,2062,2306,47.21,1077,1196,47.38,186,197,48.56,17.27,83.53,852,953,47.2,511,583,46.71,109,118,48.02,21.33,79.76,1210,1353,47.21,566,613,48.01,77,79,49.36,13.6,87.11,2990,3158,48.63,1032,1026,50.15,54,53,50.47,5.23,94.83,10.92,88.82,0.997,20242025,SEA,
25.0,St Louis Blues,82,,44,30,8,40,96,0.585,4501,4743,48.69,3178,3351,48.68,2186,2236,49.43,250,231,51.98,220.54,224.43,49.56,2179,2189,49.89,1188,1090,52.15,202,179,53.02,17.0,83.58,838,836,50.06,537,523,50.66,116,106,52.25,21.6,79.73,1341,1353,49.78,651,567,53.45,86,73,54.09,13.21,87.13,2685,2865,48.38,872,1016,46.19,44,45,49.44,5.05,95.57,11.44,89.67,1.011,20242025,STL,
26.0,Tampa Bay Lightning,82,,47,27,8,45,102,0.622,4910,4693,51.13,3527,3395,50.95,2343,2312,50.33,292,216,57.48,262.51,237.5,52.5,2382,2157,52.48,1311,1200,52.21,228,168,57.58,17.39,86.0,1010,853,54.21,680,569,54.44,148,90,62.18,21.76,84.18,1372,1304,51.27,631,631,50.0,80,78,50.63,12.68,87.64,2893,2903,49.91,915,978,48.34,57,37,60.64,6.23,96.22,12.46,90.66,1.031,20242025,TBL,
27.0,Toronto Maple Leafs,82,,52,26,4,51,108,0.659,4659,5199,47.26,3418,3703,48.0,2298,2406,48.85,267,229,53.83,249.95,263.08,48.72,2266,2386,48.71,1236,1196,50.82,221,179,55.25,17.88,85.03,938,927,50.29,611,565,51.96,127,105,54.74,20.79,81.42,1328,1459,47.65,625,631,49.76,94,74,55.95,15.04,88.27,2755,3123,46.87,924,1085,45.99,38,46,45.24,4.11,95.76,11.62,90.48,1.021,20242025,TOR,
28.0,Utah Hockey Club,82,,38,31,13,37,89,0.543,5081,4752,51.67,3633,3371,51.87,2342,2272,50.76,240,247,49.28,258.19,249.62,50.84,2357,2212,51.59,1242,1125,52.47,188,194,49.21,15.14,82.76,914,885,50.81,609,559,52.14,108,122,46.96,17.73,78.18,1443,1327,52.09,633,566,52.79,80,72,52.63,12.64,87.28,3095,2841,52.14,985,1003,49.55,43,46,48.31,4.37,95.41,10.25,89.13,0.994,20242025,UTA,
29.0,Vancouver Canucks,82,,38,30,14,35,90,0.549,4595,4725,49.3,3270,3419,48.89,2096,2198,48.81,233,251,48.14,227.02,235.15,49.12,2103,2144,49.52,1078,1103,49.43,184,185,49.86,17.07,83.23,855,914,48.33,548,562,49.37,118,117,50.21,21.53,79.18,1248,1230,50.36,530,541,49.49,66,68,49.25,12.45,87.43,2785,2872,49.23,892,958,48.22,40,54,42.55,4.48,94.36,11.12,88.58,0.997,20242025,VAN,
30.0,Vegas Golden Knights,82,,50,22,10,49,110,0.671,4963,4789,50.89,3639,3394,51.74,2482,2141,53.69,274,214,56.15,256.06,224.79,53.25,2387,2174,52.34,1315,1074,55.04,225,166,57.54,17.11,84.54,989,870,53.2,618,508,54.88,129,101,56.09,20.87,80.12,1398,1304,51.74,697,566,55.19,96,65,59.63,13.77,88.52,2982,2838,51.24,1030,949,52.05,41,46,47.13,3.98,95.15,11.04,90.0,1.01,20242025,VGK,
31.0,Winnipeg Jets,82,,56,22,4,54,116,0.707,4790,4840,49.74,3540,3462,50.56,2316,2229,50.96,275,190,59.14,249.87,232.91,51.76,2181,2091,51.05,1131,1071,51.36,212,138,60.57,18.74,87.11,989,867,53.29,622,519,54.51,140,82,63.06,22.51,84.2,1192,1224,49.34,509,552,47.97,72,56,56.25,14.15,89.86,2970,3024,49.55,1051,1021,50.72,57,40,58.76,5.42,96.08,11.87,91.48,1.033,20242025,WPG,
32.0,Washington Capitals,82,,51,22,9,49,111,0.677,4884,4909,49.87,3536,3451,50.61,2268,2231,50.41,286,229,55.53,264.15,247.71,51.61,2341,2230,51.21,1201,1131,51.5,220,181,54.86,18.32,84.0,976,901,52.0,609,576,51.39,137,126,52.09,22.5,78.13,1365,1329,50.67,592,555,51.61,83,55,60.14,14.02,90.09,2865,3002,48.83,938,991,48.63,57,46,55.34,6.08,95.36,12.61,89.74,1.023,20242025,WSH,
1.0,Anaheim Ducks,82,,43,33,6,35,92,0.561,5327,4888,52.15,3944,3600,52.28,2522,2327,52.01,265,288,47.92,291.47,291.28,50.02,2566,2554,50.12,1342,1345,49.94,208,231,47.38,15.5,82.83,1125,1109,50.36,680,685,49.82,124,134,48.06,18.24,80.44,1441,1445,49.93,662,660,50.08,84,97,46.41,12.69,85.3,3089,2835,52.14,1080,856,55.79,51,48,51.52,4.72,94.39,10.51,87.62,0.981,20252026,ANA,
2.0,Boston Bruins,82,,45,27,10,41,100,0.61,4760,5058,48.48,3478,3706,48.41,2212,2433,47.62,268,247,52.04,257.04,296.83,46.41,2246,2477,47.55,1159,1334,46.49,210,188,52.76,18.12,85.91,953,1125,45.86,576,707,44.89,122,116,51.26,21.18,83.59,1293,1352,48.88,583,627,48.18,88,72,55.0,15.09,88.52,2822,2992,48.54,905,1003,47.43,53,56,48.62,5.86,94.42,12.12,89.85,1.02,20252026,BOS,
3.0,Buffalo Sabres,82,,50,23,9,45,109,0.665,4685,4917,48.79,3535,3621,49.4,2304,2381,49.18,283,240,54.11,270.83,273.23,49.78,2252,2328,49.17,1210,1285,48.5,228,195,53.9,18.84,84.82,987,1020,49.18,612,669,47.78,137,120,53.31,22.39,82.06,1265,1308,49.16,598,616,49.26,91,75,54.82,15.22,87.82,2731,3051,47.23,1004,956,51.22,43,37,53.75,4.28,96.13,12.28,89.92,1.022,20252026,BUF,
4.0,Carolina Hurricanes,82,,53,22,7,48,113,0.689,5753,3951,59.28,4168,2950,58.56,2636,1962,57.33,291,236,55.22,309.38,240.9,56.22,2784,2087,57.15,1402,1176,54.38,234,206,53.18,16.69,82.48,1150,954,54.66,717,611,53.99,127,127,50.0,17.71,79.21,1634,1133,59.05,685,565,54.8,107,79,57.53,15.62,86.02,3470,2182,61.39,1134,655,63.39,52,22,70.27,4.59,96.64,11.04,87.97,0.99,20252026,CAR,
5.0,Columbus Blue Jackets,82,,40,30,12,33,92,0.561,4978,4988,49.95,3600,3650,49.66,2406,2357,50.51,246,251,49.5,266.14,264.71,50.13,2412,2381,50.32,1265,1253,50.24,195,183,51.59,15.42,85.4,971,1021,48.74,597,650,47.87,109,104,51.17,18.26,84.0,1441,1360,51.45,668,603,52.56,86,79,52.12,12.87,86.9,2902,2994,49.22,1017,990,50.67,44,57,43.56,4.33,94.24,10.22,89.35,0.996,20252026,CBJ,
6.0,Calgary Flames,82,,34,39,9,30,77,0.47,4792,5015,48.86,3420,3673,48.22,2306,2451,48.48,208,256,44.83,244.06,280.5,46.53,2208,2557,46.34,1177,1358,46.43,163,212,43.47,13.85,84.39,960,1082,47.01,612,695,46.82,108,130,45.38,17.65,81.29,1248,1475,45.83,565,663,46.01,55,82,40.15,9.73,87.63,2910,2843,50.58,977,939,50.99,38,33,53.52,3.89,96.49,9.02,89.56,0.986,20252026,CGY,
7.0,Chicago Blackhawks,82,,29,39,14,26,72,0.439,4181,4881,46.14,3130,3734,45.6,2015,2457,45.06,210,270,43.75,217.55,286.75,43.14,2024,2554,44.21,1083,1397,43.67,177,226,43.92,16.34,83.82,831,1180,41.32,521,777,40.14,114,139,45.06,21.88,82.11,1193,1374,46.47,562,620,47.55,63,87,42.0,11.21,85.97,2465,2785,46.95,830,929,47.19,30,39,43.48,3.61,95.8,10.42,89.01,0.994,20252026,CHI,
8.0,Colorado Avalanche,82,,55,16,11,51,121,0.738,5708,4481,56.02,4140,3320,55.5,2766,2140,56.38,298,197,60.2,309.61,242.38,56.09,2769,2139,56.42,1480,1111,57.12,220,152,59.14,14.86,86.32,1102,933,54.15,701,574,54.98,131,96,57.71,18.69,83.28,1667,1206,58.02,779,537,59.19,89,56,61.38,11.42,89.57,3419,2734,55.57,1168,905,56.34,70,39,64.22,5.99,95.69,10.77,90.79,1.016,20252026,COL,
9.0,Dallas Stars,82,,50,20,12,44,112,0.683,4204,4580,47.86,3073,3268,48.46,2076,2145,49.18,273,222,55.15,269.44,247.0,52.17,2279,2185,51.05,1251,1113,52.92,232,176,56.86,18.55,84.19,1038,915,53.15,690,575,54.55,153,102,60.0,22.17,82.26,1241,1270,49.42,561,538,51.05,79,74,51.63,14.08,86.25,2321,2739,45.87,728,915,44.31,35,35,50.0,4.81,96.17,13.15,89.65,1.028,20252026,DAL,
10.0,Detroit Red Wings,82,,41,31,10,39,92,0.561,4838,4971,49.32,3571,3534,50.26,2313,2274,50.43,239,254,48.48,274.39,260.04,51.34,2336,2440,48.91,1260,1205,51.12,191,200,48.85,15.16,83.4,1015,972,51.08,654,590,52.57,115,121,48.73,17.58,79.49,1321,1468,47.36,606,615,49.63,76,79,49.03,12.54,87.15,2862,2941,49.32,938,959,49.45,36,45,44.44,3.84,95.31,10.33,88.83,0.992,20252026,DET,
11.0,Edmonton Oilers,82,,41,30,11,41,93,0.567,4805,4725,50.42,3600,3424,51.25,2438,2186,52.72,282,265,51.55,283.14,263.51,51.8,2459,2462,49.97,1360,1226,52.59,230,216,51.57,16.91,82.38,1078,988,52.18,695,598,53.75,136,131,50.94,19.57,78.09,1381,1474,48.37,665,628,51.43,94,85,52.51,14.14,86.46,2791,2562,52.14,959,857,52.81,46,44,51.11,4.8,94.87,11.57,87.88,0.994,20252026,EDM,
12.0,Florida Panthers,82,,40,38,4,35,84,0.512,4999,4499,52.63,3642,3384,51.84,2296,2196,51.11,246,274,47.31,283.7,271.55,51.09,2454,2172,53.05,1263,1184,51.61,202,220,47.87,15.99,81.42,1078,997,51.95,653,636,50.66,123,142,46.42,18.84,77.67,1376,1175,53.94,610,548,52.68,79,78,50.32,12.95,85.77,2891,2641,52.26,935,873,51.71,34,48,41.46,3.64,94.5,10.71,87.52,0.982,20252026,FLA,
13.0,Los Angeles Kings,82,,35,27,20,30,90,0.549,5103,4715,51.98,3624,3404,51.57,2297,2226,50.78,220,238,48.03,268.17,244.32,52.33,2416,2269,51.57,1200,1183,50.36,180,178,50.28,15.0,84.95,1049,963,52.14,650,602,51.92,114,98,53.77,17.54,83.72,1367,1306,51.14,550,581,48.63,66,80,45.21,12.0,86.23,2959,2832,51.1,973,919,51.43,35,53,39.77,3.6,94.23,9.58,89.31,0.989,20252026,LAK,
14.0,Minnesota Wild,82,,46,24,12,42,104,0.634,4898,5084,49.07,3659,3679,49.86,2390,2411,49.78,268,235,53.28,281.49,258.57,52.12,2434,2461,49.72,1264,1285,49.59,207,192,51.88,16.38,85.06,1033,989,51.09,649,628,50.82,128,118,52.03,19.72,81.21,1401,1472,48.76,615,657,48.35,79,74,51.63,12.85,88.74,2770,3078,47.37,982,1007,49.37,50,37,57.47,5.09,96.33,11.21,90.25,1.015,20252026,MIN,
15.0,Montreal Canadiens,82,,48,24,10,44,106,0.646,4602,4915,48.36,3392,3484,49.33,2155,2281,48.58,279,251,52.64,275.54,288.37,48.86,2277,2454,48.13,1179,1287,47.81,214,206,50.95,18.15,83.99,913,1090,45.58,568,665,46.07,109,129,45.8,19.19,80.6,1364,1364,50.0,611,622,49.55,105,77,57.69,17.18,87.62,2654,2729,49.3,866,882,49.54,56,42,57.14,6.47,95.24,12.95,89.0,1.019,20252026,MTL,
16.0,New Jersey Devils,82,,42,37,3,38,87,0.53,5020,4662,51.85,3660,3410,51.77,2426,2246,51.93,226,253,47.18,273.7,260.64,51.22,2469,2333,51.42,1337,1246,51.76,183,208,46.8,13.69,83.31,1040,1003,50.91,662,630,51.24,107,130,45.15,16.16,79.37,1429,1330,51.79,675,616,52.29,76,78,49.35,11.26,87.34,2940,2687,52.25,977,891,52.3,36,38,48.65,3.68,95.74,9.32,88.74,0.981,20252026,NJD,
17.0,Nashville Predators,82,,38,34,10,33,86,0.524,4808,4734,50.39,3493,3631,49.03,2284,2428,48.47,242,267,47.54,265.48,273.48,49.26,2318,2337,49.8,1235,1340,47.96,189,218,46.44,15.3,83.73,1008,1037,49.29,639,697,47.83,119,142,45.59,18.62,79.63,1310,1300,50.19,596,643,48.1,70,76,47.95,11.74,88.18,2867,2844,50.2,946,987,48.94,48,45,51.61,5.07,95.44,10.6,89.0,0.996,20252026,NSH,
18.0,New York Islanders,82,,43,34,5,39,91,0.555,4790,4856,49.66,3529,3550,49.85,2313,2269,50.48,229,236,49.25,265.17,299.05,47.0,2343,2460,48.78,1260,1312,48.99,187,194,49.08,14.84,85.21,973,1137,46.11,631,716,46.84,104,105,49.76,16.48,85.34,1370,1323,50.87,629,596,51.35,83,89,48.26,13.2,85.07,2892,2643,52.25,953,845,53.0,37,35,51.39,3.88,95.86,9.9,89.6,0.995,20252026,NYI,
19.0,New York Rangers,82,,34,39,9,31,77,0.47,4637,4901,48.62,3306,3607,47.82,2062,2358,46.65,235,249,48.55,248.28,279.24,47.07,2276,2357,49.13,1111,1264,46.78,181,198,47.76,16.29,84.34,984,968,50.41,578,626,48.01,109,122,47.19,18.86,80.51,1292,1389,48.19,533,638,45.52,72,76,48.65,13.51,88.09,2751,2839,49.21,842,993,45.89,48,42,53.33,5.7,95.77,11.4,89.44,1.008,20252026,NYR,
20.0,Ottawa Senators,82,,44,27,11,41,99,0.604,4876,4279,53.26,3613,3081,53.97,2372,2000,54.25,275,245,52.88,280.13,233.37,54.55,2480,2019,55.12,1365,1063,56.22,225,202,52.69,16.48,81.0,1069,855,55.56,697,544,56.16,141,124,53.21,20.23,77.21,1411,1164,54.8,668,519,56.28,84,78,51.85,12.57,84.97,2862,2493,53.45,879,842,51.07,43,41,51.19,4.89,95.13,11.59,87.75,0.993,20252026,OTT,
21.0,Philadelphia Flyers,82,,43,27,12,33,98,0.598,4341,4656,48.25,3202,3321,49.09,2089,2084,50.06,240,239,50.1,258.07,239.77,51.84,2225,2264,49.57,1185,1100,51.86,193,193,50.0,16.29,82.45,993,878,53.07,607,515,54.1,100,99,50.25,16.47,80.78,1232,1386,47.06,578,585,49.7,93,94,49.73,16.09,83.93,2424,2687,47.43,785,881,47.12,37,42,46.84,4.71,95.23,11.49,88.53,1.0,20252026,PHI,
22.0,Pittsburgh Penguins,82,,41,25,16,38,98,0.598,4877,4876,50.01,3604,3547,50.4,2342,2243,51.08,290,258,52.92,283.63,268.63,51.36,2538,2475,50.63,1364,1271,51.76,229,199,53.5,16.79,84.34,1124,1040,51.94,714,623,53.4,136,119,53.33,19.05,80.9,1414,1435,49.63,650,648,50.08,93,80,53.76,14.31,87.65,2692,2813,48.9,854,880,49.25,52,52,50.0,6.09,94.09,12.38,88.5,1.009,20252026,PIT,
23.0,San Jose Sharks,82,,39,35,8,37,86,0.524,4372,4939,46.96,3126,3627,46.29,2111,2433,46.46,249,290,46.2,240.62,275.85,46.59,2257,2404,48.42,1230,1330,48.05,209,227,47.94,16.99,82.93,980,1063,47.97,653,684,48.84,132,131,50.19,20.21,80.85,1277,1341,48.78,577,646,47.18,77,96,44.51,13.34,85.14,2482,3014,45.16,787,989,44.31,38,54,41.3,4.83,94.54,11.8,88.08,0.999,20252026,SJS,
24.0,Seattle Kraken,82,,34,37,11,32,79,0.482,4391,5198,45.79,3239,3786,46.11,2098,2412,46.52,224,257,46.57,232.53,277.45,45.6,2017,2399,45.67,1073,1212,46.96,168,192,46.67,15.66,84.16,818,1029,44.29,511,600,45.99,108,122,46.96,21.14,79.67,1199,1370,46.67,562,612,47.87,60,70,46.15,10.68,88.56,2722,3190,46.04,928,1081,46.19,50,55,47.62,5.39,94.91,10.68,89.34,1.0,20252026,SEA,
25.0,St Louis Blues,82,,37,33,12,36,86,0.524,4268,4689,47.65,3097,3464,47.2,2075,2271,47.75,230,254,47.52,233.76,247.98,48.52,2149,2229,49.09,1160,1161,49.98,186,200,48.19,16.03,82.77,866,947,47.77,536,592,47.52,99,130,43.23,18.47,78.04,1283,1282,50.02,624,569,52.31,87,70,55.41,13.94,87.7,2472,2823,46.69,814,985,45.25,38,49,43.68,4.67,95.03,11.08,88.82,0.999,20252026,STL,
26.0,Tampa Bay Lightning,82,,50,26,6,46,106,0.646,4890,4388,52.71,3572,3291,52.05,2306,2190,51.29,286,229,55.53,290.26,246.83,54.04,2467,2120,53.78,1307,1194,52.26,236,181,56.59,18.06,84.84,1056,898,54.04,646,599,51.89,144,104,58.06,22.29,82.64,1411,1222,53.59,661,595,52.63,92,77,54.44,13.92,87.06,2824,2737,50.78,903,874,50.82,45,37,54.88,4.98,95.77,12.4,89.54,1.019,20252026,TBL,
27.0,Toronto Maple Leafs,82,,32,36,14,31,78,0.476,4357,5406,44.63,3275,4026,44.86,2160,2663,44.79,252,295,46.07,244.24,297.45,45.09,2194,2681,45.01,1202,1442,45.46,206,237,46.5,17.14,83.56,957,1118,46.12,636,709,47.29,129,129,50.0,20.28,81.81,1237,1563,44.18,566,733,43.57,77,108,41.62,13.6,85.27,2551,3119,44.99,812,1115,42.14,39,47,45.35,4.8,95.78,11.67,88.92,1.006,20252026,TOR,
28.0,Utah Mammoth,82,,43,33,6,43,92,0.561,4910,4528,52.02,3551,3304,51.8,2267,2145,51.38,268,240,52.76,265.94,266.37,49.96,2287,2237,50.55,1195,1157,50.81,202,199,50.37,16.9,82.8,1012,980,50.8,637,603,51.37,122,125,49.39,19.15,79.27,1275,1257,50.36,558,554,50.18,80,74,51.95,14.34,86.64,2923,2660,52.36,951,863,52.43,54,36,60.0,5.68,95.83,11.82,88.81,1.006,20252026,UTA,
29.0,Vancouver Canucks,82,,25,49,8,19,58,0.354,4531,4964,47.72,3346,3730,47.29,2126,2439,46.57,210,314,40.08,245.65,288.17,46.02,2206,2543,46.45,1144,1369,45.52,174,249,41.13,15.21,81.81,984,1125,46.66,609,728,45.55,110,149,42.47,18.06,79.53,1222,1418,46.29,535,641,45.49,64,100,39.02,11.96,84.4,2720,2806,49.22,867,961,47.43,28,52,35.0,3.23,94.59,9.88,87.13,0.97,20252026,VAN,
30.0,Vegas Golden Knights,82,,39,26,17,38,95,0.579,4931,4480,52.4,3594,3195,52.94,2372,1999,54.27,264,242,52.17,273.95,227.04,54.68,2511,2171,53.63,1284,1067,54.62,211,189,52.75,16.43,82.29,1124,835,57.38,704,494,58.76,140,118,54.26,19.89,76.11,1387,1336,50.94,580,573,50.3,71,71,50.0,12.24,87.61,2855,2576,52.57,929,821,53.09,46,48,48.94,4.95,94.15,11.13,87.89,0.99,20252026,VGK,
31.0,Winnipeg Jets,82,,35,35,12,33,82,0.5,4504,4741,48.72,3349,3510,48.83,2155,2274,48.66,229,256,47.22,253.47,270.39,48.39,2257,2347,49.02,1135,1240,47.79,186,212,46.73,16.39,82.9,967,1022,48.62,568,618,47.89,121,120,50.21,21.3,80.58,1290,1325,49.33,567,622,47.69,65,92,41.4,11.46,85.21,2733,2737,49.96,920,931,49.7,37,40,48.05,4.02,95.7,10.63,88.74,0.994,20252026,WPG,
32.0,Washington Capitals,82,,43,30,9,41,95,0.579,4817,4988,49.13,3555,3576,49.85,2297,2306,49.9,261,238,52.3,286.48,281.66,50.42,2404,2418,49.85,1252,1224,50.57,203,180,53.0,16.21,85.29,1080,1045,50.82,676,639,51.41,124,119,51.03,18.34,81.38,1324,1373,49.09,576,585,49.61,79,61,56.43,13.72,89.57,2759,2919,48.59,906,965,48.42,46,47,49.46,5.08,95.13,11.36,89.68,1.01,20252026,WSH,
,Anaheim Ducks,82,,46,25,11,43,103,0.628,4738,4384,51.94,3568,3206,52.67,2485,2259,52.38,215,188,53.35,233.02,202.32,53.53,2248,2039,52.44,1328,1202,52.49,181,157,53.55,13.63,86.94,912,831,52.32,677,606,52.77,124,105,54.15,18.32,82.67,1336,1208,52.52,651,596,52.21,57,52,52.29,8.76,91.28,2151,1994,51.89,1050,958,52.29,25,28,47.17,2.38,97.08,8.65,91.68,1.003,20152016,ANA,1.0
,Arizona Coyotes,82,,35,39,8,34,78,0.476,4357,4790,47.63,3200,3640,46.78,2266,2541,47.14,208,244,46.02,201.08,221.35,47.6,1949,2210,46.86,1182,1303,47.57,165,184,47.28,13.96,85.88,846,852,49.82,637,635,50.08,120,133,47.43,18.84,79.06,1103,1358,44.82,545,668,44.93,45,51,46.88,8.26,92.37,1998,2237,47.18,968,1145,45.81,41,51,44.57,4.24,95.55,9.18,90.4,0.996,20152016,ARI,2.0
,Boston Bruins,82,,42,31,9,38,93,0.567,4692,4712,49.89,3556,3528,50.2,2620,2492,51.25,236,228,50.86,208.8,213.41,49.45,2043,2099,49.32,1292,1261,50.61,190,178,51.63,14.71,85.88,760,796,48.84,596,611,49.38,137,125,52.29,22.99,79.54,1283,1303,49.61,696,650,51.71,53,53,50.0,7.61,91.85,2284,2276,50.09,1212,1124,51.88,40,41,49.38,3.3,96.35,9.01,90.85,0.999,20152016,BOS,3.0
,Buffalo Sabres,82,,35,36,11,33,81,0.494,4325,4602,48.45,3284,3507,48.36,2418,2513,49.04,199,215,48.07,197.47,211.7,48.26,1874,1974,48.7,1124,1191,48.55,153,172,47.08,13.61,85.56,801,824,49.29,585,609,48.99,106,125,45.89,18.12,79.47,1073,1150,48.27,539,582,48.08,47,47,50.0,8.72,91.92,2102,2262,48.17,1194,1247,48.91,39,39,50.0,3.27,96.87,8.23,91.44,0.997,20152016,BUF,4.0
,Carolina Hurricanes,82,,35,31,16,33,86,0.524,4680,4229,52.53,3481,3249,51.72,2451,2262,52.01,196,221,47.0,229.41,216.01,51.5,2099,2044,50.66,1244,1208,50.73,154,183,45.7,12.38,84.85,899,914,49.59,664,635,51.12,104,123,45.81,15.66,80.63,1200,1130,51.5,580,573,50.3,50,60,45.45,8.62,89.53,2228,1885,54.17,1144,987,53.68,40,33,54.79,3.5,96.66,8.0,90.23,0.982,20152016,CAR,5.0
,Columbus Blue Jackets,82,,34,40,8,28,76,0.463,4358,4800,47.59,3259,3540,47.93,2387,2550,48.35,213,248,46.2,242.36,245.14,49.72,2142,2167,49.71,1327,1323,50.08,178,193,47.98,13.41,85.41,1031,915,52.98,784,698,52.9,136,133,50.56,17.35,80.95,1111,1252,47.02,543,625,46.49,42,60,41.18,7.73,90.4,1872,2237,45.56,1010,1136,47.06,27,44,38.03,2.67,96.13,8.92,90.27,0.992,20152016,CBJ,6.0
,Calgary Flames,82,,35,40,7,33,77,0.47,4532,4703,49.07,3294,3383,49.33,2398,2377,50.22,229,257,47.12,212.17,224.84,48.55,2183,2183,50.0,1347,1302,50.85,193,217,47.07,14.33,83.33,859,914,48.45,658,696,48.6,122,149,45.02,18.54,78.59,1324,1269,51.06,689,606,53.2,71,68,51.08,10.3,88.78,2011,2117,48.72,1012,987,50.63,35,37,48.61,3.46,96.25,9.55,89.19,0.987,20152016,CGY,7.0
,Chicago Blackhawks,82,,47,26,9,46,103,0.628,4593,4533,50.33,3348,3400,49.61,2499,2528,49.71,234,207,53.06,219.38,221.31,49.78,2040,2053,49.84,1271,1321,49.04,187,163,53.43,14.71,87.66,822,906,47.57,642,710,47.49,118,111,51.53,18.38,84.37,1218,1147,51.5,629,611,50.73,69,52,57.02,10.97,91.49,2159,2156,50.03,1150,1138,50.26,42,37,53.16,3.65,96.75,9.36,91.81,1.012,20152016,CHI,8.0
,Colorado Avalanche,82,,39,39,4,35,82,0.5,4189,5105,45.07,3169,3704,46.11,2349,2650,46.99,212,240,46.9,192.41,244.08,44.08,1775,2314,43.41,1123,1406,44.4,163,182,47.25,14.51,87.06,734,968,43.13,565,724,43.83,117,121,49.16,20.71,83.29,1041,1346,43.61,558,682,45.0,46,61,42.99,8.24,91.06,1980,2295,46.32,1110,1138,49.38,44,48,47.83,3.96,95.78,9.03,90.94,1.0,20152016,COL,9.0
,Dallas Stars,82,,50,23,9,48,109,0.665,5090,4662,52.19,3747,3438,52.15,2626,2372,52.54,265,228,53.75,250.19,222.83,52.89,2495,2215,52.97,1462,1278,53.36,203,183,52.59,13.89,85.68,1008,958,51.27,715,685,51.07,145,135,51.79,20.28,80.29,1487,1257,54.19,747,593,55.75,58,48,54.72,7.76,91.91,2137,2003,51.62,1065,996,51.67,40,43,48.19,3.76,95.68,10.09,90.39,1.005,20152016,DAL,10.0
,Detroit Red Wings,82,,41,30,11,39,93,0.567,4459,4240,51.26,3371,3331,50.3,2433,2439,49.94,209,219,48.83,219.38,214.44,50.57,2178,2005,52.07,1324,1276,50.92,161,170,48.64,12.16,86.68,874,866,50.23,663,670,49.74,104,117,47.06,15.69,82.54,1304,1139,53.38,661,606,52.17,57,53,51.82,8.62,91.25,1957,1944,50.17,1016,1068,48.75,41,42,49.4,4.04,96.07,8.59,91.02,0.996,20152016,DET,11.0
,Edmonton Oilers,82,,31,43,8,27,70,0.427,4513,4782,48.55,3283,3549,48.05,2387,2549,48.36,199,242,45.12,211.17,232.86,47.56,2109,2259,48.28,1323,1392,48.73,170,192,46.96,12.85,86.21,856,924,48.09,659,676,49.36,116,126,47.93,17.6,81.36,1253,1335,48.42,664,716,48.12,54,66,45.0,8.13,90.78,2012,2132,48.55,989,1092,47.53,28,43,39.44,2.83,96.06,8.34,90.51,0.988,20152016,EDM,12.0
,Florida Panthers,82,,47,26,9,40,103,0.628,4104,4257,49.09,3216,3315,49.24,2360,2419,49.38,232,200,53.7,212.21,206.25,50.71,1941,1913,50.36,1286,1250,50.71,189,160,54.15,14.7,87.2,792,791,50.03,616,618,49.92,115,102,53.0,18.67,83.5,1149,1122,50.59,670,632,51.46,74,58,56.06,11.04,90.82,1894,2014,48.46,1004,1082,48.13,37,33,52.86,3.69,96.95,9.83,91.73,1.016,20152016,FLA,13.0
,Los Angeles Kings,82,,48,28,6,46,102,0.622,5133,4201,54.99,3847,3174,54.79,2625,2255,53.79,223,192,53.73,228.86,208.03,52.38,2314,1994,53.71,1327,1192,52.68,168,144,53.85,12.66,87.92,931,800,53.78,642,591,52.07,116,94,55.24,18.07,84.09,1383,1194,53.67,685,601,53.27,52,50,50.98,7.59,91.68,2375,1885,55.75,1205,978,55.2,52,40,56.52,4.32,95.91,8.5,91.49,1.0,20152016,LAK,14.0
,Minnesota Wild,82,,38,33,11,35,87,0.53,4379,4560,48.99,3277,3351,49.44,2375,2347,50.3,213,204,51.08,205.99,195.79,51.27,1965,1972,49.91,1191,1192,49.98,169,154,52.32,14.19,87.08,843,814,50.88,635,612,50.92,116,104,52.73,18.27,83.01,1122,1158,49.21,556,580,48.94,53,50,51.46,9.53,91.38,2033,2141,48.71,1128,1069,51.34,36,42,46.15,3.19,96.07,8.97,91.31,1.003,20152016,MIN,15.0
,Montreal Canadiens,82,,38,38,6,33,82,0.5,4713,4449,51.44,3433,3305,50.95,2505,2408,50.99,216,233,48.11,223.45,216.66,50.77,2037,2065,49.66,1222,1234,49.76,178,197,47.47,14.57,84.04,893,864,50.83,653,640,50.5,108,140,43.55,16.54,78.13,1144,1201,48.78,569,594,48.93,70,57,55.12,12.3,90.4,2231,1994,52.8,1180,1061,52.66,35,30,53.85,2.97,97.17,8.62,90.32,0.989,20152016,MTL,16.0
,New Jersey Devils,82,,38,36,8,36,84,0.512,3595,4236,45.91,2782,3182,46.65,2004,2349,46.04,182,202,47.4,183.24,211.7,46.4,1667,1916,46.53,1047,1215,46.29,147,154,48.84,14.04,87.33,691,799,46.38,530,615,46.29,106,97,52.22,20.0,84.23,976,1117,46.63,517,600,46.28,41,57,41.84,7.93,90.5,1702,1987,46.14,911,1063,46.15,29,42,40.85,3.18,96.05,9.08,91.4,1.005,20152016,NJD,17.0
,Nashville Predators,82,,41,27,14,37,96,0.585,4619,4271,51.96,3469,3039,53.3,2507,2243,52.78,224,213,51.26,210.74,180.88,53.81,2053,1780,53.56,1278,1093,53.9,164,168,49.4,12.83,84.63,785,664,54.18,602,502,54.53,108,116,48.21,17.94,76.89,1268,1116,53.19,676,591,53.35,56,52,51.85,8.28,91.2,2162,1987,52.11,1161,1038,52.8,51,38,57.3,4.39,96.34,8.93,90.5,0.994,20152016,NSH,18.0
,New York Islanders,82,,45,27,10,40,100,0.61,4604,4730,49.33,3354,3408,49.6,2412,2496,49.14,227,211,51.83,221.19,225.46,49.52,2273,2392,48.72,1376,1466,48.42,173,169,50.58,12.57,88.47,945,958,49.66,734,765,48.97,128,113,53.11,17.44,85.23,1328,1434,48.08,642,701,47.8,45,56,44.55,7.01,92.01,1914,1959,49.42,904,939,49.05,45,33,57.69,4.98,96.49,9.41,91.55,1.01,20152016,NYI,19.0
,New York Rangers,82,,46,27,9,43,101,0.616,4366,4818,47.54,3273,3504,48.3,2337,2494,48.38,233,215,52.01,219.26,237.81,47.97,2086,2375,46.76,1238,1351,47.82,178,182,49.44,14.38,86.53,906,1036,46.65,665,751,46.96,125,133,48.45,18.8,82.29,1180,1339,46.84,573,600,48.85,53,49,51.96,9.25,91.83,1944,2102,48.05,997,1068,48.28,47,23,67.14,4.71,97.85,9.97,91.38,1.013,20152016,NYR,20.0
,Ottawa Senators,82,,38,35,9,32,85,0.518,4475,4869,47.89,3252,3673,46.96,2325,2688,46.38,230,241,48.83,202.35,232.81,46.5,2016,2318,46.52,1144,1378,45.36,168,196,46.15,14.69,85.78,817,920,47.04,592,679,46.58,113,119,48.71,19.09,82.47,1199,1398,46.17,552,699,44.12,55,77,41.67,9.96,88.98,2086,2215,48.5,1090,1231,46.96,52,39,57.14,4.77,96.83,9.89,91.03,1.009,20152016,OTT,21.0
,Philadelphia Flyers,82,,41,27,14,38,96,0.585,4903,4716,50.97,3555,3407,51.06,2542,2519,50.23,211,210,50.12,225.42,224.61,50.09,2063,2113,49.4,1200,1284,48.31,169,169,50.0,14.08,86.84,870,845,50.73,630,643,49.49,119,122,49.38,18.89,81.03,1193,1268,48.48,570,641,47.07,50,47,51.55,8.77,92.67,2339,2169,51.89,1203,1129,51.59,35,36,49.3,2.91,96.81,8.3,91.66,1.0,20152016,PHI,22.0
,Pittsburgh Penguins,82,,48,26,8,44,104,0.634,4831,4389,52.4,3638,3298,52.45,2722,2436,52.77,241,199,54.77,244.82,201.13,54.9,2400,1977,54.83,1554,1259,55.24,203,164,55.31,13.06,86.97,976,814,54.53,776,637,54.92,130,118,52.42,16.75,81.48,1424,1163,55.04,778,622,55.57,73,46,61.34,9.38,92.6,2089,2071,50.22,1081,1085,49.91,34,33,50.75,3.15,96.96,8.85,91.83,1.007,20152016,PIT,23.0
,San Jose Sharks,82,,46,30,6,42,98,0.598,4722,4407,51.73,3506,3115,52.95,2491,2245,52.6,237,207,53.38,243.11,202.61,54.54,2276,1889,54.65,1361,1182,53.52,182,162,52.91,13.37,86.29,1030,778,56.97,748,592,55.82,125,100,55.56,16.71,83.11,1246,1111,52.86,613,590,50.96,57,62,47.9,9.3,89.49,2066,2072,49.93,1061,981,51.96,45,38,54.22,4.24,96.13,9.51,90.78,1.003,20152016,SJS,24.0
,St Louis Blues,82,,49,24,9,44,107,0.652,4495,4457,50.21,3392,3330,50.46,2474,2441,50.34,219,197,52.64,210.71,219.78,48.95,2161,2171,49.88,1366,1349,50.31,168,151,52.66,12.3,88.81,812,879,48.02,638,675,48.59,112,108,50.91,17.55,84.0,1349,1292,51.08,728,674,51.93,56,43,56.57,7.69,93.62,2030,1973,50.71,1018,1027,49.78,45,41,52.33,4.42,96.01,8.85,91.93,1.008,20152016,STL,25.0
,Tampa Bay Lightning,82,,46,31,5,43,97,0.591,4551,4349,51.13,3397,3322,50.56,2403,2367,50.38,224,198,53.08,202.25,198.41,50.48,2067,1944,51.53,1276,1205,51.43,180,149,54.71,14.11,87.63,814,764,51.58,596,578,50.77,108,97,52.68,18.12,83.22,1253,1180,51.5,680,627,52.03,72,52,58.06,10.59,91.71,2211,2102,51.26,1055,1075,49.53,37,38,49.33,3.51,96.47,9.32,91.63,1.01,20152016,TBL,26.0
,Toronto Maple Leafs,82,,29,42,11,23,69,0.421,5036,4558,52.49,3703,3523,51.25,2515,2503,50.12,192,240,44.44,238.93,214.95,52.64,2310,2043,53.07,1346,1269,51.47,159,182,46.63,11.81,85.66,899,774,53.74,667,558,54.45,104,101,50.73,15.59,81.9,1411,1269,52.65,679,711,48.85,55,81,40.44,8.1,88.61,2382,2234,51.6,1087,1160,48.38,28,53,34.57,2.58,95.43,7.63,90.41,0.98,20152016,TOR,27.0
,Vancouver Canucks,82,,31,38,13,26,75,0.457,4218,4665,47.48,3169,3607,46.77,2311,2668,46.41,186,239,43.76,191.8,240.11,44.41,2028,2491,44.88,1244,1565,44.29,144,197,42.23,11.58,87.41,821,1006,44.94,627,736,46.0,100,119,45.66,15.95,83.83,1207,1485,44.84,617,829,42.67,44,78,36.07,7.13,90.59,1865,1870,49.93,990,1022,49.2,36,37,49.32,3.64,96.38,8.05,91.04,0.991,20152016,VAN,28.0
,Winnipeg Jets,82,,35,39,8,32,78,0.476,4558,4464,50.52,3366,3331,50.26,2429,2423,50.06,212,236,47.32,216.93,228.23,48.73,2137,2130,50.08,1299,1325,49.5,174,187,48.2,13.39,85.89,870,930,48.33,641,692,48.09,110,135,44.9,17.16,80.49,1267,1200,51.36,658,633,50.97,64,52,55.17,9.73,91.79,2036,1958,50.98,1054,1020,50.82,32,44,42.11,3.04,95.69,8.73,90.26,0.99,20152016,WPG,29.0
,Washington Capitals,82,,56,18,8,52,120,0.732,4702,4592,50.59,3496,3326,51.25,2510,2333,51.83,248,191,56.49,225.46,208.04,52.01,2244,2128,51.33,1390,1220,53.26,207,159,56.56,14.89,86.97,857,850,50.21,636,634,50.08,136,107,55.97,21.38,83.12,1387,1278,52.05,754,586,56.27,71,52,57.72,9.42,91.13,2116,2095,50.25,1006,1011,49.88,36,28,56.25,3.58,97.23,9.88,91.81,1.017,20152016,WSH,30.0
